"ID","split"
1,"train"
2,"train"
3,"train"
4,"train"
5,"train"
6,"validation"
7,"validation"
8,"train"
9,"train"
10,"train"
11,"train"
12,"train"
13,"train"
14,"train"
15,"test"
16,"validation"
17,"train"
18,"train"
19,"test"
20,"test"
21,"test"
22,"train"
23,"train"
24,"train"
25,"train"
26,"train"
27,"train"
28,"test"
29,"train"
30,"validation"
31,"train"
32,"validation"
33,"train"
34,"train"
35,"validation"
36,"train"
37,"train"
38,"test"
39,"validation"
40,"train"
41,"train"
42,"test"
43,"train"
44,"train"
45,"train"
46,"validation"
47,"test"
48,"train"
49,"train"
50,"validation"
51,"train"
52,"test"
53,"train"
54,"train"
55,"validation"
56,"train"
57,"train"
58,"train"
59,"train"
60,"train"
61,"train"
62,"test"
63,"train"
64,"train"
65,"test"
66,"train"
67,"test"
68,"train"
69,"train"
70,"test"
71,"test"
72,"train"
73,"test"
74,"validation"
75,"train"
76,"validation"
77,"train"
78,"test"
79,"validation"
80,"train"
81,"train"
82,"test"
83,"train"
84,"train"
85,"train"
86,"train"
87,"train"
88,"test"
89,"train"
90,"validation"
91,"train"
92,"train"
93,"train"
94,"train"
95,"train"
96,"train"
97,"train"
98,"validation"
99,"test"
100,"test"
101,"train"
102,"train"
103,"train"
104,"test"
105,"validation"
106,"validation"
107,"train"
108,"test"
109,"train"
110,"train"
111,"train"
112,"validation"
113,"validation"
114,"train"
115,"validation"
116,"train"
117,"train"
118,"train"
119,"test"
120,"validation"
121,"train"
122,"train"
123,"train"
124,"validation"
125,"train"
126,"test"
127,"train"
128,"train"
129,"train"
130,"validation"
131,"train"
132,"train"
133,"train"
134,"validation"
135,"train"
136,"train"
137,"train"
138,"train"
139,"train"
140,"train"
141,"train"
142,"train"
143,"train"
144,"train"
145,"validation"
146,"train"
147,"train"
148,"train"
149,"test"
150,"test"
151,"train"
152,"validation"
153,"train"
154,"train"
155,"train"
156,"validation"
157,"test"
158,"train"
159,"train"
160,"train"
161,"train"
162,"train"
163,"train"
164,"validation"
165,"train"
166,"train"
167,"train"
168,"train"
169,"train"
170,"train"
171,"train"
172,"train"
173,"test"
174,"train"
175,"train"
176,"train"
177,"train"
178,"train"
179,"test"
180,"train"
181,"validation"
182,"validation"
183,"test"
184,"validation"
185,"train"
186,"train"
187,"train"
188,"test"
189,"test"
190,"train"
191,"train"
192,"train"
193,"train"
194,"train"
195,"validation"
196,"train"
197,"train"
198,"validation"
199,"test"
200,"train"
201,"validation"
202,"train"
203,"validation"
204,"train"
205,"train"
206,"test"
207,"validation"
208,"train"
209,"train"
210,"validation"
211,"validation"
212,"train"
213,"train"
214,"train"
215,"test"
216,"validation"
217,"train"
218,"test"
219,"train"
220,"test"
221,"train"
222,"test"
223,"test"
224,"validation"
225,"train"
226,"test"
227,"train"
228,"validation"
229,"train"
230,"train"
231,"validation"
232,"train"
233,"validation"
234,"validation"
235,"train"
236,"validation"
237,"test"
238,"test"
239,"validation"
240,"train"
241,"train"
242,"train"
243,"train"
244,"validation"
245,"train"
246,"train"
247,"train"
248,"train"
249,"train"
250,"train"
251,"train"
252,"train"
253,"train"
254,"train"
255,"test"
256,"train"
257,"train"
258,"test"
259,"train"
260,"train"
261,"train"
262,"validation"
263,"train"
264,"validation"
265,"train"
266,"test"
267,"train"
268,"train"
269,"train"
270,"validation"
271,"train"
272,"test"
273,"train"
274,"validation"
275,"train"
276,"test"
277,"test"
278,"train"
279,"train"
280,"test"
281,"train"
282,"train"
283,"train"
284,"test"
285,"test"
286,"train"
287,"train"
288,"train"
289,"test"
290,"validation"
291,"train"
292,"validation"
293,"train"
294,"train"
295,"test"
296,"validation"
297,"train"
298,"test"
299,"train"
300,"train"
301,"train"
302,"test"
303,"train"
304,"train"
305,"train"
306,"validation"
307,"train"
308,"train"
309,"validation"
310,"train"
311,"validation"
312,"train"
313,"train"
314,"test"
315,"validation"
316,"validation"
317,"validation"
318,"test"
319,"validation"
320,"validation"
321,"test"
322,"train"
323,"train"
324,"train"
325,"validation"
326,"test"
327,"train"
328,"train"
329,"train"
330,"test"
331,"validation"
332,"train"
333,"train"
334,"train"
335,"test"
336,"validation"
337,"train"
338,"test"
339,"train"
340,"train"
341,"test"
342,"test"
343,"train"
344,"validation"
345,"validation"
346,"train"
347,"test"
348,"train"
349,"test"
350,"test"
351,"test"
352,"train"
353,"test"
354,"train"
355,"train"
356,"train"
357,"train"
358,"test"
359,"test"
360,"validation"
361,"test"
362,"train"
363,"train"
364,"train"
365,"validation"
366,"train"
367,"test"
368,"train"
369,"train"
370,"validation"
371,"validation"
372,"train"
373,"train"
374,"train"
375,"validation"
376,"train"
377,"test"
378,"validation"
379,"validation"
380,"train"
381,"validation"
382,"test"
383,"train"
384,"train"
385,"validation"
386,"test"
387,"test"
388,"train"
389,"test"
390,"train"
391,"validation"
392,"test"
393,"train"
394,"validation"
395,"train"
396,"train"
397,"train"
398,"validation"
399,"test"
400,"train"
401,"train"
402,"validation"
403,"test"
404,"train"
405,"train"
406,"train"
407,"train"
408,"train"
409,"train"
410,"test"
411,"train"
412,"train"
413,"train"
414,"test"
415,"test"
416,"train"
417,"test"
418,"test"
419,"train"
420,"train"
421,"validation"
422,"train"
423,"train"
424,"train"
425,"test"
426,"train"
427,"validation"
428,"train"
429,"train"
430,"train"
431,"train"
432,"validation"
433,"train"
434,"train"
435,"train"
436,"train"
437,"train"
438,"train"
439,"test"
440,"test"
441,"train"
442,"train"
443,"train"
444,"train"
445,"train"
446,"train"
447,"test"
448,"train"
449,"train"
450,"validation"
451,"train"
452,"validation"
453,"test"
454,"validation"
455,"train"
456,"test"
457,"train"
458,"test"
459,"train"
460,"train"
461,"train"
462,"validation"
463,"train"
464,"train"
465,"validation"
466,"train"
467,"validation"
468,"validation"
469,"train"
470,"train"
471,"test"
472,"train"
473,"train"
474,"validation"
475,"train"
476,"train"
477,"train"
478,"train"
479,"train"
480,"train"
481,"train"
482,"validation"
483,"test"
484,"test"
485,"validation"
486,"train"
487,"train"
488,"test"
489,"test"
490,"validation"
491,"train"
492,"train"
493,"train"
494,"train"
495,"train"
496,"train"
497,"validation"
498,"train"
499,"train"
500,"test"
501,"test"
502,"train"
503,"train"
504,"train"
505,"train"
506,"train"
507,"train"
508,"validation"
509,"test"
510,"train"
511,"train"
512,"train"
513,"test"
514,"test"
515,"validation"
516,"train"
517,"train"
518,"test"
519,"train"
520,"test"
521,"test"
522,"test"
523,"validation"
524,"validation"
525,"test"
526,"validation"
527,"train"
528,"train"
529,"validation"
530,"train"
531,"train"
532,"train"
533,"train"
534,"train"
535,"validation"
536,"train"
537,"test"
538,"train"
539,"train"
540,"train"
541,"test"
542,"train"
543,"train"
544,"train"
545,"validation"
546,"test"
547,"train"
548,"train"
549,"train"
550,"train"
551,"test"
552,"train"
553,"test"
554,"train"
555,"train"
556,"test"
557,"train"
558,"train"
559,"train"
560,"train"
561,"train"
562,"train"
563,"test"
564,"train"
565,"train"
566,"test"
567,"train"
568,"validation"
569,"validation"
570,"train"
571,"train"
572,"train"
573,"test"
574,"validation"
575,"train"
576,"validation"
577,"train"
578,"train"
579,"train"
580,"train"
581,"validation"
582,"train"
583,"test"
584,"test"
585,"validation"
586,"train"
587,"train"
588,"test"
589,"train"
590,"test"
591,"train"
592,"train"
593,"validation"
594,"validation"
595,"train"
596,"train"
597,"train"
598,"validation"
599,"train"
600,"validation"
601,"train"
602,"validation"
603,"train"
604,"train"
605,"train"
606,"train"
607,"train"
608,"train"
609,"test"
610,"train"
611,"train"
612,"train"
613,"validation"
614,"test"
615,"validation"
616,"train"
617,"train"
618,"validation"
619,"train"
620,"test"
621,"train"
622,"train"
623,"train"
624,"test"
625,"train"
626,"train"
627,"test"
628,"test"
629,"train"
630,"train"
631,"train"
632,"validation"
633,"train"
634,"train"
635,"train"
636,"train"
637,"train"
638,"train"
639,"train"
640,"train"
641,"test"
642,"train"
643,"train"
644,"train"
645,"train"
646,"train"
647,"train"
648,"train"
649,"test"
650,"train"
651,"train"
652,"test"
653,"train"
654,"train"
655,"test"
656,"train"
657,"test"
658,"train"
659,"train"
660,"validation"
661,"test"
662,"train"
663,"train"
664,"train"
665,"test"
666,"train"
667,"train"
668,"train"
669,"train"
670,"test"
671,"train"
672,"train"
673,"train"
674,"train"
675,"validation"
676,"validation"
677,"train"
678,"train"
679,"train"
680,"validation"
681,"test"
682,"train"
683,"train"
684,"test"
685,"train"
686,"test"
687,"train"
688,"test"
689,"train"
690,"train"
691,"train"
692,"validation"
693,"train"
694,"train"
695,"train"
696,"train"
697,"train"
698,"train"
699,"validation"
700,"train"
701,"train"
702,"train"
703,"train"
704,"train"
705,"test"
706,"train"
707,"train"
708,"train"
709,"validation"
710,"validation"
711,"train"
712,"train"
713,"train"
714,"train"
715,"train"
716,"train"
717,"train"
718,"validation"
719,"test"
720,"validation"
721,"train"
722,"validation"
723,"validation"
724,"test"
725,"test"
726,"train"
727,"train"
728,"validation"
729,"validation"
730,"validation"
731,"train"
732,"test"
733,"test"
734,"test"
735,"train"
736,"test"
737,"train"
738,"test"
739,"validation"
740,"train"
741,"validation"
742,"train"
743,"validation"
744,"train"
745,"train"
746,"validation"
747,"train"
748,"test"
749,"validation"
750,"train"
751,"train"
752,"train"
753,"validation"
754,"train"
755,"train"
756,"validation"
757,"test"
758,"test"
759,"validation"
760,"train"
761,"train"
762,"train"
763,"train"
764,"validation"
765,"train"
766,"train"
767,"test"
768,"test"
769,"test"
770,"validation"
771,"train"
772,"train"
773,"train"
774,"train"
775,"test"
776,"train"
777,"train"
778,"test"
779,"validation"
780,"validation"
781,"train"
782,"train"
783,"train"
784,"validation"
785,"train"
786,"train"
787,"train"
788,"validation"
789,"train"
790,"test"
791,"train"
792,"train"
793,"train"
794,"validation"
795,"train"
796,"train"
797,"validation"
798,"train"
799,"train"
800,"validation"
801,"test"
802,"train"
803,"validation"
804,"train"
805,"train"
806,"train"
807,"validation"
808,"validation"
809,"train"
810,"test"
811,"test"
812,"train"
813,"validation"
814,"validation"
815,"validation"
816,"train"
817,"validation"
818,"validation"
819,"validation"
820,"train"
821,"train"
822,"test"
823,"train"
824,"test"
825,"train"
826,"train"
827,"train"
828,"train"
829,"validation"
830,"train"
831,"train"
832,"train"
833,"train"
834,"validation"
835,"train"
836,"train"
837,"validation"
838,"test"
839,"train"
840,"test"
841,"train"
842,"test"
843,"validation"
844,"train"
845,"train"
846,"train"
847,"test"
848,"train"
849,"validation"
850,"test"
851,"test"
852,"train"
853,"train"
854,"train"
855,"train"
856,"test"
857,"train"
858,"validation"
859,"train"
860,"train"
861,"train"
862,"train"
863,"validation"
864,"train"
865,"test"
866,"train"
867,"validation"
868,"train"
869,"train"
870,"train"
871,"train"
872,"validation"
873,"test"
874,"test"
875,"train"
876,"test"
877,"train"
878,"train"
879,"train"
880,"train"
881,"validation"
882,"test"
883,"validation"
884,"train"
885,"validation"
886,"train"
887,"train"
888,"test"
889,"test"
890,"train"
891,"train"
892,"test"
893,"train"
894,"validation"
895,"validation"
896,"validation"
897,"train"
898,"validation"
899,"train"
900,"validation"
901,"test"
902,"validation"
903,"train"
904,"train"
905,"train"
906,"train"
907,"test"
908,"train"
909,"train"
910,"train"
911,"train"
912,"validation"
913,"train"
914,"test"
915,"validation"
916,"train"
917,"validation"
918,"train"
919,"train"
920,"test"
921,"train"
922,"test"
923,"train"
924,"train"
925,"test"
926,"train"
927,"train"
928,"test"
929,"train"
930,"train"
931,"test"
932,"validation"
933,"train"
934,"train"
935,"train"
936,"train"
937,"test"
938,"train"
939,"test"
940,"train"
941,"train"
942,"validation"
943,"train"
944,"train"
945,"train"
946,"train"
947,"test"
948,"validation"
949,"train"
950,"validation"
951,"test"
952,"train"
953,"validation"
954,"test"
955,"train"
956,"train"
957,"train"
958,"test"
959,"train"
960,"validation"
961,"test"
962,"train"
963,"train"
964,"train"
965,"validation"
966,"train"
967,"validation"
968,"train"
969,"train"
970,"train"
971,"train"
972,"validation"
973,"validation"
974,"train"
975,"test"
976,"train"
977,"validation"
978,"train"
979,"test"
980,"train"
981,"test"
982,"test"
983,"test"
984,"test"
985,"test"
986,"test"
987,"train"
988,"train"
989,"validation"
990,"test"
991,"train"
992,"validation"
993,"train"
994,"train"
995,"train"
996,"test"
997,"train"
998,"train"
999,"train"
1000,"validation"
1001,"test"
1002,"train"
1003,"train"
1004,"validation"
1005,"train"
1006,"train"
1007,"validation"
1008,"test"
1009,"train"
1010,"validation"
1011,"train"
1012,"validation"
1013,"train"
1014,"validation"
1015,"test"
1016,"train"
1017,"train"
1018,"validation"
1019,"validation"
1020,"train"
1021,"test"
1022,"train"
1023,"validation"
1024,"train"
1025,"test"
1026,"train"
1027,"train"
1028,"validation"
1029,"test"
1030,"train"
1031,"train"
1032,"validation"
1033,"train"
1034,"test"
1035,"train"
1036,"validation"
1037,"train"
1038,"validation"
1039,"test"
1040,"train"
1041,"test"
1042,"train"
1043,"test"
1044,"validation"
1045,"train"
1046,"validation"
1047,"train"
1048,"train"
1049,"train"
1050,"validation"
1051,"train"
1052,"train"
1053,"train"
1054,"validation"
1055,"validation"
1056,"train"
1057,"train"
1058,"train"
1059,"train"
1060,"train"
1061,"train"
1062,"validation"
1063,"train"
1064,"test"
1065,"train"
1066,"train"
1067,"validation"
1068,"test"
1069,"train"
1070,"validation"
1071,"validation"
1072,"train"
1073,"test"
1074,"train"
1075,"train"
1076,"train"
1077,"train"
1078,"train"
1079,"train"
1080,"validation"
1081,"train"
1082,"validation"
1083,"test"
1084,"test"
1085,"train"
1086,"validation"
1087,"train"
1088,"train"
1089,"validation"
1090,"train"
1091,"validation"
1092,"train"
1093,"validation"
1094,"test"
1095,"train"
1096,"validation"
1097,"train"
1098,"train"
1099,"validation"
1100,"train"
1101,"test"
1102,"train"
1103,"validation"
1104,"train"
1105,"validation"
1106,"train"
1107,"test"
1108,"test"
1109,"train"
1110,"train"
1111,"train"
1112,"train"
1113,"train"
1114,"test"
1115,"train"
1116,"train"
1117,"train"
1118,"train"
1119,"train"
1120,"train"
1121,"test"
1122,"train"
1123,"test"
1124,"train"
1125,"train"
1126,"train"
1127,"train"
1128,"train"
1129,"train"
1130,"validation"
1131,"train"
1132,"train"
1133,"validation"
1134,"train"
1135,"validation"
1136,"train"
1137,"train"
1138,"train"
1139,"train"
1140,"train"
1141,"train"
1142,"train"
1143,"test"
1144,"train"
1145,"validation"
1146,"train"
1147,"train"
1148,"train"
1149,"train"
1150,"train"
1151,"test"
1152,"test"
1153,"train"
1154,"train"
1155,"validation"
1156,"validation"
1157,"validation"
1158,"train"
1159,"test"
1160,"train"
1161,"train"
1162,"train"
1163,"test"
1164,"train"
1165,"train"
1166,"train"
1167,"train"
1168,"validation"
1169,"train"
1170,"train"
1171,"train"
1172,"train"
1173,"train"
1174,"test"
1175,"test"
1176,"train"
1177,"train"
1178,"train"
1179,"train"
1180,"test"
1181,"validation"
1182,"train"
1183,"validation"
1184,"train"
1185,"train"
1186,"validation"
1187,"validation"
1188,"train"
1189,"train"
1190,"validation"
1191,"test"
1192,"validation"
1193,"train"
1194,"train"
1195,"train"
1196,"validation"
1197,"train"
1198,"validation"
1199,"train"
1200,"validation"
1201,"validation"
1202,"validation"
1203,"train"
1204,"train"
1205,"test"
1206,"validation"
1207,"validation"
1208,"test"
1209,"train"
1210,"train"
1211,"validation"
1212,"test"
1213,"train"
1214,"test"
1215,"test"
1216,"train"
1217,"test"
1218,"test"
1219,"validation"
1220,"test"
1221,"train"
1222,"validation"
1223,"train"
1224,"validation"
1225,"train"
1226,"train"
1227,"train"
1228,"validation"
1229,"validation"
1230,"train"
1231,"train"
1232,"train"
1233,"train"
1234,"train"
1235,"train"
1236,"train"
1237,"test"
1238,"train"
1239,"train"
1240,"train"
1241,"test"
1242,"train"
1243,"train"
1244,"train"
1245,"train"
1246,"test"
1247,"test"
1248,"train"
1249,"train"
1250,"train"
1251,"test"
1252,"validation"
1253,"validation"
1254,"train"
1255,"test"
1256,"validation"
1257,"test"
1258,"validation"
1259,"train"
1260,"train"
1261,"train"
1262,"test"
1263,"train"
1264,"train"
1265,"train"
1266,"train"
1267,"train"
1268,"train"
1269,"validation"
1270,"test"
1271,"test"
1272,"train"
1273,"test"
1274,"train"
1275,"train"
1276,"train"
1277,"train"
1278,"train"
1279,"train"
1280,"validation"
1281,"train"
1282,"validation"
1283,"train"
1284,"train"
1285,"train"
1286,"train"
1287,"test"
1288,"train"
1289,"test"
1290,"train"
1291,"train"
1292,"train"
1293,"train"
1294,"validation"
1295,"train"
1296,"test"
1297,"validation"
1298,"train"
1299,"train"
1300,"train"
1301,"train"
1302,"test"
1303,"train"
1304,"train"
1305,"train"
1306,"train"
1307,"test"
1308,"train"
1309,"train"
1310,"validation"
1311,"train"
1312,"test"
1313,"train"
1314,"validation"
1315,"validation"
1316,"train"
1317,"train"
1318,"train"
1319,"train"
1320,"train"
1321,"test"
1322,"train"
1323,"train"
1324,"train"
1325,"validation"
1326,"train"
1327,"train"
1328,"validation"
1329,"test"
1330,"test"
1331,"validation"
1332,"test"
1333,"validation"
1334,"test"
1335,"train"
1336,"test"
1337,"train"
1338,"train"
1339,"validation"
1340,"train"
1341,"test"
1342,"train"
1343,"validation"
1344,"test"
1345,"train"
1346,"train"
1347,"train"
1348,"validation"
1349,"train"
1350,"validation"
1351,"train"
1352,"validation"
1353,"test"
1354,"train"
1355,"test"
1356,"train"
1357,"validation"
1358,"test"
1359,"train"
1360,"train"
1361,"train"
1362,"validation"
1363,"train"
1364,"train"
1365,"test"
1366,"train"
1367,"train"
1368,"validation"
1369,"test"
1370,"validation"
1371,"train"
1372,"validation"
1373,"train"
1374,"train"
1375,"train"
1376,"train"
1377,"train"
1378,"validation"
1379,"train"
1380,"train"
1381,"train"
1382,"train"
1383,"train"
1384,"train"
1385,"train"
1386,"test"
1387,"train"
1388,"test"
1389,"test"
1390,"train"
1391,"train"
1392,"train"
1393,"train"
1394,"test"
1395,"train"
1396,"test"
1397,"train"
1398,"test"
1399,"train"
1400,"validation"
1401,"train"
1402,"train"
1403,"train"
1404,"train"
1405,"train"
1406,"validation"
1407,"train"
1408,"train"
1409,"validation"
1410,"test"
1411,"validation"
1412,"train"
1413,"validation"
1414,"train"
1415,"train"
1416,"train"
1417,"validation"
1418,"test"
1419,"train"
1420,"train"
1421,"test"
1422,"train"
1423,"validation"
1424,"validation"
1425,"validation"
1426,"validation"
1427,"train"
1428,"validation"
1429,"train"
1430,"train"
1431,"train"
1432,"train"
1433,"validation"
1434,"train"
1435,"train"
1436,"validation"
1437,"test"
1438,"train"
1439,"train"
1440,"train"
1441,"train"
1442,"train"
1443,"train"
1444,"train"
1445,"train"
1446,"train"
1447,"test"
1448,"train"
1449,"train"
1450,"test"
1451,"validation"
1452,"validation"
1453,"train"
1454,"test"
1455,"validation"
1456,"validation"
1457,"validation"
1458,"validation"
1459,"validation"
1460,"train"
1461,"validation"
1462,"validation"
1463,"train"
1464,"train"
1465,"validation"
1466,"train"
1467,"train"
1468,"train"
1469,"train"
1470,"train"
1471,"validation"
1472,"train"
1473,"test"
1474,"train"
1475,"validation"
1476,"train"
1477,"test"
1478,"test"
1479,"test"
1480,"train"
1481,"train"
1482,"train"
1483,"train"
1484,"test"
1485,"validation"
1486,"validation"
1487,"train"
1488,"train"
1489,"test"
1490,"train"
1491,"train"
1492,"train"
1493,"validation"
1494,"train"
1495,"train"
1496,"train"
1497,"train"
1498,"test"
1499,"train"
1500,"train"
1501,"train"
1502,"train"
1503,"validation"
1504,"train"
1505,"test"
1506,"validation"
1507,"train"
1508,"validation"
1509,"test"
1510,"validation"
1511,"train"
1512,"train"
1513,"train"
1514,"train"
1515,"train"
1516,"test"
1517,"train"
1518,"train"
1519,"validation"
1520,"train"
1521,"test"
1522,"train"
1523,"train"
1524,"train"
1525,"train"
1526,"validation"
1527,"train"
1528,"train"
1529,"test"
1530,"train"
1531,"train"
1532,"train"
1533,"train"
1534,"test"
1535,"train"
1536,"train"
1537,"train"
1538,"test"
1539,"validation"
1540,"train"
1541,"test"
1542,"validation"
1543,"train"
1544,"validation"
1545,"test"
1546,"validation"
1547,"train"
1548,"train"
1549,"train"
1550,"train"
1551,"validation"
1552,"train"
1553,"train"
1554,"train"
1555,"test"
1556,"validation"
1557,"validation"
1558,"validation"
1559,"train"
1560,"train"
1561,"train"
1562,"train"
1563,"test"
1564,"validation"
1565,"train"
1566,"validation"
1567,"train"
1568,"train"
1569,"validation"
1570,"train"
1571,"train"
1572,"train"
1573,"train"
1574,"train"
1575,"validation"
1576,"test"
1577,"test"
1578,"test"
1579,"validation"
1580,"test"
1581,"test"
1582,"train"
1583,"test"
1584,"train"
1585,"train"
1586,"train"
1587,"train"
1588,"train"
1589,"train"
1590,"train"
1591,"validation"
1592,"validation"
1593,"train"
1594,"train"
1595,"validation"
1596,"train"
1597,"train"
1598,"train"
1599,"validation"
1600,"validation"
1601,"test"
1602,"validation"
1603,"test"
1604,"train"
1605,"train"
1606,"test"
1607,"train"
1608,"train"
1609,"test"
1610,"train"
1611,"validation"
1612,"train"
1613,"validation"
1614,"test"
1615,"validation"
1616,"validation"
1617,"test"
1618,"validation"
1619,"validation"
1620,"train"
1621,"test"
1622,"train"
1623,"validation"
1624,"train"
1625,"train"
1626,"test"
1627,"train"
1628,"test"
1629,"validation"
1630,"train"
1631,"train"
1632,"train"
1633,"train"
1634,"validation"
1635,"train"
1636,"test"
1637,"validation"
1638,"train"
1639,"train"
1640,"train"
1641,"train"
1642,"test"
1643,"validation"
1644,"train"
1645,"train"
1646,"test"
1647,"train"
1648,"train"
1649,"train"
1650,"train"
1651,"train"
1652,"validation"
1653,"train"
1654,"train"
1655,"train"
1656,"train"
1657,"train"
1658,"train"
1659,"train"
1660,"train"
1661,"validation"
1662,"train"
1663,"validation"
1664,"validation"
1665,"test"
1666,"train"
1667,"train"
1668,"train"
1669,"train"
1670,"train"
1671,"validation"
1672,"train"
1673,"test"
1674,"test"
1675,"test"
1676,"validation"
1677,"validation"
1678,"test"
1679,"train"
1680,"train"
1681,"validation"
1682,"train"
1683,"test"
1684,"train"
1685,"train"
1686,"train"
1687,"test"
1688,"validation"
1689,"train"
1690,"train"
1691,"test"
1692,"train"
1693,"validation"
1694,"test"
1695,"validation"
1696,"train"
1697,"train"
1698,"train"
1699,"train"
1700,"test"
1701,"test"
1702,"train"
1703,"train"
1704,"train"
1705,"train"
1706,"train"
1707,"test"
1708,"train"
1709,"train"
1710,"validation"
1711,"train"
1712,"test"
1713,"train"
1714,"validation"
1715,"train"
1716,"train"
1717,"train"
1718,"train"
1719,"train"
1720,"train"
1721,"train"
1722,"train"
1723,"validation"
1724,"train"
1725,"train"
1726,"validation"
1727,"train"
1728,"test"
1729,"validation"
1730,"train"
1731,"validation"
1732,"test"
1733,"train"
1734,"train"
1735,"validation"
1736,"train"
1737,"train"
1738,"test"
1739,"train"
1740,"train"
1741,"train"
1742,"train"
1743,"test"
1744,"test"
1745,"train"
1746,"train"
1747,"train"
1748,"train"
1749,"train"
1750,"test"
1751,"train"
1752,"train"
1753,"validation"
1754,"train"
1755,"train"
1756,"train"
1757,"validation"
1758,"train"
1759,"validation"
1760,"validation"
1761,"train"
1762,"train"
1763,"test"
1764,"train"
1765,"train"
1766,"train"
1767,"train"
1768,"validation"
1769,"train"
1770,"validation"
1771,"test"
1772,"train"
1773,"train"
1774,"train"
1775,"train"
1776,"train"
1777,"train"
1778,"test"
1779,"train"
1780,"validation"
1781,"train"
1782,"validation"
1783,"train"
1784,"test"
1785,"train"
1786,"train"
1787,"validation"
1788,"validation"
1789,"train"
1790,"test"
1791,"test"
1792,"train"
1793,"validation"
1794,"validation"
1795,"train"
1796,"train"
1797,"train"
1798,"test"
1799,"test"
1800,"train"
1801,"train"
1802,"train"
1803,"train"
1804,"train"
1805,"train"
1806,"test"
1807,"train"
1808,"test"
1809,"validation"
1810,"test"
1811,"train"
1812,"test"
1813,"test"
1814,"test"
1815,"test"
1816,"train"
1817,"train"
1818,"train"
1819,"validation"
1820,"train"
1821,"train"
1822,"train"
1823,"train"
1824,"train"
1825,"train"
1826,"test"
1827,"train"
1828,"train"
1829,"train"
1830,"validation"
1831,"train"
1832,"train"
1833,"train"
1834,"validation"
1835,"test"
1836,"train"
1837,"test"
1838,"test"
1839,"test"
1840,"train"
1841,"test"
1842,"train"
1843,"train"
1844,"validation"
1845,"validation"
1846,"test"
1847,"validation"
1848,"train"
1849,"train"
1850,"validation"
1851,"train"
1852,"validation"
1853,"test"
1854,"validation"
1855,"test"
1856,"test"
1857,"train"
1858,"train"
1859,"test"
1860,"train"
1861,"train"
1862,"validation"
1863,"train"
1864,"train"
1865,"train"
1866,"train"
1867,"train"
1868,"train"
1869,"test"
1870,"train"
1871,"train"
1872,"test"
1873,"validation"
1874,"train"
1875,"train"
1876,"test"
1877,"test"
1878,"train"
1879,"train"
1880,"train"
1881,"train"
1882,"validation"
1883,"test"
1884,"train"
1885,"test"
1886,"train"
1887,"train"
1888,"train"
1889,"train"
1890,"train"
1891,"train"
1892,"validation"
1893,"train"
1894,"test"
1895,"train"
1896,"train"
1897,"train"
1898,"train"
1899,"test"
1900,"train"
1901,"train"
1902,"validation"
1903,"validation"
1904,"train"
1905,"validation"
1906,"validation"
1907,"train"
1908,"validation"
1909,"train"
1910,"train"
1911,"train"
1912,"train"
1913,"test"
1914,"train"
1915,"test"
1916,"validation"
1917,"validation"
1918,"train"
1919,"train"
1920,"validation"
1921,"train"
1922,"train"
1923,"train"
1924,"test"
1925,"train"
1926,"train"
1927,"validation"
1928,"test"
1929,"train"
1930,"train"
1931,"test"
1932,"train"
1933,"train"
1934,"train"
1935,"train"
1936,"validation"
1937,"train"
1938,"validation"
1939,"train"
1940,"validation"
1941,"train"
1942,"train"
1943,"train"
1944,"validation"
1945,"train"
1946,"train"
1947,"train"
1948,"train"
1949,"test"
1950,"train"
1951,"train"
1952,"train"
1953,"train"
1954,"validation"
1955,"validation"
1956,"train"
1957,"test"
1958,"train"
1959,"validation"
1960,"validation"
1961,"train"
1962,"validation"
1963,"train"
1964,"train"
1965,"validation"
1966,"test"
1967,"validation"
1968,"test"
1969,"train"
1970,"test"
1971,"train"
1972,"test"
1973,"train"
1974,"validation"
1975,"train"
1976,"train"
1977,"test"
1978,"train"
1979,"train"
1980,"train"
1981,"validation"
1982,"train"
1983,"train"
1984,"validation"
1985,"test"
1986,"validation"
1987,"test"
1988,"test"
1989,"train"
1990,"train"
1991,"train"
1992,"train"
1993,"validation"
1994,"train"
1995,"test"
1996,"train"
1997,"test"
1998,"train"
1999,"test"
2000,"train"
2001,"test"
2002,"train"
2003,"train"
2004,"train"
2005,"validation"
2006,"train"
2007,"test"
2008,"train"
2009,"validation"
2010,"train"
2011,"train"
2012,"test"
2013,"train"
2014,"train"
2015,"test"
2016,"train"
2017,"test"
2018,"test"
2019,"train"
2020,"train"
2021,"train"
2022,"validation"
2023,"train"
2024,"train"
2025,"train"
2026,"train"
2027,"train"
2028,"train"
2029,"validation"
2030,"test"
2031,"train"
2032,"train"
2033,"test"
2034,"test"
2035,"train"
2036,"test"
2037,"train"
2038,"train"
2039,"train"
2040,"train"
2041,"train"
2042,"train"
2043,"test"
2044,"train"
2045,"test"
2046,"validation"
2047,"test"
2048,"train"
2049,"validation"
2050,"train"
2051,"train"
2052,"train"
2053,"validation"
2054,"test"
2055,"train"
2056,"test"
2057,"train"
2058,"train"
2059,"train"
2060,"test"
2061,"train"
2062,"train"
2063,"test"
2064,"train"
2065,"train"
2066,"train"
2067,"test"
2068,"train"
2069,"test"
2070,"test"
2071,"validation"
2072,"train"
2073,"train"
2074,"test"
2075,"validation"
2076,"validation"
2077,"train"
2078,"train"
2079,"validation"
2080,"train"
2081,"train"
2082,"train"
2083,"train"
2084,"train"
2085,"validation"
2086,"validation"
2087,"train"
2088,"train"
2089,"train"
2090,"train"
2091,"train"
2092,"train"
2093,"validation"
2094,"train"
2095,"train"
2096,"train"
2097,"train"
2098,"train"
2099,"test"
2100,"validation"
2101,"train"
2102,"train"
2103,"train"
2104,"test"
2105,"train"
2106,"train"
2107,"train"
2108,"train"
2109,"test"
2110,"train"
2111,"test"
2112,"train"
2113,"test"
2114,"test"
2115,"train"
2116,"train"
2117,"train"
2118,"train"
2119,"train"
2120,"train"
2121,"train"
2122,"validation"
2123,"train"
2124,"validation"
2125,"train"
2126,"train"
2127,"train"
2128,"train"
2129,"validation"
2130,"validation"
2131,"test"
2132,"train"
2133,"validation"
2134,"train"
2135,"train"
2136,"train"
2137,"train"
2138,"test"
2139,"train"
2140,"test"
2141,"train"
2142,"test"
2143,"train"
2144,"train"
2145,"train"
2146,"test"
2147,"test"
2148,"train"
2149,"validation"
2150,"train"
2151,"validation"
2152,"train"
2153,"train"
2154,"train"
2155,"train"
2156,"train"
2157,"test"
2158,"train"
2159,"test"
2160,"validation"
2161,"train"
2162,"test"
2163,"train"
2164,"validation"
2165,"train"
2166,"train"
2167,"train"
2168,"validation"
2169,"test"
2170,"test"
2171,"train"
2172,"train"
2173,"train"
2174,"train"
2175,"train"
2176,"train"
2177,"train"
2178,"train"
2179,"train"
2180,"train"
2181,"validation"
2182,"train"
2183,"train"
2184,"train"
2185,"train"
2186,"test"
2187,"validation"
2188,"test"
2189,"train"
2190,"train"
2191,"validation"
2192,"train"
2193,"validation"
2194,"train"
2195,"train"
2196,"validation"
2197,"test"
2198,"train"
2199,"train"
2200,"test"
2201,"train"
2202,"test"
2203,"train"
2204,"train"
2205,"test"
2206,"train"
2207,"train"
2208,"validation"
2209,"train"
2210,"validation"
2211,"train"
2212,"train"
2213,"train"
2214,"test"
2215,"train"
2216,"train"
2217,"validation"
2218,"train"
2219,"train"
2220,"test"
2221,"train"
2222,"train"
2223,"validation"
2224,"train"
2225,"test"
2226,"test"
2227,"train"
2228,"test"
2229,"validation"
2230,"validation"
2231,"test"
2232,"train"
2233,"test"
2234,"validation"
2235,"test"
2236,"train"
2237,"train"
2238,"train"
2239,"validation"
2240,"test"
2241,"test"
2242,"train"
2243,"train"
2244,"train"
2245,"test"
2246,"train"
2247,"validation"
2248,"test"
2249,"test"
2250,"test"
2251,"train"
2252,"train"
2253,"validation"
2254,"train"
2255,"train"
2256,"test"
2257,"train"
2258,"train"
2259,"test"
2260,"train"
2261,"train"
2262,"train"
2263,"train"
2264,"train"
2265,"train"
2266,"train"
2267,"validation"
2268,"train"
2269,"test"
2270,"train"
2271,"train"
2272,"test"
2273,"train"
2274,"validation"
2275,"train"
2276,"train"
2277,"validation"
2278,"train"
2279,"test"
2280,"test"
2281,"validation"
2282,"train"
2283,"train"
2284,"validation"
2285,"train"
2286,"train"
2287,"validation"
2288,"train"
2289,"train"
2290,"validation"
2291,"test"
2292,"train"
2293,"train"
2294,"validation"
2295,"train"
2296,"train"
2297,"validation"
2298,"train"
2299,"train"
2300,"test"
2301,"train"
2302,"train"
2303,"train"
2304,"train"
2305,"validation"
2306,"validation"
2307,"train"
2308,"train"
2309,"train"
2310,"validation"
2311,"validation"
2312,"train"
2313,"train"
2314,"train"
2315,"test"
2316,"train"
2317,"train"
2318,"validation"
2319,"validation"
2320,"train"
2321,"train"
2322,"train"
2323,"train"
2324,"test"
2325,"test"
2326,"train"
2327,"train"
2328,"train"
2329,"test"
2330,"train"
2331,"train"
2332,"train"
2333,"test"
2334,"train"
2335,"train"
2336,"train"
2337,"train"
2338,"validation"
2339,"test"
2340,"train"
2341,"validation"
2342,"train"
2343,"train"
2344,"test"
2345,"test"
2346,"validation"
2347,"train"
2348,"validation"
2349,"train"
2350,"train"
2351,"train"
2352,"train"
2353,"train"
2354,"validation"
2355,"train"
2356,"train"
2357,"train"
2358,"train"
2359,"train"
2360,"validation"
2361,"test"
2362,"train"
2363,"validation"
2364,"test"
2365,"validation"
2366,"train"
2367,"train"
2368,"train"
2369,"train"
2370,"train"
2371,"train"
2372,"train"
2373,"test"
2374,"train"
2375,"train"
2376,"train"
2377,"train"
2378,"train"
2379,"train"
2380,"train"
2381,"train"
2382,"validation"
2383,"test"
2384,"train"
2385,"train"
2386,"train"
2387,"train"
2388,"train"
2389,"train"
2390,"train"
2391,"train"
2392,"train"
2393,"train"
2394,"validation"
2395,"train"
2396,"test"
2397,"train"
2398,"validation"
2399,"train"
2400,"test"
2401,"validation"
2402,"test"
2403,"train"
2404,"test"
2405,"train"
2406,"train"
2407,"train"
2408,"train"
2409,"train"
2410,"train"
2411,"train"
2412,"test"
2413,"train"
2414,"train"
2415,"train"
2416,"test"
2417,"train"
2418,"test"
2419,"test"
2420,"validation"
2421,"train"
2422,"train"
2423,"train"
2424,"train"
2425,"train"
2426,"test"
2427,"train"
2428,"train"
2429,"test"
2430,"validation"
2431,"test"
2432,"train"
2433,"train"
2434,"train"
2435,"train"
2436,"train"
2437,"train"
2438,"validation"
2439,"train"
2440,"validation"
2441,"train"
2442,"test"
2443,"train"
2444,"train"
2445,"train"
2446,"train"
2447,"validation"
2448,"validation"
2449,"train"
2450,"train"
2451,"train"
2452,"validation"
2453,"train"
2454,"train"
2455,"train"
2456,"train"
2457,"test"
2458,"train"
2459,"test"
2460,"validation"
2461,"train"
2462,"train"
2463,"train"
2464,"validation"
2465,"train"
2466,"train"
2467,"train"
2468,"test"
2469,"test"
2470,"train"
2471,"train"
2472,"train"
2473,"train"
2474,"train"
2475,"train"
2476,"train"
2477,"test"
2478,"test"
2479,"train"
2480,"train"
2481,"test"
2482,"validation"
2483,"train"
2484,"test"
2485,"validation"
2486,"train"
2487,"train"
2488,"test"
2489,"train"
2490,"train"
2491,"train"
2492,"train"
2493,"train"
2494,"train"
2495,"train"
2496,"train"
2497,"train"
2498,"train"
2499,"train"
2500,"validation"
2501,"train"
2502,"train"
2503,"train"
2504,"train"
2505,"validation"
2506,"train"
2507,"train"
2508,"train"
2509,"test"
2510,"train"
2511,"validation"
2512,"train"
2513,"validation"
2514,"test"
2515,"test"
2516,"train"
2517,"train"
2518,"test"
2519,"test"
2520,"train"
2521,"validation"
2522,"train"
2523,"train"
2524,"validation"
2525,"test"
2526,"validation"
2527,"train"
2528,"test"
2529,"train"
2530,"validation"
2531,"test"
2532,"train"
2533,"validation"
2534,"train"
2535,"train"
2536,"test"
2537,"train"
2538,"train"
2539,"train"
2540,"train"
2541,"train"
2542,"train"
2543,"test"
2544,"train"
2545,"train"
2546,"train"
2547,"train"
2548,"train"
2549,"train"
2550,"train"
2551,"train"
2552,"train"
2553,"test"
2554,"test"
2555,"test"
2556,"train"
2557,"validation"
2558,"train"
2559,"train"
2560,"train"
2561,"train"
2562,"train"
2563,"train"
2564,"train"
2565,"train"
2566,"train"
2567,"train"
2568,"train"
2569,"validation"
2570,"train"
2571,"train"
2572,"train"
2573,"test"
2574,"validation"
2575,"train"
2576,"validation"
2577,"train"
2578,"test"
2579,"validation"
2580,"train"
2581,"test"
2582,"validation"
2583,"test"
2584,"train"
2585,"test"
2586,"train"
2587,"test"
2588,"validation"
2589,"validation"
2590,"validation"
2591,"train"
2592,"test"
2593,"train"
2594,"train"
2595,"validation"
2596,"train"
2597,"train"
2598,"train"
2599,"train"
2600,"train"
2601,"validation"
2602,"train"
2603,"train"
2604,"train"
2605,"train"
2606,"train"
2607,"train"
2608,"train"
2609,"train"
2610,"test"
2611,"validation"
2612,"test"
2613,"train"
2614,"train"
2615,"train"
2616,"test"
2617,"test"
2618,"train"
2619,"test"
2620,"train"
2621,"train"
2622,"test"
2623,"train"
2624,"train"
2625,"train"
2626,"test"
2627,"train"
2628,"train"
2629,"train"
2630,"test"
2631,"train"
2632,"test"
2633,"train"
2634,"validation"
2635,"validation"
2636,"test"
2637,"validation"
2638,"train"
2639,"train"
2640,"train"
2641,"train"
2642,"train"
2643,"validation"
2644,"train"
2645,"test"
2646,"validation"
2647,"train"
2648,"validation"
2649,"validation"
2650,"train"
2651,"test"
2652,"test"
2653,"train"
2654,"train"
2655,"train"
2656,"test"
2657,"train"
2658,"train"
2659,"test"
2660,"train"
2661,"test"
2662,"train"
2663,"train"
2664,"train"
2665,"test"
2666,"test"
2667,"train"
2668,"train"
2669,"test"
2670,"train"
2671,"train"
2672,"test"
2673,"validation"
2674,"train"
2675,"train"
2676,"train"
2677,"validation"
2678,"test"
2679,"train"
2680,"train"
2681,"train"
2682,"validation"
2683,"validation"
2684,"train"
2685,"train"
2686,"train"
2687,"train"
2688,"validation"
2689,"train"
2690,"train"
2691,"train"
2692,"test"
2693,"train"
2694,"train"
2695,"test"
2696,"train"
2697,"train"
2698,"train"
2699,"train"
2700,"test"
2701,"validation"
2702,"train"
2703,"test"
2704,"validation"
2705,"test"
2706,"train"
2707,"test"
2708,"train"
2709,"train"
2710,"test"
2711,"train"
2712,"test"
2713,"train"
2714,"train"
2715,"train"
2716,"validation"
2717,"validation"
2718,"validation"
2719,"validation"
2720,"test"
2721,"train"
2722,"validation"
2723,"test"
2724,"train"
2725,"train"
2726,"train"
2727,"train"
2728,"test"
2729,"train"
2730,"test"
2731,"train"
2732,"train"
2733,"train"
2734,"train"
2735,"test"
2736,"train"
2737,"train"
2738,"train"
2739,"train"
2740,"validation"
2741,"validation"
2742,"train"
2743,"train"
2744,"train"
2745,"train"
2746,"train"
2747,"test"
2748,"test"
2749,"train"
2750,"validation"
2751,"validation"
2752,"train"
2753,"test"
2754,"train"
2755,"train"
2756,"train"
2757,"train"
2758,"train"
2759,"train"
2760,"train"
2761,"train"
2762,"train"
2763,"validation"
2764,"train"
2765,"train"
2766,"train"
2767,"test"
2768,"train"
2769,"train"
2770,"train"
2771,"train"
2772,"train"
2773,"train"
2774,"validation"
2775,"test"
2776,"train"
2777,"train"
2778,"train"
2779,"validation"
2780,"test"
2781,"train"
2782,"train"
2783,"validation"
2784,"test"
2785,"validation"
2786,"test"
2787,"train"
2788,"train"
2789,"train"
2790,"train"
2791,"test"
2792,"train"
2793,"test"
2794,"validation"
2795,"train"
2796,"test"
2797,"train"
2798,"train"
2799,"test"
2800,"train"
2801,"train"
2802,"train"
2803,"test"
2804,"train"
2805,"test"
2806,"test"
2807,"validation"
2808,"validation"
2809,"validation"
2810,"train"
2811,"validation"
2812,"test"
2813,"train"
2814,"validation"
2815,"train"
2816,"train"
2817,"test"
2818,"test"
2819,"train"
2820,"train"
2821,"validation"
2822,"test"
2823,"train"
2824,"train"
2825,"test"
2826,"train"
2827,"train"
2828,"test"
2829,"validation"
2830,"validation"
2831,"train"
2832,"train"
2833,"train"
2834,"validation"
2835,"train"
2836,"validation"
2837,"validation"
2838,"train"
2839,"train"
2840,"train"
2841,"train"
2842,"test"
2843,"validation"
2844,"train"
2845,"train"
2846,"train"
2847,"validation"
2848,"train"
2849,"train"
2850,"test"
2851,"train"
2852,"validation"
2853,"train"
2854,"train"
2855,"train"
2856,"train"
2857,"train"
2858,"test"
2859,"train"
2860,"train"
2861,"train"
2862,"train"
2863,"train"
2864,"validation"
2865,"train"
2866,"validation"
2867,"train"
2868,"train"
2869,"train"
2870,"train"
2871,"validation"
2872,"validation"
2873,"train"
2874,"train"
2875,"train"
2876,"train"
2877,"validation"
2878,"train"
2879,"test"
2880,"test"
2881,"train"
2882,"train"
2883,"train"
2884,"train"
2885,"validation"
2886,"train"
2887,"test"
2888,"validation"
2889,"test"
2890,"validation"
2891,"validation"
2892,"train"
2893,"train"
2894,"train"
2895,"train"
2896,"train"
2897,"train"
2898,"train"
2899,"train"
2900,"validation"
2901,"train"
2902,"train"
2903,"train"
2904,"validation"
2905,"test"
2906,"validation"
2907,"test"
2908,"validation"
2909,"test"
2910,"train"
2911,"train"
2912,"validation"
2913,"validation"
2914,"train"
2915,"train"
2916,"validation"
2917,"train"
2918,"train"
2919,"test"
2920,"train"
2921,"train"
2922,"validation"
2923,"train"
2924,"train"
2925,"validation"
2926,"train"
2927,"train"
2928,"train"
2929,"train"
2930,"train"
2931,"train"
2932,"validation"
2933,"validation"
2934,"validation"
2935,"train"
2936,"train"
2937,"train"
2938,"test"
2939,"train"
2940,"train"
2941,"train"
2942,"validation"
2943,"test"
2944,"train"
2945,"train"
2946,"validation"
2947,"train"
2948,"train"
2949,"train"
2950,"validation"
2951,"train"
2952,"train"
2953,"train"
2954,"train"
2955,"train"
2956,"train"
2957,"train"
2958,"train"
2959,"validation"
2960,"train"
2961,"validation"
2962,"train"
2963,"test"
2964,"train"
2965,"train"
2966,"train"
2967,"train"
2968,"train"
2969,"train"
2970,"train"
2971,"train"
2972,"train"
2973,"train"
2974,"train"
2975,"train"
2976,"train"
2977,"validation"
2978,"train"
2979,"train"
2980,"train"
2981,"train"
2982,"test"
2983,"validation"
2984,"train"
2985,"test"
2986,"train"
2987,"train"
2988,"train"
2989,"train"
2990,"train"
2991,"train"
2992,"validation"
2993,"train"
2994,"validation"
2995,"train"
2996,"train"
2997,"validation"
2998,"test"
2999,"train"
3000,"train"
3001,"train"
3002,"validation"
3003,"train"
3004,"train"
3005,"test"
3006,"train"
3007,"train"
3008,"train"
3009,"train"
3010,"train"
3011,"train"
3012,"train"
3013,"train"
3014,"train"
3015,"test"
3016,"test"
3017,"train"
3018,"train"
3019,"train"
3020,"validation"
3021,"test"
3022,"train"
3023,"train"
3024,"train"
3025,"test"
3026,"train"
3027,"validation"
3028,"train"
3029,"train"
3030,"train"
3031,"test"
3032,"test"
3033,"train"
3034,"train"
3035,"train"
3036,"train"
3037,"train"
3038,"train"
3039,"test"
3040,"validation"
3041,"train"
3042,"train"
3043,"train"
3044,"train"
3045,"train"
3046,"train"
3047,"train"
3048,"train"
3049,"validation"
3050,"test"
3051,"train"
3052,"train"
3053,"validation"
3054,"train"
3055,"validation"
3056,"validation"
3057,"validation"
3058,"test"
3059,"train"
3060,"train"
3061,"validation"
3062,"train"
3063,"test"
3064,"train"
3065,"validation"
3066,"train"
3067,"test"
3068,"validation"
3069,"train"
3070,"train"
3071,"test"
3072,"test"
3073,"train"
3074,"train"
3075,"train"
3076,"validation"
3077,"test"
3078,"test"
3079,"train"
3080,"test"
3081,"train"
3082,"train"
3083,"train"
3084,"train"
3085,"validation"
3086,"validation"
3087,"train"
3088,"test"
3089,"validation"
3090,"train"
3091,"test"
3092,"train"
3093,"test"
3094,"validation"
3095,"train"
3096,"train"
3097,"validation"
3098,"test"
3099,"train"
3100,"train"
3101,"train"
3102,"train"
3103,"train"
3104,"train"
3105,"validation"
3106,"test"
3107,"train"
3108,"validation"
3109,"train"
3110,"validation"
3111,"train"
3112,"validation"
3113,"train"
3114,"train"
3115,"train"
3116,"train"
3117,"train"
3118,"train"
3119,"validation"
3120,"train"
3121,"train"
3122,"validation"
3123,"train"
3124,"train"
3125,"train"
3126,"test"
3127,"test"
3128,"train"
3129,"test"
3130,"train"
3131,"train"
3132,"train"
3133,"train"
3134,"train"
3135,"test"
3136,"train"
3137,"test"
3138,"test"
3139,"train"
3140,"test"
3141,"train"
3142,"train"
3143,"train"
3144,"validation"
3145,"test"
3146,"train"
3147,"train"
3148,"test"
3149,"test"
3150,"train"
3151,"test"
3152,"validation"
3153,"train"
3154,"train"
3155,"train"
3156,"test"
3157,"train"
3158,"test"
3159,"test"
3160,"train"
3161,"validation"
3162,"train"
3163,"train"
3164,"test"
3165,"validation"
3166,"train"
3167,"test"
3168,"train"
3169,"validation"
3170,"train"
3171,"test"
3172,"train"
3173,"test"
3174,"train"
3175,"train"
3176,"validation"
3177,"train"
3178,"train"
3179,"train"
3180,"train"
3181,"validation"
3182,"validation"
3183,"train"
3184,"train"
3185,"train"
3186,"validation"
3187,"validation"
3188,"validation"
3189,"validation"
3190,"validation"
3191,"train"
3192,"train"
3193,"train"
3194,"train"
3195,"validation"
3196,"train"
3197,"train"
3198,"train"
3199,"test"
3200,"train"
3201,"test"
3202,"train"
3203,"train"
3204,"train"
3205,"train"
3206,"validation"
3207,"validation"
3208,"train"
3209,"train"
3210,"train"
3211,"test"
3212,"validation"
3213,"train"
3214,"train"
3215,"train"
3216,"train"
3217,"train"
3218,"train"
3219,"train"
3220,"train"
3221,"validation"
3222,"train"
3223,"validation"
3224,"validation"
3225,"train"
3226,"train"
3227,"test"
3228,"train"
3229,"train"
3230,"validation"
3231,"train"
3232,"train"
3233,"train"
3234,"train"
3235,"validation"
3236,"train"
3237,"train"
3238,"train"
3239,"train"
3240,"validation"
3241,"train"
3242,"train"
3243,"test"
3244,"test"
3245,"test"
3246,"test"
3247,"validation"
3248,"train"
3249,"train"
3250,"validation"
3251,"train"
3252,"train"
3253,"test"
3254,"train"
3255,"train"
3256,"train"
3257,"validation"
3258,"test"
3259,"train"
3260,"train"
3261,"test"
3262,"test"
3263,"train"
3264,"train"
3265,"train"
3266,"train"
3267,"train"
3268,"train"
3269,"test"
3270,"test"
3271,"validation"
3272,"train"
3273,"train"
3274,"train"
3275,"train"
3276,"train"
3277,"test"
3278,"train"
3279,"train"
3280,"train"
3281,"train"
3282,"train"
3283,"train"
3284,"validation"
3285,"test"
3286,"train"
3287,"validation"
3288,"train"
3289,"validation"
3290,"test"
3291,"test"
3292,"test"
3293,"test"
3294,"train"
3295,"test"
3296,"train"
3297,"test"
3298,"train"
3299,"train"
3300,"train"
3301,"test"
3302,"test"
3303,"train"
3304,"train"
3305,"train"
3306,"train"
3307,"validation"
3308,"train"
3309,"train"
3310,"train"
3311,"train"
3312,"train"
3313,"train"
3314,"test"
3315,"train"
3316,"train"
3317,"train"
3318,"validation"
3319,"test"
3320,"validation"
3321,"test"
3322,"validation"
3323,"train"
3324,"validation"
3325,"validation"
3326,"train"
3327,"train"
3328,"validation"
3329,"train"
3330,"train"
3331,"test"
3332,"train"
3333,"test"
3334,"train"
3335,"train"
3336,"train"
3337,"train"
3338,"train"
3339,"train"
3340,"validation"
3341,"train"
3342,"train"
3343,"train"
3344,"validation"
3345,"test"
3346,"validation"
3347,"validation"
3348,"train"
3349,"test"
3350,"train"
3351,"train"
3352,"train"
3353,"train"
3354,"validation"
3355,"test"
3356,"train"
3357,"train"
3358,"validation"
3359,"test"
3360,"train"
3361,"train"
3362,"train"
3363,"train"
3364,"test"
3365,"train"
3366,"train"
3367,"train"
3368,"test"
3369,"validation"
3370,"train"
3371,"test"
3372,"test"
3373,"train"
3374,"train"
3375,"validation"
3376,"train"
3377,"train"
3378,"validation"
3379,"train"
3380,"train"
3381,"train"
3382,"validation"
3383,"train"
3384,"train"
3385,"train"
3386,"train"
3387,"validation"
3388,"validation"
3389,"train"
3390,"validation"
3391,"test"
3392,"test"
3393,"validation"
3394,"validation"
3395,"test"
3396,"train"
3397,"test"
3398,"test"
3399,"validation"
3400,"train"
3401,"train"
3402,"test"
3403,"validation"
3404,"train"
3405,"test"
3406,"train"
3407,"test"
3408,"test"
3409,"train"
3410,"train"
3411,"train"
3412,"train"
3413,"train"
3414,"train"
3415,"test"
3416,"train"
3417,"validation"
3418,"train"
3419,"test"
3420,"train"
3421,"test"
3422,"test"
3423,"train"
3424,"test"
3425,"train"
3426,"train"
3427,"train"
3428,"test"
3429,"train"
3430,"train"
3431,"test"
3432,"test"
3433,"test"
3434,"validation"
3435,"train"
3436,"train"
3437,"train"
3438,"train"
3439,"train"
3440,"train"
3441,"train"
3442,"validation"
3443,"test"
3444,"train"
3445,"test"
3446,"test"
3447,"train"
3448,"test"
3449,"train"
3450,"train"
3451,"train"
3452,"test"
3453,"train"
3454,"test"
3455,"validation"
3456,"train"
3457,"train"
3458,"train"
3459,"train"
3460,"train"
3461,"train"
3462,"train"
3463,"validation"
3464,"train"
3465,"train"
3466,"train"
3467,"train"
3468,"train"
3469,"test"
3470,"train"
3471,"train"
3472,"train"
3473,"validation"
3474,"train"
3475,"test"
3476,"test"
3477,"validation"
3478,"validation"
3479,"train"
3480,"train"
3481,"train"
3482,"validation"
3483,"train"
3484,"train"
3485,"test"
3486,"train"
3487,"validation"
3488,"test"
3489,"test"
3490,"train"
3491,"train"
3492,"train"
3493,"train"
3494,"test"
3495,"train"
3496,"test"
3497,"train"
3498,"train"
3499,"validation"
3500,"train"
3501,"train"
3502,"train"
3503,"test"
3504,"train"
3505,"validation"
3506,"test"
3507,"train"
3508,"train"
3509,"train"
3510,"train"
3511,"train"
3512,"train"
3513,"validation"
3514,"train"
3515,"train"
3516,"test"
3517,"train"
3518,"test"
3519,"train"
3520,"validation"
3521,"train"
3522,"validation"
3523,"train"
3524,"train"
3525,"train"
3526,"train"
3527,"train"
3528,"train"
3529,"test"
3530,"train"
3531,"train"
3532,"test"
3533,"validation"
3534,"train"
3535,"train"
3536,"train"
3537,"test"
3538,"train"
3539,"test"
3540,"train"
3541,"validation"
3542,"test"
3543,"train"
3544,"train"
3545,"test"
3546,"train"
3547,"train"
3548,"train"
3549,"train"
3550,"validation"
3551,"train"
3552,"train"
3553,"validation"
3554,"train"
3555,"train"
3556,"train"
3557,"train"
3558,"train"
3559,"train"
3560,"train"
3561,"train"
3562,"train"
3563,"train"
3564,"test"
3565,"train"
3566,"validation"
3567,"test"
3568,"test"
3569,"train"
3570,"train"
3571,"train"
3572,"train"
3573,"train"
3574,"validation"
3575,"train"
3576,"train"
3577,"test"
3578,"validation"
3579,"test"
3580,"validation"
3581,"validation"
3582,"test"
3583,"test"
3584,"train"
3585,"validation"
3586,"test"
3587,"train"
3588,"test"
3589,"train"
3590,"train"
3591,"test"
3592,"train"
3593,"train"
3594,"train"
3595,"train"
3596,"validation"
3597,"train"
3598,"train"
3599,"validation"
3600,"train"
3601,"test"
3602,"train"
3603,"train"
3604,"validation"
3605,"train"
3606,"train"
3607,"train"
3608,"train"
3609,"test"
3610,"train"
3611,"validation"
3612,"train"
3613,"test"
3614,"train"
3615,"train"
3616,"test"
3617,"train"
3618,"train"
3619,"train"
3620,"validation"
3621,"train"
3622,"train"
3623,"validation"
3624,"train"
3625,"train"
3626,"train"
3627,"train"
3628,"train"
3629,"test"
3630,"train"
3631,"train"
3632,"train"
3633,"test"
3634,"train"
3635,"test"
3636,"validation"
3637,"train"
3638,"train"
3639,"train"
3640,"train"
3641,"validation"
3642,"validation"
3643,"train"
3644,"test"
3645,"validation"
3646,"train"
3647,"train"
3648,"test"
3649,"train"
3650,"train"
3651,"train"
3652,"train"
3653,"test"
3654,"train"
3655,"validation"
3656,"train"
3657,"validation"
3658,"test"
3659,"test"
3660,"train"
3661,"train"
3662,"train"
3663,"train"
3664,"test"
3665,"train"
3666,"train"
3667,"test"
3668,"train"
3669,"train"
3670,"test"
3671,"train"
3672,"train"
3673,"validation"
3674,"train"
3675,"train"
3676,"train"
3677,"train"
3678,"train"
3679,"validation"
3680,"train"
3681,"train"
3682,"train"
3683,"validation"
3684,"test"
3685,"train"
3686,"train"
3687,"validation"
3688,"test"
3689,"test"
3690,"train"
3691,"test"
3692,"train"
3693,"validation"
3694,"validation"
3695,"train"
3696,"train"
3697,"validation"
3698,"train"
3699,"test"
3700,"train"
3701,"train"
3702,"train"
3703,"test"
3704,"train"
3705,"train"
3706,"train"
3707,"train"
3708,"validation"
3709,"validation"
3710,"test"
3711,"train"
3712,"train"
3713,"test"
3714,"train"
3715,"test"
3716,"test"
3717,"train"
3718,"train"
3719,"train"
3720,"validation"
3721,"train"
3722,"train"
3723,"validation"
3724,"test"
3725,"test"
3726,"train"
3727,"train"
3728,"test"
3729,"test"
3730,"validation"
3731,"validation"
3732,"test"
3733,"train"
3734,"validation"
3735,"train"
3736,"train"
3737,"test"
3738,"validation"
3739,"train"
3740,"train"
3741,"validation"
3742,"test"
3743,"train"
3744,"train"
3745,"test"
3746,"validation"
3747,"validation"
3748,"train"
3749,"test"
3750,"train"
3751,"train"
3752,"train"
3753,"train"
3754,"validation"
3755,"test"
3756,"validation"
3757,"validation"
3758,"train"
3759,"test"
3760,"train"
3761,"train"
3762,"train"
3763,"train"
3764,"train"
3765,"test"
3766,"train"
3767,"train"
3768,"test"
3769,"validation"
3770,"validation"
3771,"test"
3772,"train"
3773,"validation"
3774,"train"
3775,"test"
3776,"train"
3777,"train"
3778,"validation"
3779,"test"
3780,"validation"
3781,"test"
3782,"train"
3783,"train"
3784,"validation"
3785,"test"
3786,"test"
3787,"test"
3788,"test"
3789,"train"
3790,"test"
3791,"test"
3792,"train"
3793,"test"
3794,"train"
3795,"test"
3796,"validation"
3797,"train"
3798,"train"
3799,"train"
3800,"test"
3801,"train"
3802,"test"
3803,"validation"
3804,"train"
3805,"validation"
3806,"train"
3807,"train"
3808,"test"
3809,"train"
3810,"test"
3811,"test"
3812,"test"
3813,"train"
3814,"train"
3815,"validation"
3816,"train"
3817,"validation"
3818,"validation"
3819,"train"
3820,"train"
3821,"test"
3822,"train"
3823,"validation"
3824,"train"
3825,"train"
3826,"train"
3827,"train"
3828,"test"
3829,"train"
3830,"test"
3831,"test"
3832,"train"
3833,"validation"
3834,"train"
3835,"train"
3836,"train"
3837,"validation"
3838,"train"
3839,"train"
3840,"validation"
3841,"train"
3842,"train"
3843,"train"
3844,"train"
3845,"test"
3846,"train"
3847,"train"
3848,"train"
3849,"test"
3850,"train"
3851,"test"
3852,"test"
3853,"test"
3854,"test"
3855,"train"
3856,"train"
3857,"train"
3858,"train"
3859,"test"
3860,"test"
3861,"train"
3862,"train"
3863,"train"
3864,"train"
3865,"train"
3866,"validation"
3867,"train"
3868,"test"
3869,"train"
3870,"train"
3871,"validation"
3872,"train"
3873,"train"
3874,"test"
3875,"test"
3876,"test"
3877,"train"
3878,"validation"
3879,"validation"
3880,"validation"
3881,"validation"
3882,"validation"
3883,"train"
3884,"train"
3885,"test"
3886,"train"
3887,"validation"
3888,"train"
3889,"test"
3890,"train"
3891,"train"
3892,"train"
3893,"validation"
3894,"validation"
3895,"train"
3896,"train"
3897,"train"
3898,"train"
3899,"train"
3900,"train"
3901,"train"
3902,"train"
3903,"train"
3904,"validation"
3905,"train"
3906,"test"
3907,"train"
3908,"test"
3909,"train"
3910,"train"
3911,"validation"
3912,"validation"
3913,"test"
3914,"train"
3915,"train"
3916,"validation"
3917,"train"
3918,"validation"
3919,"validation"
3920,"validation"
3921,"train"
3922,"train"
3923,"test"
3924,"train"
3925,"train"
3926,"train"
3927,"train"
3928,"test"
3929,"train"
3930,"train"
3931,"train"
3932,"train"
3933,"train"
3934,"test"
3935,"train"
3936,"train"
3937,"test"
3938,"train"
3939,"train"
3940,"test"
3941,"train"
3942,"test"
3943,"train"
3944,"train"
3945,"train"
3946,"validation"
3947,"validation"
3948,"test"
3949,"train"
3950,"train"
3951,"train"
3952,"train"
3953,"validation"
3954,"test"
3955,"train"
3956,"train"
3957,"train"
3958,"train"
3959,"validation"
3960,"test"
3961,"train"
3962,"validation"
3963,"train"
3964,"train"
3965,"train"
3966,"train"
3967,"validation"
3968,"validation"
3969,"train"
3970,"train"
3971,"train"
3972,"train"
3973,"train"
3974,"test"
3975,"train"
3976,"test"
3977,"train"
3978,"train"
3979,"test"
3980,"test"
3981,"test"
3982,"test"
3983,"train"
3984,"train"
3985,"train"
3986,"test"
3987,"validation"
3988,"train"
3989,"validation"
3990,"train"
3991,"test"
3992,"test"
3993,"train"
3994,"validation"
3995,"train"
3996,"train"
3997,"train"
3998,"train"
3999,"train"
4000,"train"
4001,"validation"
4002,"train"
4003,"train"
4004,"train"
4005,"train"
4006,"train"
4007,"train"
4008,"train"
4009,"test"
4010,"train"
4011,"train"
4012,"train"
4013,"validation"
4014,"train"
4015,"validation"
4016,"validation"
4017,"validation"
4018,"train"
4019,"validation"
4020,"test"
4021,"train"
4022,"train"
4023,"train"
4024,"validation"
4025,"train"
4026,"train"
4027,"validation"
4028,"train"
4029,"test"
4030,"train"
4031,"train"
4032,"train"
4033,"train"
4034,"train"
4035,"train"
4036,"train"
4037,"train"
4038,"test"
4039,"test"
4040,"test"
4041,"train"
4042,"train"
4043,"test"
4044,"validation"
4045,"train"
4046,"train"
4047,"train"
4048,"test"
4049,"train"
4050,"test"
4051,"test"
4052,"train"
4053,"test"
4054,"train"
4055,"test"
4056,"train"
4057,"train"
4058,"train"
4059,"train"
4060,"train"
4061,"validation"
4062,"validation"
4063,"test"
4064,"test"
4065,"train"
4066,"train"
4067,"train"
4068,"validation"
4069,"test"
4070,"train"
4071,"train"
4072,"train"
4073,"train"
4074,"validation"
4075,"test"
4076,"train"
4077,"train"
4078,"train"
4079,"train"
4080,"train"
4081,"train"
4082,"validation"
4083,"train"
4084,"train"
4085,"train"
4086,"train"
4087,"train"
4088,"train"
4089,"train"
4090,"test"
4091,"test"
4092,"train"
4093,"train"
4094,"train"
4095,"test"
4096,"train"
4097,"train"
4098,"validation"
4099,"train"
4100,"train"
4101,"validation"
4102,"train"
4103,"train"
4104,"validation"
4105,"train"
4106,"validation"
4107,"train"
4108,"train"
4109,"test"
4110,"validation"
4111,"validation"
4112,"test"
4113,"test"
4114,"test"
4115,"validation"
4116,"train"
4117,"validation"
4118,"validation"
4119,"train"
4120,"test"
4121,"train"
4122,"validation"
4123,"train"
4124,"validation"
4125,"train"
4126,"train"
4127,"test"
4128,"train"
4129,"train"
4130,"train"
4131,"train"
4132,"train"
4133,"test"
4134,"validation"
4135,"train"
4136,"train"
4137,"train"
4138,"validation"
4139,"train"
4140,"test"
4141,"test"
4142,"validation"
4143,"train"
4144,"train"
4145,"train"
4146,"train"
4147,"validation"
4148,"train"
4149,"validation"
4150,"train"
4151,"train"
4152,"test"
4153,"validation"
4154,"train"
4155,"test"
4156,"train"
4157,"train"
4158,"test"
4159,"validation"
4160,"test"
4161,"train"
4162,"validation"
4163,"train"
4164,"test"
4165,"train"
4166,"train"
4167,"test"
4168,"train"
4169,"train"
4170,"train"
4171,"train"
4172,"test"
4173,"train"
4174,"train"
4175,"train"
4176,"test"
4177,"train"
4178,"test"
4179,"train"
4180,"train"
4181,"test"
4182,"validation"
4183,"train"
4184,"train"
4185,"train"
4186,"test"
4187,"train"
4188,"test"
4189,"test"
4190,"validation"
4191,"train"
4192,"validation"
4193,"test"
4194,"test"
4195,"validation"
4196,"train"
4197,"test"
4198,"train"
4199,"train"
4200,"validation"
4201,"validation"
4202,"train"
4203,"train"
4204,"train"
4205,"train"
4206,"train"
4207,"train"
4208,"train"
4209,"train"
4210,"train"
4211,"train"
4212,"test"
4213,"train"
4214,"validation"
4215,"train"
4216,"train"
4217,"train"
4218,"train"
4219,"test"
4220,"train"
4221,"train"
4222,"validation"
4223,"train"
4224,"train"
4225,"train"
4226,"train"
4227,"test"
4228,"test"
4229,"validation"
4230,"train"
4231,"validation"
4232,"train"
4233,"train"
4234,"validation"
4235,"train"
4236,"train"
4237,"train"
4238,"test"
4239,"train"
4240,"train"
4241,"train"
4242,"train"
4243,"train"
4244,"train"
4245,"test"
4246,"train"
4247,"train"
4248,"train"
4249,"validation"
4250,"validation"
4251,"test"
4252,"validation"
4253,"train"
4254,"train"
4255,"test"
4256,"train"
4257,"test"
4258,"train"
4259,"train"
4260,"validation"
4261,"test"
4262,"train"
4263,"train"
4264,"train"
4265,"train"
4266,"validation"
4267,"train"
4268,"validation"
4269,"train"
4270,"validation"
4271,"train"
4272,"train"
4273,"train"
4274,"train"
4275,"validation"
4276,"validation"
4277,"test"
4278,"train"
4279,"train"
4280,"validation"
4281,"validation"
4282,"train"
4283,"train"
4284,"test"
4285,"validation"
4286,"train"
4287,"test"
4288,"train"
4289,"test"
4290,"train"
4291,"train"
4292,"validation"
4293,"validation"
4294,"train"
4295,"test"
4296,"test"
4297,"train"
4298,"test"
4299,"test"
4300,"validation"
4301,"train"
4302,"train"
4303,"train"
4304,"train"
4305,"test"
4306,"validation"
4307,"validation"
4308,"train"
4309,"test"
4310,"validation"
4311,"train"
4312,"train"
4313,"test"
4314,"train"
4315,"train"
4316,"train"
4317,"validation"
4318,"train"
4319,"train"
4320,"validation"
4321,"train"
4322,"train"
4323,"test"
4324,"train"
4325,"validation"
4326,"train"
4327,"train"
4328,"test"
4329,"train"
4330,"test"
4331,"test"
4332,"train"
4333,"train"
4334,"validation"
4335,"test"
4336,"test"
4337,"train"
4338,"train"
4339,"train"
4340,"test"
4341,"test"
4342,"validation"
4343,"train"
4344,"train"
4345,"validation"
4346,"test"
4347,"train"
4348,"train"
4349,"validation"
4350,"train"
4351,"test"
4352,"train"
4353,"train"
4354,"train"
4355,"train"
4356,"train"
4357,"test"
4358,"train"
4359,"test"
4360,"train"
4361,"validation"
4362,"test"
4363,"train"
4364,"validation"
4365,"test"
4366,"train"
4367,"test"
4368,"train"
4369,"test"
4370,"train"
4371,"train"
4372,"validation"
4373,"test"
4374,"train"
4375,"test"
4376,"test"
4377,"train"
4378,"train"
4379,"train"
4380,"train"
4381,"train"
4382,"test"
4383,"validation"
4384,"test"
4385,"test"
4386,"train"
4387,"validation"
4388,"train"
4389,"validation"
4390,"train"
4391,"train"
4392,"test"
4393,"validation"
4394,"train"
4395,"train"
4396,"validation"
4397,"train"
4398,"train"
4399,"test"
4400,"validation"
4401,"train"
4402,"test"
4403,"test"
4404,"test"
4405,"train"
4406,"validation"
4407,"validation"
4408,"test"
4409,"validation"
4410,"train"
4411,"test"
4412,"validation"
4413,"test"
4414,"validation"
4415,"test"
4416,"train"
4417,"test"
4418,"test"
4419,"train"
4420,"train"
4421,"train"
4422,"test"
4423,"train"
4424,"train"
4425,"validation"
4426,"train"
4427,"train"
4428,"validation"
4429,"train"
4430,"train"
4431,"train"
4432,"test"
4433,"train"
4434,"train"
4435,"train"
4436,"train"
4437,"validation"
4438,"train"
4439,"train"
4440,"train"
4441,"test"
4442,"validation"
4443,"train"
4444,"train"
4445,"train"
4446,"train"
4447,"train"
4448,"train"
4449,"train"
4450,"validation"
4451,"validation"
4452,"validation"
4453,"validation"
4454,"train"
4455,"validation"
4456,"validation"
4457,"train"
4458,"train"
4459,"validation"
4460,"validation"
4461,"train"
4462,"test"
4463,"train"
4464,"validation"
4465,"train"
4466,"train"
4467,"test"
4468,"validation"
4469,"train"
4470,"train"
4471,"train"
4472,"test"
4473,"test"
4474,"validation"
4475,"test"
4476,"train"
4477,"train"
4478,"test"
4479,"train"
4480,"validation"
4481,"validation"
4482,"test"
4483,"train"
4484,"validation"
4485,"train"
4486,"train"
4487,"train"
4488,"validation"
4489,"train"
4490,"test"
4491,"test"
4492,"train"
4493,"train"
4494,"train"
4495,"test"
4496,"test"
4497,"validation"
4498,"train"
4499,"train"
4500,"train"
4501,"train"
4502,"validation"
4503,"train"
4504,"train"
4505,"train"
4506,"validation"
4507,"train"
4508,"train"
4509,"train"
4510,"validation"
4511,"train"
4512,"validation"
4513,"test"
4514,"train"
4515,"train"
4516,"train"
4517,"test"
4518,"test"
4519,"train"
4520,"validation"
4521,"train"
4522,"train"
4523,"train"
4524,"train"
4525,"validation"
4526,"validation"
4527,"test"
4528,"train"
4529,"train"
4530,"train"
4531,"train"
4532,"validation"
4533,"validation"
4534,"train"
4535,"train"
4536,"train"
4537,"train"
4538,"validation"
4539,"train"
4540,"train"
4541,"train"
4542,"train"
4543,"train"
4544,"test"
4545,"train"
4546,"train"
4547,"train"
4548,"train"
4549,"validation"
4550,"train"
4551,"validation"
4552,"train"
4553,"train"
4554,"train"
4555,"test"
4556,"validation"
4557,"train"
4558,"train"
4559,"train"
4560,"train"
4561,"train"
4562,"train"
4563,"test"
4564,"train"
4565,"train"
4566,"train"
4567,"test"
4568,"train"
4569,"validation"
4570,"train"
4571,"test"
4572,"train"
4573,"train"
4574,"train"
4575,"train"
4576,"train"
4577,"train"
4578,"test"
4579,"train"
4580,"test"
4581,"validation"
4582,"test"
4583,"train"
4584,"validation"
4585,"train"
4586,"validation"
4587,"validation"
4588,"train"
4589,"validation"
4590,"train"
4591,"validation"
4592,"train"
4593,"train"
4594,"train"
4595,"validation"
4596,"validation"
4597,"test"
4598,"train"
4599,"train"
4600,"train"
4601,"validation"
4602,"test"
4603,"train"
4604,"test"
4605,"train"
4606,"test"
4607,"validation"
4608,"train"
4609,"train"
4610,"train"
4611,"train"
4612,"train"
4613,"train"
4614,"train"
4615,"test"
4616,"train"
4617,"train"
4618,"test"
4619,"train"
4620,"test"
4621,"train"
4622,"test"
4623,"validation"
4624,"train"
4625,"train"
4626,"train"
4627,"test"
4628,"train"
4629,"test"
4630,"train"
4631,"train"
4632,"train"
4633,"test"
4634,"train"
4635,"test"
4636,"train"
4637,"train"
4638,"validation"
4639,"test"
4640,"train"
4641,"train"
4642,"train"
4643,"validation"
4644,"validation"
4645,"train"
4646,"validation"
4647,"test"
4648,"train"
4649,"train"
4650,"train"
4651,"test"
4652,"validation"
4653,"train"
4654,"test"
4655,"train"
4656,"test"
4657,"train"
4658,"train"
4659,"validation"
4660,"train"
4661,"train"
4662,"train"
4663,"validation"
4664,"test"
4665,"train"
4666,"train"
4667,"test"
4668,"validation"
4669,"train"
4670,"train"
4671,"validation"
4672,"test"
4673,"train"
4674,"train"
4675,"train"
4676,"test"
4677,"train"
4678,"validation"
4679,"train"
4680,"train"
4681,"validation"
4682,"test"
4683,"train"
4684,"train"
4685,"test"
4686,"test"
4687,"test"
4688,"train"
4689,"test"
4690,"train"
4691,"train"
4692,"train"
4693,"train"
4694,"train"
4695,"test"
4696,"validation"
4697,"test"
4698,"validation"
4699,"test"
4700,"train"
4701,"train"
4702,"train"
4703,"train"
4704,"train"
4705,"validation"
4706,"train"
4707,"train"
4708,"validation"
4709,"validation"
4710,"validation"
4711,"train"
4712,"train"
4713,"train"
4714,"validation"
4715,"train"
4716,"validation"
4717,"validation"
4718,"test"
4719,"train"
4720,"train"
4721,"train"
4722,"train"
4723,"train"
4724,"train"
4725,"train"
4726,"validation"
4727,"validation"
4728,"train"
4729,"train"
4730,"train"
4731,"train"
4732,"validation"
4733,"test"
4734,"train"
4735,"validation"
4736,"test"
4737,"train"
4738,"test"
4739,"validation"
4740,"train"
4741,"train"
4742,"train"
4743,"validation"
4744,"test"
4745,"test"
4746,"train"
4747,"train"
4748,"test"
4749,"train"
4750,"test"
4751,"validation"
4752,"train"
4753,"train"
4754,"train"
4755,"train"
4756,"train"
4757,"validation"
4758,"test"
4759,"test"
4760,"train"
4761,"train"
4762,"validation"
4763,"train"
4764,"train"
4765,"train"
4766,"validation"
4767,"train"
4768,"train"
4769,"test"
4770,"train"
4771,"train"
4772,"validation"
4773,"train"
4774,"validation"
4775,"train"
4776,"train"
4777,"train"
4778,"train"
4779,"train"
4780,"train"
4781,"test"
4782,"validation"
4783,"test"
4784,"train"
4785,"train"
4786,"validation"
4787,"validation"
4788,"train"
4789,"test"
4790,"test"
4791,"validation"
4792,"train"
4793,"test"
4794,"train"
4795,"train"
4796,"test"
4797,"train"
4798,"train"
4799,"train"
4800,"train"
4801,"train"
4802,"validation"
4803,"train"
4804,"train"
4805,"test"
4806,"train"
4807,"train"
4808,"test"
4809,"test"
4810,"train"
4811,"train"
4812,"train"
4813,"train"
4814,"train"
4815,"test"
4816,"train"
4817,"train"
4818,"train"
4819,"validation"
4820,"train"
4821,"train"
4822,"train"
4823,"test"
4824,"train"
4825,"train"
4826,"test"
4827,"train"
4828,"train"
4829,"train"
4830,"test"
4831,"test"
4832,"train"
4833,"train"
4834,"train"
4835,"train"
4836,"validation"
4837,"train"
4838,"validation"
4839,"test"
4840,"train"
4841,"validation"
4842,"validation"
4843,"train"
4844,"validation"
4845,"test"
4846,"test"
4847,"validation"
4848,"test"
4849,"train"
4850,"validation"
4851,"validation"
4852,"train"
4853,"test"
4854,"test"
4855,"test"
4856,"validation"
4857,"train"
4858,"validation"
4859,"train"
4860,"train"
4861,"train"
4862,"validation"
4863,"train"
4864,"train"
4865,"test"
4866,"test"
4867,"train"
4868,"train"
4869,"test"
4870,"train"
4871,"validation"
4872,"train"
4873,"test"
4874,"test"
4875,"test"
4876,"train"
4877,"train"
4878,"train"
4879,"validation"
4880,"train"
4881,"train"
4882,"train"
4883,"train"
4884,"train"
4885,"train"
4886,"test"
4887,"train"
4888,"test"
4889,"train"
4890,"train"
4891,"validation"
4892,"validation"
4893,"validation"
4894,"test"
4895,"validation"
4896,"validation"
4897,"train"
4898,"train"
4899,"test"
4900,"train"
4901,"validation"
4902,"train"
4903,"test"
4904,"train"
4905,"train"
4906,"test"
4907,"train"
4908,"train"
4909,"train"
4910,"validation"
4911,"train"
4912,"train"
4913,"test"
4914,"train"
4915,"train"
4916,"validation"
4917,"train"
4918,"train"
4919,"train"
4920,"train"
4921,"train"
4922,"validation"
4923,"validation"
4924,"test"
4925,"validation"
4926,"train"
4927,"validation"
4928,"train"
4929,"validation"
4930,"validation"
4931,"validation"
4932,"train"
4933,"train"
4934,"validation"
4935,"train"
4936,"test"
4937,"test"
4938,"train"
4939,"validation"
4940,"train"
4941,"validation"
4942,"train"
4943,"test"
4944,"test"
4945,"train"
4946,"test"
4947,"train"
4948,"train"
4949,"train"
4950,"test"
4951,"test"
4952,"validation"
4953,"train"
4954,"validation"
4955,"train"
4956,"test"
4957,"train"
4958,"validation"
4959,"test"
4960,"train"
4961,"validation"
4962,"train"
4963,"train"
4964,"train"
4965,"test"
4966,"train"
4967,"test"
4968,"validation"
4969,"train"
4970,"train"
4971,"test"
4972,"train"
4973,"train"
4974,"train"
4975,"train"
4976,"train"
4977,"test"
4978,"test"
4979,"train"
4980,"train"
4981,"validation"
4982,"train"
4983,"train"
4984,"train"
4985,"train"
4986,"test"
4987,"validation"
4988,"train"
4989,"validation"
4990,"train"
4991,"train"
4992,"train"
4993,"train"
4994,"train"
4995,"validation"
4996,"train"
4997,"validation"
4998,"test"
4999,"train"
5000,"validation"
5001,"test"
5002,"train"
5003,"train"
5004,"train"
5005,"validation"
5006,"validation"
5007,"test"
5008,"validation"
5009,"train"
5010,"test"
5011,"train"
5012,"train"
5013,"test"
5014,"test"
5015,"validation"
5016,"test"
5017,"train"
5018,"train"
5019,"train"
5020,"train"
5021,"validation"
5022,"validation"
5023,"validation"
5024,"train"
5025,"train"
5026,"train"
5027,"train"
5028,"train"
5029,"train"
5030,"train"
5031,"train"
5032,"train"
5033,"test"
5034,"validation"
5035,"test"
5036,"test"
5037,"validation"
5038,"train"
5039,"train"
5040,"validation"
5041,"test"
5042,"train"
5043,"train"
5044,"validation"
5045,"train"
5046,"train"
5047,"train"
5048,"train"
5049,"train"
5050,"test"
5051,"train"
5052,"test"
5053,"test"
5054,"train"
5055,"train"
5056,"train"
5057,"train"
5058,"train"
5059,"validation"
5060,"train"
5061,"train"
5062,"train"
5063,"validation"
5064,"train"
5065,"train"
5066,"test"
5067,"train"
5068,"train"
5069,"train"
5070,"test"
5071,"train"
5072,"train"
5073,"train"
5074,"train"
5075,"validation"
5076,"train"
5077,"validation"
5078,"train"
5079,"train"
5080,"train"
5081,"test"
5082,"validation"
5083,"train"
5084,"train"
5085,"train"
5086,"train"
5087,"validation"
5088,"train"
5089,"train"
5090,"validation"
5091,"test"
5092,"train"
5093,"train"
5094,"test"
5095,"train"
5096,"train"
5097,"validation"
5098,"train"
5099,"train"
5100,"train"
5101,"validation"
5102,"train"
5103,"train"
5104,"train"
5105,"train"
5106,"test"
5107,"train"
5108,"train"
5109,"test"
5110,"test"
5111,"train"
5112,"train"
5113,"validation"
5114,"test"
5115,"test"
5116,"validation"
5117,"train"
5118,"test"
5119,"train"
5120,"train"
5121,"train"
5122,"train"
5123,"test"
5124,"test"
5125,"test"
5126,"validation"
5127,"train"
5128,"validation"
5129,"train"
5130,"train"
5131,"test"
5132,"test"
5133,"train"
5134,"train"
5135,"train"
5136,"validation"
5137,"train"
5138,"train"
5139,"train"
5140,"train"
5141,"train"
5142,"train"
5143,"train"
5144,"train"
5145,"validation"
5146,"validation"
5147,"validation"
5148,"train"
5149,"test"
5150,"train"
5151,"train"
5152,"train"
5153,"train"
5154,"train"
5155,"train"
5156,"train"
5157,"train"
5158,"train"
5159,"train"
5160,"test"
5161,"test"
5162,"test"
5163,"train"
5164,"train"
5165,"train"
5166,"train"
5167,"validation"
5168,"validation"
5169,"test"
5170,"test"
5171,"train"
5172,"train"
5173,"train"
5174,"validation"
5175,"validation"
5176,"train"
5177,"train"
5178,"train"
5179,"train"
5180,"test"
5181,"train"
5182,"test"
5183,"train"
5184,"validation"
5185,"validation"
5186,"train"
5187,"train"
5188,"train"
5189,"train"
5190,"train"
5191,"test"
5192,"train"
5193,"train"
5194,"train"
5195,"train"
5196,"validation"
5197,"train"
5198,"test"
5199,"train"
5200,"train"
5201,"train"
5202,"train"
5203,"test"
5204,"test"
5205,"test"
5206,"test"
5207,"train"
5208,"test"
5209,"train"
5210,"test"
5211,"train"
5212,"train"
5213,"train"
5214,"train"
5215,"train"
5216,"test"
5217,"train"
5218,"train"
5219,"train"
5220,"train"
5221,"validation"
5222,"train"
5223,"train"
5224,"train"
5225,"test"
5226,"train"
5227,"validation"
5228,"test"
5229,"train"
5230,"validation"
5231,"test"
5232,"train"
5233,"validation"
5234,"validation"
5235,"test"
5236,"train"
5237,"train"
5238,"test"
5239,"train"
5240,"train"
5241,"validation"
5242,"train"
5243,"train"
5244,"validation"
5245,"train"
5246,"validation"
5247,"train"
5248,"train"
5249,"train"
5250,"test"
5251,"test"
5252,"train"
5253,"validation"
5254,"validation"
5255,"test"
5256,"train"
5257,"validation"
5258,"train"
5259,"train"
5260,"test"
5261,"train"
5262,"train"
5263,"validation"
5264,"test"
5265,"train"
5266,"test"
5267,"train"
5268,"train"
5269,"train"
5270,"train"
5271,"test"
5272,"validation"
5273,"train"
5274,"test"
5275,"train"
5276,"test"
5277,"train"
5278,"test"
5279,"test"
5280,"train"
5281,"train"
5282,"train"
5283,"validation"
5284,"validation"
5285,"train"
5286,"validation"
5287,"test"
5288,"train"
5289,"train"
5290,"test"
5291,"test"
5292,"test"
5293,"train"
5294,"train"
5295,"train"
5296,"validation"
5297,"validation"
5298,"train"
5299,"train"
5300,"train"
5301,"train"
5302,"train"
5303,"test"
5304,"train"
5305,"train"
5306,"test"
5307,"train"
5308,"test"
5309,"test"
5310,"train"
5311,"train"
5312,"train"
5313,"train"
5314,"train"
5315,"validation"
5316,"validation"
5317,"train"
5318,"train"
5319,"train"
5320,"test"
5321,"test"
5322,"train"
5323,"train"
5324,"test"
5325,"validation"
5326,"test"
5327,"train"
5328,"train"
5329,"validation"
5330,"validation"
5331,"validation"
5332,"validation"
5333,"train"
5334,"train"
5335,"train"
5336,"train"
5337,"train"
5338,"validation"
5339,"test"
5340,"train"
5341,"train"
5342,"train"
5343,"test"
5344,"validation"
5345,"test"
5346,"train"
5347,"validation"
5348,"train"
5349,"train"
5350,"validation"
5351,"train"
5352,"train"
5353,"validation"
5354,"validation"
5355,"train"
5356,"test"
5357,"test"
5358,"train"
5359,"train"
5360,"test"
5361,"train"
5362,"validation"
5363,"train"
5364,"train"
5365,"train"
5366,"test"
5367,"train"
5368,"train"
5369,"train"
5370,"train"
5371,"train"
5372,"test"
5373,"validation"
5374,"train"
5375,"train"
5376,"validation"
5377,"train"
5378,"test"
5379,"train"
5380,"train"
5381,"train"
5382,"train"
5383,"test"
5384,"validation"
5385,"train"
5386,"validation"
5387,"train"
5388,"train"
5389,"test"
5390,"test"
5391,"test"
5392,"train"
5393,"validation"
5394,"train"
5395,"test"
5396,"test"
5397,"train"
5398,"validation"
5399,"validation"
5400,"validation"
5401,"validation"
5402,"test"
5403,"test"
5404,"test"
5405,"train"
5406,"train"
5407,"train"
5408,"train"
5409,"train"
5410,"train"
5411,"train"
5412,"test"
5413,"train"
5414,"validation"
5415,"train"
5416,"train"
5417,"test"
5418,"validation"
5419,"validation"
5420,"validation"
5421,"validation"
5422,"validation"
5423,"test"
5424,"validation"
5425,"train"
5426,"train"
5427,"validation"
5428,"train"
5429,"train"
5430,"train"
5431,"train"
5432,"train"
5433,"train"
5434,"train"
5435,"train"
5436,"train"
5437,"validation"
5438,"train"
5439,"validation"
5440,"validation"
5441,"train"
5442,"train"
5443,"validation"
5444,"validation"
5445,"train"
5446,"test"
5447,"train"
5448,"validation"
5449,"validation"
5450,"test"
5451,"train"
5452,"train"
5453,"train"
5454,"train"
5455,"test"
5456,"test"
5457,"train"
5458,"test"
5459,"train"
5460,"train"
5461,"test"
5462,"train"
5463,"validation"
5464,"train"
5465,"train"
5466,"train"
5467,"validation"
5468,"test"
5469,"validation"
5470,"train"
5471,"train"
5472,"train"
5473,"test"
5474,"train"
5475,"train"
5476,"train"
5477,"train"
5478,"test"
5479,"test"
5480,"train"
5481,"train"
5482,"train"
5483,"train"
5484,"train"
5485,"train"
5486,"test"
5487,"test"
5488,"test"
5489,"train"
5490,"validation"
5491,"test"
5492,"test"
5493,"train"
5494,"train"
5495,"test"
5496,"train"
5497,"train"
5498,"train"
5499,"train"
5500,"train"
5501,"train"
5502,"validation"
5503,"train"
5504,"train"
5505,"train"
5506,"test"
5507,"train"
5508,"train"
5509,"test"
5510,"train"
5511,"test"
5512,"validation"
5513,"test"
5514,"train"
5515,"train"
5516,"test"
5517,"train"
5518,"train"
5519,"test"
5520,"test"
5521,"validation"
5522,"validation"
5523,"test"
5524,"validation"
5525,"train"
5526,"train"
5527,"train"
5528,"validation"
5529,"train"
5530,"validation"
5531,"test"
5532,"test"
5533,"train"
5534,"test"
5535,"train"
5536,"train"
5537,"train"
5538,"train"
5539,"train"
5540,"train"
5541,"train"
5542,"train"
5543,"validation"
5544,"validation"
5545,"train"
5546,"train"
5547,"validation"
5548,"train"
5549,"train"
5550,"train"
5551,"train"
5552,"validation"
5553,"validation"
5554,"test"
5555,"train"
5556,"test"
5557,"train"
5558,"validation"
5559,"test"
5560,"test"
5561,"train"
5562,"test"
5563,"test"
5564,"train"
5565,"train"
5566,"train"
5567,"train"
5568,"validation"
5569,"train"
5570,"train"
5571,"train"
5572,"train"
5573,"train"
5574,"train"
5575,"test"
5576,"train"
5577,"train"
5578,"validation"
5579,"train"
5580,"validation"
5581,"train"
5582,"train"
5583,"train"
5584,"test"
5585,"test"
5586,"train"
5587,"train"
5588,"train"
5589,"validation"
5590,"validation"
5591,"validation"
5592,"train"
5593,"train"
5594,"train"
5595,"test"
5596,"train"
5597,"train"
5598,"validation"
5599,"train"
5600,"train"
5601,"test"
5602,"validation"
5603,"validation"
5604,"train"
5605,"train"
5606,"train"
5607,"train"
5608,"train"
5609,"train"
5610,"train"
5611,"train"
5612,"train"
5613,"train"
5614,"validation"
5615,"validation"
5616,"train"
5617,"test"
5618,"train"
5619,"validation"
5620,"train"
5621,"train"
5622,"test"
5623,"validation"
5624,"test"
5625,"validation"
5626,"validation"
5627,"train"
5628,"train"
5629,"validation"
5630,"train"
5631,"train"
5632,"validation"
5633,"train"
5634,"test"
5635,"validation"
5636,"train"
5637,"validation"
5638,"train"
5639,"train"
5640,"train"
5641,"train"
5642,"train"
5643,"test"
5644,"train"
5645,"train"
5646,"train"
5647,"train"
5648,"train"
5649,"train"
5650,"train"
5651,"train"
5652,"validation"
5653,"train"
5654,"train"
5655,"train"
5656,"train"
5657,"test"
5658,"train"
5659,"test"
5660,"train"
5661,"test"
5662,"train"
5663,"validation"
5664,"train"
5665,"test"
5666,"train"
5667,"train"
5668,"train"
5669,"train"
5670,"train"
5671,"test"
5672,"train"
5673,"validation"
5674,"train"
5675,"train"
5676,"train"
5677,"validation"
5678,"train"
5679,"train"
5680,"train"
5681,"train"
5682,"train"
5683,"train"
5684,"test"
5685,"test"
5686,"test"
5687,"train"
5688,"validation"
5689,"validation"
5690,"validation"
5691,"train"
5692,"train"
5693,"train"
5694,"train"
5695,"train"
5696,"train"
5697,"validation"
5698,"test"
5699,"train"
5700,"train"
5701,"validation"
5702,"validation"
5703,"train"
5704,"train"
5705,"train"
5706,"train"
5707,"validation"
5708,"validation"
5709,"train"
5710,"train"
5711,"train"
5712,"test"
5713,"train"
5714,"validation"
5715,"train"
5716,"train"
5717,"train"
5718,"validation"
5719,"validation"
5720,"train"
5721,"train"
5722,"train"
5723,"validation"
5724,"train"
5725,"train"
5726,"test"
5727,"validation"
5728,"train"
5729,"train"
5730,"test"
5731,"validation"
5732,"train"
5733,"train"
5734,"train"
5735,"train"
5736,"test"
5737,"test"
5738,"validation"
5739,"train"
5740,"validation"
5741,"validation"
5742,"train"
5743,"validation"
5744,"test"
5745,"validation"
5746,"test"
5747,"train"
5748,"validation"
5749,"train"
5750,"train"
5751,"test"
5752,"test"
5753,"train"
5754,"train"
5755,"train"
5756,"test"
5757,"validation"
5758,"train"
5759,"validation"
5760,"train"
5761,"test"
5762,"validation"
5763,"train"
5764,"train"
5765,"validation"
5766,"validation"
5767,"validation"
5768,"train"
5769,"train"
5770,"train"
5771,"train"
5772,"train"
5773,"validation"
5774,"train"
5775,"train"
5776,"test"
5777,"train"
5778,"train"
5779,"validation"
5780,"train"
5781,"train"
5782,"train"
5783,"test"
5784,"test"
5785,"test"
5786,"train"
5787,"train"
5788,"train"
5789,"train"
5790,"train"
5791,"train"
5792,"train"
5793,"train"
5794,"test"
5795,"train"
5796,"test"
5797,"test"
5798,"train"
5799,"test"
5800,"train"
5801,"train"
5802,"test"
5803,"train"
5804,"validation"
5805,"validation"
5806,"train"
5807,"validation"
5808,"test"
5809,"train"
5810,"train"
5811,"train"
5812,"train"
5813,"train"
5814,"test"
5815,"train"
5816,"train"
5817,"validation"
5818,"train"
5819,"train"
5820,"validation"
5821,"train"
5822,"train"
5823,"validation"
5824,"train"
5825,"test"
5826,"test"
5827,"train"
5828,"train"
5829,"train"
5830,"train"
5831,"train"
5832,"train"
5833,"train"
5834,"train"
5835,"train"
5836,"train"
5837,"train"
5838,"train"
5839,"train"
5840,"validation"
5841,"train"
5842,"train"
5843,"test"
5844,"test"
5845,"validation"
5846,"test"
5847,"train"
5848,"validation"
5849,"train"
5850,"validation"
5851,"train"
5852,"train"
5853,"train"
5854,"validation"
5855,"train"
5856,"train"
5857,"test"
5858,"validation"
5859,"test"
5860,"train"
5861,"train"
5862,"train"
5863,"train"
5864,"train"
5865,"train"
5866,"train"
5867,"validation"
5868,"train"
5869,"train"
5870,"test"
5871,"train"
5872,"train"
5873,"train"
5874,"train"
5875,"validation"
5876,"train"
5877,"train"
5878,"train"
5879,"validation"
5880,"train"
5881,"train"
5882,"train"
5883,"train"
5884,"train"
5885,"validation"
5886,"train"
5887,"train"
5888,"train"
5889,"train"
5890,"validation"
5891,"train"
5892,"train"
5893,"train"
5894,"validation"
5895,"train"
5896,"test"
5897,"train"
5898,"validation"
5899,"train"
5900,"train"
5901,"validation"
5902,"train"
5903,"train"
5904,"train"
5905,"test"
5906,"test"
5907,"train"
5908,"test"
5909,"train"
5910,"train"
5911,"train"
5912,"train"
5913,"validation"
5914,"validation"
5915,"validation"
5916,"train"
5917,"train"
5918,"train"
5919,"train"
5920,"train"
5921,"validation"
5922,"train"
5923,"train"
5924,"test"
5925,"train"
5926,"train"
5927,"validation"
5928,"test"
5929,"train"
5930,"test"
5931,"test"
5932,"train"
5933,"test"
5934,"validation"
5935,"test"
5936,"train"
5937,"train"
5938,"train"
5939,"train"
5940,"train"
5941,"train"
5942,"train"
5943,"train"
5944,"train"
5945,"train"
5946,"train"
5947,"validation"
5948,"train"
5949,"train"
5950,"train"
5951,"train"
5952,"test"
5953,"train"
5954,"train"
5955,"train"
5956,"train"
5957,"train"
5958,"train"
5959,"train"
5960,"test"
5961,"validation"
5962,"train"
5963,"train"
5964,"train"
5965,"train"
5966,"train"
5967,"train"
5968,"train"
5969,"train"
5970,"validation"
5971,"test"
5972,"train"
5973,"train"
5974,"train"
5975,"train"
5976,"train"
5977,"train"
5978,"train"
5979,"train"
5980,"train"
5981,"test"
5982,"test"
5983,"test"
5984,"test"
5985,"validation"
5986,"train"
5987,"test"
5988,"validation"
5989,"train"
5990,"train"
5991,"train"
5992,"test"
5993,"train"
5994,"validation"
5995,"train"
5996,"train"
5997,"train"
5998,"train"
5999,"train"
6000,"train"
6001,"validation"
6002,"train"
6003,"train"
6004,"train"
6005,"train"
6006,"validation"
6007,"test"
6008,"validation"
6009,"validation"
6010,"train"
6011,"test"
6012,"test"
6013,"test"
6014,"train"
6015,"train"
6016,"test"
6017,"test"
6018,"validation"
6019,"train"
6020,"validation"
6021,"train"
6022,"train"
6023,"test"
6024,"test"
6025,"train"
6026,"train"
6027,"train"
6028,"validation"
6029,"test"
6030,"train"
6031,"test"
6032,"validation"
6033,"train"
6034,"test"
6035,"validation"
6036,"train"
6037,"validation"
6038,"validation"
6039,"train"
6040,"train"
6041,"validation"
6042,"train"
6043,"validation"
6044,"train"
6045,"train"
6046,"train"
6047,"train"
6048,"train"
6049,"test"
6050,"validation"
6051,"validation"
6052,"validation"
6053,"validation"
6054,"train"
6055,"train"
6056,"train"
6057,"train"
6058,"train"
6059,"test"
6060,"train"
6061,"train"
6062,"train"
6063,"validation"
6064,"train"
6065,"train"
6066,"test"
6067,"train"
6068,"validation"
6069,"train"
6070,"train"
6071,"train"
6072,"validation"
6073,"train"
6074,"train"
6075,"test"
6076,"train"
6077,"train"
6078,"train"
6079,"test"
6080,"train"
6081,"test"
6082,"test"
6083,"train"
6084,"train"
6085,"train"
6086,"test"
6087,"train"
6088,"train"
6089,"train"
6090,"train"
6091,"train"
6092,"validation"
6093,"train"
6094,"train"
6095,"validation"
6096,"test"
6097,"train"
6098,"train"
6099,"test"
6100,"test"
6101,"train"
6102,"train"
6103,"train"
6104,"train"
6105,"test"
6106,"train"
6107,"train"
6108,"validation"
6109,"train"
6110,"validation"
6111,"test"
6112,"test"
6113,"train"
6114,"test"
6115,"train"
6116,"validation"
6117,"test"
6118,"train"
6119,"test"
6120,"train"
6121,"train"
6122,"test"
6123,"train"
6124,"train"
6125,"validation"
6126,"train"
6127,"train"
6128,"train"
6129,"train"
6130,"test"
6131,"train"
6132,"validation"
6133,"train"
6134,"validation"
6135,"train"
6136,"test"
6137,"validation"
6138,"train"
6139,"train"
6140,"test"
6141,"train"
6142,"validation"
6143,"train"
6144,"train"
6145,"train"
6146,"train"
6147,"train"
6148,"validation"
6149,"validation"
6150,"validation"
6151,"test"
6152,"test"
6153,"test"
6154,"train"
6155,"test"
6156,"train"
6157,"train"
6158,"train"
6159,"validation"
6160,"train"
6161,"test"
6162,"validation"
6163,"validation"
6164,"test"
6165,"validation"
6166,"test"
6167,"train"
6168,"test"
6169,"test"
6170,"validation"
6171,"train"
6172,"test"
6173,"train"
6174,"train"
6175,"train"
6176,"train"
6177,"validation"
6178,"train"
6179,"train"
6180,"validation"
6181,"validation"
6182,"validation"
6183,"test"
6184,"validation"
6185,"train"
6186,"train"
6187,"train"
6188,"train"
6189,"train"
6190,"train"
6191,"train"
6192,"train"
6193,"train"
6194,"test"
6195,"train"
6196,"train"
6197,"validation"
6198,"train"
6199,"train"
6200,"train"
6201,"train"
6202,"test"
6203,"test"
6204,"train"
6205,"validation"
6206,"train"
6207,"train"
6208,"train"
6209,"validation"
6210,"train"
6211,"train"
6212,"train"
6213,"train"
6214,"train"
6215,"train"
6216,"train"
6217,"train"
6218,"train"
6219,"validation"
6220,"validation"
6221,"train"
6222,"test"
6223,"validation"
6224,"validation"
6225,"validation"
6226,"train"
6227,"train"
6228,"train"
6229,"test"
6230,"validation"
6231,"train"
6232,"train"
6233,"test"
6234,"train"
6235,"train"
6236,"train"
6237,"train"
6238,"validation"
6239,"train"
6240,"train"
6241,"train"
6242,"train"
6243,"train"
6244,"train"
6245,"test"
6246,"test"
6247,"validation"
6248,"validation"
6249,"test"
6250,"train"
6251,"train"
6252,"train"
6253,"train"
6254,"train"
6255,"validation"
6256,"train"
6257,"test"
6258,"validation"
6259,"train"
6260,"train"
6261,"train"
6262,"train"
6263,"validation"
6264,"test"
6265,"train"
6266,"train"
6267,"train"
6268,"validation"
6269,"test"
6270,"test"
6271,"test"
6272,"train"
6273,"test"
6274,"test"
6275,"train"
6276,"train"
6277,"train"
6278,"test"
6279,"train"
6280,"train"
6281,"train"
6282,"train"
6283,"validation"
6284,"test"
6285,"train"
6286,"validation"
6287,"test"
6288,"train"
6289,"validation"
6290,"train"
6291,"train"
6292,"validation"
6293,"test"
6294,"train"
6295,"train"
6296,"train"
6297,"train"
6298,"validation"
6299,"train"
6300,"train"
6301,"train"
6302,"train"
6303,"test"
6304,"validation"
6305,"validation"
6306,"train"
6307,"test"
6308,"validation"
6309,"validation"
6310,"test"
6311,"train"
6312,"train"
6313,"test"
6314,"test"
6315,"train"
6316,"test"
6317,"train"
6318,"train"
6319,"train"
6320,"train"
6321,"train"
6322,"train"
6323,"train"
6324,"train"
6325,"train"
6326,"validation"
6327,"train"
6328,"train"
6329,"test"
6330,"validation"
6331,"validation"
6332,"validation"
6333,"train"
6334,"train"
6335,"train"
6336,"train"
6337,"train"
6338,"test"
6339,"validation"
6340,"train"
6341,"test"
6342,"validation"
6343,"test"
6344,"test"
6345,"train"
6346,"train"
6347,"train"
6348,"test"
6349,"train"
6350,"train"
6351,"train"
6352,"test"
6353,"train"
6354,"validation"
6355,"train"
6356,"validation"
6357,"train"
6358,"train"
6359,"test"
6360,"validation"
6361,"validation"
6362,"train"
6363,"train"
6364,"test"
6365,"test"
6366,"validation"
6367,"train"
6368,"train"
6369,"train"
6370,"test"
6371,"test"
6372,"train"
6373,"test"
6374,"test"
6375,"train"
6376,"validation"
6377,"train"
6378,"test"
6379,"train"
6380,"train"
6381,"train"
6382,"train"
6383,"train"
6384,"train"
6385,"train"
6386,"train"
6387,"test"
6388,"train"
6389,"train"
6390,"train"
6391,"validation"
6392,"test"
6393,"train"
6394,"train"
6395,"validation"
6396,"train"
6397,"train"
6398,"train"
6399,"train"
6400,"train"
6401,"test"
6402,"train"
6403,"test"
6404,"train"
6405,"test"
6406,"train"
6407,"train"
6408,"train"
6409,"train"
6410,"train"
6411,"validation"
6412,"train"
6413,"train"
6414,"validation"
6415,"validation"
6416,"validation"
6417,"train"
6418,"test"
6419,"train"
6420,"train"
6421,"train"
6422,"validation"
6423,"train"
6424,"train"
6425,"train"
6426,"train"
6427,"test"
6428,"train"
6429,"test"
6430,"train"
6431,"train"
6432,"test"
6433,"validation"
6434,"test"
6435,"train"
6436,"train"
6437,"test"
6438,"validation"
6439,"train"
6440,"test"
6441,"test"
6442,"train"
6443,"train"
6444,"train"
6445,"test"
6446,"train"
6447,"validation"
6448,"train"
6449,"train"
6450,"train"
6451,"train"
6452,"train"
6453,"train"
6454,"test"
6455,"train"
6456,"train"
6457,"validation"
6458,"train"
6459,"train"
6460,"train"
6461,"validation"
6462,"test"
6463,"train"
6464,"train"
6465,"train"
6466,"validation"
6467,"test"
6468,"train"
6469,"train"
6470,"train"
6471,"validation"
6472,"train"
6473,"validation"
6474,"train"
6475,"validation"
6476,"validation"
6477,"train"
6478,"validation"
6479,"validation"
6480,"test"
6481,"test"
6482,"train"
6483,"train"
6484,"test"
6485,"train"
6486,"train"
6487,"train"
6488,"validation"
6489,"train"
6490,"train"
6491,"train"
6492,"test"
6493,"train"
6494,"train"
6495,"train"
6496,"train"
6497,"train"
6498,"train"
6499,"test"
6500,"validation"
6501,"train"
6502,"train"
6503,"validation"
6504,"validation"
6505,"train"
6506,"train"
6507,"train"
6508,"train"
6509,"train"
6510,"train"
6511,"validation"
6512,"validation"
6513,"train"
6514,"test"
6515,"train"
6516,"train"
6517,"train"
6518,"test"
6519,"train"
6520,"train"
6521,"validation"
6522,"validation"
6523,"train"
6524,"validation"
6525,"train"
6526,"train"
6527,"train"
6528,"train"
6529,"test"
6530,"test"
6531,"validation"
6532,"test"
6533,"train"
6534,"train"
6535,"validation"
6536,"validation"
6537,"train"
6538,"train"
6539,"test"
6540,"train"
6541,"train"
6542,"train"
6543,"train"
6544,"test"
6545,"train"
6546,"test"
6547,"train"
6548,"train"
6549,"test"
6550,"test"
6551,"train"
6552,"validation"
6553,"train"
6554,"train"
6555,"test"
6556,"validation"
6557,"train"
6558,"test"
6559,"train"
6560,"validation"
6561,"train"
6562,"train"
6563,"validation"
6564,"train"
6565,"validation"
6566,"train"
6567,"train"
6568,"test"
6569,"train"
6570,"test"
6571,"validation"
6572,"train"
6573,"test"
6574,"validation"
6575,"train"
6576,"train"
6577,"test"
6578,"test"
6579,"validation"
6580,"train"
6581,"train"
6582,"train"
6583,"validation"
6584,"train"
6585,"test"
6586,"test"
6587,"train"
6588,"train"
6589,"validation"
6590,"train"
6591,"validation"
6592,"train"
6593,"train"
6594,"train"
6595,"train"
6596,"validation"
6597,"train"
6598,"train"
6599,"train"
6600,"train"
6601,"test"
6602,"train"
6603,"validation"
6604,"train"
6605,"train"
6606,"validation"
6607,"train"
6608,"validation"
6609,"test"
6610,"validation"
6611,"test"
6612,"test"
6613,"train"
6614,"test"
6615,"train"
6616,"test"
6617,"validation"
6618,"train"
6619,"train"
6620,"validation"
6621,"train"
6622,"train"
6623,"train"
6624,"train"
6625,"test"
6626,"train"
6627,"test"
6628,"test"
6629,"train"
6630,"test"
6631,"train"
6632,"train"
6633,"train"
6634,"train"
6635,"validation"
6636,"train"
6637,"train"
6638,"train"
6639,"train"
6640,"validation"
6641,"validation"
6642,"train"
6643,"validation"
6644,"test"
6645,"validation"
6646,"train"
6647,"train"
6648,"validation"
6649,"test"
6650,"train"
6651,"test"
6652,"test"
6653,"validation"
6654,"test"
6655,"train"
6656,"test"
6657,"train"
6658,"train"
6659,"train"
6660,"train"
6661,"validation"
6662,"train"
6663,"test"
6664,"train"
6665,"validation"
6666,"validation"
6667,"validation"
6668,"train"
6669,"validation"
6670,"validation"
6671,"train"
6672,"validation"
6673,"test"
6674,"train"
6675,"test"
6676,"train"
6677,"train"
6678,"train"
6679,"train"
6680,"test"
6681,"test"
6682,"test"
6683,"train"
6684,"train"
6685,"test"
6686,"train"
6687,"train"
6688,"train"
6689,"validation"
6690,"test"
6691,"train"
6692,"test"
6693,"train"
6694,"validation"
6695,"test"
6696,"train"
6697,"test"
6698,"train"
6699,"test"
6700,"train"
6701,"test"
6702,"train"
6703,"train"
6704,"train"
6705,"test"
6706,"train"
6707,"validation"
6708,"test"
6709,"train"
6710,"train"
6711,"train"
6712,"validation"
6713,"train"
6714,"train"
6715,"train"
6716,"test"
6717,"test"
6718,"train"
6719,"validation"
6720,"train"
6721,"train"
6722,"train"
6723,"train"
6724,"train"
6725,"train"
6726,"train"
6727,"train"
6728,"validation"
6729,"train"
6730,"train"
6731,"test"
6732,"test"
6733,"validation"
6734,"train"
6735,"train"
6736,"train"
6737,"validation"
6738,"train"
6739,"train"
6740,"test"
6741,"validation"
6742,"test"
6743,"train"
6744,"train"
6745,"validation"
6746,"train"
6747,"train"
6748,"train"
6749,"validation"
6750,"train"
6751,"train"
6752,"train"
6753,"validation"
6754,"train"
6755,"train"
6756,"train"
6757,"test"
6758,"train"
6759,"validation"
6760,"train"
6761,"test"
6762,"train"
6763,"train"
6764,"train"
6765,"test"
6766,"train"
6767,"train"
6768,"train"
6769,"train"
6770,"validation"
6771,"train"
6772,"train"
6773,"train"
6774,"train"
6775,"train"
6776,"train"
6777,"validation"
6778,"validation"
6779,"train"
6780,"train"
6781,"test"
6782,"validation"
6783,"validation"
6784,"validation"
6785,"train"
6786,"test"
6787,"train"
6788,"validation"
6789,"train"
6790,"validation"
6791,"validation"
6792,"train"
6793,"train"
6794,"validation"
6795,"train"
6796,"train"
6797,"train"
6798,"validation"
6799,"validation"
6800,"test"
6801,"train"
6802,"train"
6803,"train"
6804,"train"
6805,"train"
6806,"train"
6807,"train"
6808,"train"
6809,"train"
6810,"validation"
6811,"validation"
6812,"train"
6813,"train"
6814,"train"
6815,"train"
6816,"test"
6817,"train"
6818,"train"
6819,"test"
6820,"validation"
6821,"validation"
6822,"train"
6823,"train"
6824,"train"
6825,"train"
6826,"train"
6827,"validation"
6828,"train"
6829,"test"
6830,"validation"
6831,"validation"
6832,"test"
6833,"test"
6834,"test"
6835,"train"
6836,"test"
6837,"train"
6838,"train"
6839,"train"
6840,"train"
6841,"test"
6842,"train"
6843,"train"
6844,"train"
6845,"validation"
6846,"test"
6847,"train"
6848,"train"
6849,"train"
6850,"train"
6851,"test"
6852,"train"
6853,"test"
6854,"train"
6855,"train"
6856,"train"
6857,"train"
6858,"test"
6859,"test"
6860,"train"
6861,"train"
6862,"train"
6863,"train"
6864,"train"
6865,"test"
6866,"train"
6867,"train"
6868,"train"
6869,"train"
6870,"train"
6871,"validation"
6872,"validation"
6873,"validation"
6874,"train"
6875,"test"
6876,"train"
6877,"train"
6878,"train"
6879,"train"
6880,"train"
6881,"train"
6882,"test"
6883,"train"
6884,"validation"
6885,"train"
6886,"train"
6887,"train"
6888,"validation"
6889,"validation"
6890,"test"
6891,"validation"
6892,"validation"
6893,"train"
6894,"validation"
6895,"test"
6896,"train"
6897,"test"
6898,"train"
6899,"validation"
6900,"validation"
6901,"train"
6902,"validation"
6903,"train"
6904,"train"
6905,"train"
6906,"train"
6907,"test"
6908,"train"
6909,"validation"
6910,"train"
6911,"train"
6912,"train"
6913,"train"
6914,"test"
6915,"validation"
6916,"train"
6917,"validation"
6918,"test"
6919,"validation"
6920,"train"
6921,"train"
6922,"validation"
6923,"train"
6924,"train"
6925,"train"
6926,"train"
6927,"validation"
6928,"test"
6929,"train"
6930,"test"
6931,"validation"
6932,"validation"
6933,"validation"
6934,"validation"
6935,"train"
6936,"train"
6937,"train"
6938,"train"
6939,"test"
6940,"test"
6941,"train"
6942,"validation"
6943,"validation"
6944,"train"
6945,"test"
6946,"train"
6947,"test"
6948,"train"
6949,"train"
6950,"train"
6951,"train"
6952,"test"
6953,"train"
6954,"train"
6955,"train"
6956,"train"
6957,"train"
6958,"test"
6959,"train"
6960,"validation"
6961,"validation"
6962,"train"
6963,"train"
6964,"train"
6965,"train"
6966,"validation"
6967,"train"
6968,"train"
6969,"test"
6970,"train"
6971,"train"
6972,"validation"
6973,"train"
6974,"validation"
6975,"train"
6976,"train"
6977,"validation"
6978,"train"
6979,"train"
6980,"validation"
6981,"train"
6982,"test"
6983,"train"
6984,"validation"
6985,"train"
6986,"train"
6987,"train"
6988,"train"
6989,"test"
6990,"validation"
6991,"validation"
6992,"test"
6993,"validation"
6994,"validation"
6995,"validation"
6996,"train"
6997,"train"
6998,"train"
6999,"test"
7000,"train"
7001,"test"
7002,"test"
7003,"train"
7004,"train"
7005,"test"
7006,"train"
7007,"train"
7008,"train"
7009,"train"
7010,"test"
7011,"train"
7012,"test"
7013,"validation"
7014,"train"
7015,"train"
7016,"train"
7017,"validation"
7018,"validation"
7019,"train"
7020,"test"
7021,"test"
7022,"train"
7023,"train"
7024,"train"
7025,"train"
7026,"train"
7027,"validation"
7028,"train"
7029,"train"
7030,"train"
7031,"train"
7032,"train"
7033,"validation"
7034,"validation"
7035,"train"
7036,"train"
7037,"test"
7038,"train"
7039,"train"
7040,"train"
7041,"train"
7042,"train"
7043,"validation"
7044,"train"
7045,"train"
7046,"train"
7047,"train"
7048,"train"
7049,"test"
7050,"train"
7051,"validation"
7052,"train"
7053,"train"
7054,"train"
7055,"test"
7056,"train"
7057,"test"
7058,"validation"
7059,"train"
7060,"train"
7061,"test"
7062,"train"
7063,"test"
7064,"validation"
7065,"train"
7066,"validation"
7067,"train"
7068,"train"
7069,"validation"
7070,"train"
7071,"validation"
7072,"test"
7073,"train"
7074,"train"
7075,"train"
7076,"validation"
7077,"train"
7078,"validation"
7079,"train"
7080,"test"
7081,"train"
7082,"train"
7083,"train"
7084,"test"
7085,"train"
7086,"test"
7087,"train"
7088,"train"
7089,"validation"
7090,"train"
7091,"train"
7092,"test"
7093,"validation"
7094,"validation"
7095,"test"
7096,"validation"
7097,"validation"
7098,"train"
7099,"train"
7100,"test"
7101,"train"
7102,"train"
7103,"train"
7104,"train"
7105,"validation"
7106,"test"
7107,"test"
7108,"test"
7109,"train"
7110,"validation"
7111,"train"
7112,"validation"
7113,"train"
7114,"train"
7115,"train"
7116,"train"
7117,"validation"
7118,"train"
7119,"train"
7120,"train"
7121,"test"
7122,"train"
7123,"test"
7124,"train"
7125,"train"
7126,"train"
7127,"validation"
7128,"train"
7129,"train"
7130,"validation"
7131,"train"
7132,"train"
7133,"test"
7134,"train"
7135,"train"
7136,"train"
7137,"train"
7138,"train"
7139,"validation"
7140,"test"
7141,"train"
7142,"validation"
7143,"validation"
7144,"train"
7145,"train"
7146,"train"
7147,"train"
7148,"train"
7149,"validation"
7150,"validation"
7151,"train"
7152,"train"
7153,"validation"
7154,"test"
7155,"train"
7156,"train"
7157,"validation"
7158,"train"
7159,"train"
7160,"train"
7161,"train"
7162,"validation"
7163,"test"
7164,"train"
7165,"test"
7166,"validation"
7167,"train"
7168,"train"
7169,"test"
7170,"train"
7171,"validation"
7172,"train"
7173,"train"
7174,"train"
7175,"train"
7176,"test"
7177,"test"
7178,"validation"
7179,"train"
7180,"test"
7181,"test"
7182,"train"
7183,"test"
7184,"train"
7185,"train"
7186,"train"
7187,"train"
7188,"train"
7189,"train"
7190,"train"
7191,"train"
7192,"train"
7193,"validation"
7194,"validation"
7195,"validation"
7196,"train"
7197,"validation"
7198,"train"
7199,"train"
7200,"train"
7201,"train"
7202,"validation"
7203,"train"
7204,"validation"
7205,"train"
7206,"train"
7207,"train"
7208,"train"
7209,"test"
7210,"train"
7211,"train"
7212,"train"
7213,"train"
7214,"validation"
7215,"test"
7216,"test"
7217,"train"
7218,"train"
7219,"train"
7220,"validation"
7221,"train"
7222,"train"
7223,"train"
7224,"train"
7225,"validation"
7226,"validation"
7227,"train"
7228,"validation"
7229,"validation"
7230,"test"
7231,"train"
7232,"validation"
7233,"train"
7234,"train"
7235,"test"
7236,"train"
7237,"train"
7238,"train"
7239,"train"
7240,"train"
7241,"train"
7242,"validation"
7243,"train"
7244,"train"
7245,"validation"
7246,"validation"
7247,"train"
7248,"train"
7249,"test"
7250,"train"
7251,"train"
7252,"validation"
7253,"train"
7254,"train"
7255,"train"
7256,"train"
7257,"train"
7258,"train"
7259,"train"
7260,"train"
7261,"test"
7262,"train"
7263,"train"
7264,"train"
7265,"train"
7266,"test"
7267,"test"
7268,"validation"
7269,"train"
7270,"train"
7271,"train"
7272,"train"
7273,"train"
7274,"test"
7275,"train"
7276,"train"
7277,"test"
7278,"train"
7279,"train"
7280,"test"
7281,"train"
7282,"train"
7283,"train"
7284,"train"
7285,"test"
7286,"train"
7287,"test"
7288,"test"
7289,"train"
7290,"validation"
7291,"validation"
7292,"train"
7293,"train"
7294,"validation"
7295,"train"
7296,"train"
7297,"test"
7298,"train"
7299,"train"
7300,"train"
7301,"train"
7302,"validation"
7303,"train"
7304,"train"
7305,"validation"
7306,"validation"
7307,"test"
7308,"train"
7309,"validation"
7310,"test"
7311,"train"
7312,"validation"
7313,"train"
7314,"train"
7315,"train"
7316,"test"
7317,"train"
7318,"validation"
7319,"train"
7320,"test"
7321,"test"
7322,"train"
7323,"train"
7324,"train"
7325,"train"
7326,"train"
7327,"train"
7328,"train"
7329,"test"
7330,"train"
7331,"validation"
7332,"validation"
7333,"train"
7334,"train"
7335,"validation"
7336,"train"
7337,"train"
7338,"validation"
7339,"train"
7340,"validation"
7341,"validation"
7342,"train"
7343,"train"
7344,"train"
7345,"test"
7346,"train"
7347,"test"
7348,"train"
7349,"test"
7350,"validation"
7351,"train"
7352,"train"
7353,"validation"
7354,"validation"
7355,"test"
7356,"validation"
7357,"test"
7358,"test"
7359,"train"
7360,"train"
7361,"train"
7362,"validation"
7363,"train"
7364,"train"
7365,"train"
7366,"train"
7367,"test"
7368,"train"
7369,"test"
7370,"train"
7371,"validation"
7372,"test"
7373,"validation"
7374,"test"
7375,"test"
7376,"test"
7377,"train"
7378,"train"
7379,"train"
7380,"train"
7381,"train"
7382,"test"
7383,"train"
7384,"validation"
7385,"train"
7386,"train"
7387,"train"
7388,"train"
7389,"train"
7390,"train"
7391,"test"
7392,"train"
7393,"train"
7394,"train"
7395,"train"
7396,"train"
7397,"train"
7398,"train"
7399,"validation"
7400,"train"
7401,"train"
7402,"train"
7403,"train"
7404,"test"
7405,"test"
7406,"train"
7407,"validation"
7408,"train"
7409,"train"
7410,"test"
7411,"validation"
7412,"train"
7413,"train"
7414,"train"
7415,"validation"
7416,"train"
7417,"train"
7418,"test"
7419,"validation"
7420,"validation"
7421,"test"
7422,"train"
7423,"train"
7424,"train"
7425,"train"
7426,"train"
7427,"validation"
7428,"test"
7429,"train"
7430,"validation"
7431,"train"
7432,"validation"
7433,"test"
7434,"test"
7435,"validation"
7436,"train"
7437,"test"
7438,"validation"
7439,"test"
7440,"train"
7441,"validation"
7442,"train"
7443,"validation"
7444,"validation"
7445,"train"
7446,"train"
7447,"train"
7448,"train"
7449,"test"
7450,"test"
7451,"train"
7452,"test"
7453,"train"
7454,"train"
7455,"validation"
7456,"train"
7457,"train"
7458,"train"
7459,"train"
7460,"train"
7461,"train"
7462,"train"
7463,"test"
7464,"train"
7465,"train"
7466,"train"
7467,"train"
7468,"validation"
7469,"train"
7470,"train"
7471,"train"
7472,"validation"
7473,"test"
7474,"train"
7475,"test"
7476,"train"
7477,"validation"
7478,"train"
7479,"train"
7480,"train"
7481,"train"
7482,"train"
7483,"test"
7484,"train"
7485,"train"
7486,"test"
7487,"train"
7488,"train"
7489,"test"
7490,"validation"
7491,"test"
7492,"train"
7493,"validation"
7494,"train"
7495,"train"
7496,"test"
7497,"validation"
7498,"validation"
7499,"train"
7500,"validation"
7501,"test"
7502,"validation"
7503,"validation"
7504,"train"
7505,"test"
7506,"validation"
7507,"train"
7508,"train"
7509,"train"
7510,"train"
7511,"validation"
7512,"train"
7513,"train"
7514,"train"
7515,"test"
7516,"test"
7517,"train"
7518,"test"
7519,"train"
7520,"train"
7521,"train"
7522,"validation"
7523,"train"
7524,"test"
7525,"train"
7526,"train"
7527,"test"
7528,"validation"
7529,"train"
7530,"train"
7531,"train"
7532,"train"
7533,"train"
7534,"train"
7535,"test"
7536,"train"
7537,"train"
7538,"train"
7539,"test"
7540,"train"
7541,"train"
7542,"validation"
7543,"train"
7544,"validation"
7545,"train"
7546,"train"
7547,"test"
7548,"train"
7549,"train"
7550,"train"
7551,"train"
7552,"train"
7553,"train"
7554,"test"
7555,"train"
7556,"train"
7557,"test"
7558,"test"
7559,"train"
7560,"train"
7561,"train"
7562,"validation"
7563,"train"
7564,"train"
7565,"validation"
7566,"train"
7567,"train"
7568,"train"
7569,"train"
7570,"train"
7571,"train"
7572,"train"
7573,"train"
7574,"train"
7575,"validation"
7576,"train"
7577,"train"
7578,"train"
7579,"train"
7580,"validation"
7581,"train"
7582,"train"
7583,"train"
7584,"test"
7585,"train"
7586,"test"
7587,"test"
7588,"train"
7589,"train"
7590,"test"
7591,"train"
7592,"test"
7593,"validation"
7594,"validation"
7595,"test"
7596,"test"
7597,"train"
7598,"train"
7599,"train"
7600,"train"
7601,"train"
7602,"train"
7603,"validation"
7604,"train"
7605,"test"
7606,"test"
7607,"train"
7608,"validation"
7609,"train"
7610,"train"
7611,"validation"
7612,"train"
7613,"train"
7614,"train"
7615,"train"
7616,"validation"
7617,"train"
7618,"train"
7619,"train"
7620,"train"
7621,"validation"
7622,"train"
7623,"test"
7624,"validation"
7625,"train"
7626,"train"
7627,"train"
7628,"test"
7629,"test"
7630,"train"
7631,"train"
7632,"train"
7633,"test"
7634,"train"
7635,"train"
7636,"train"
7637,"train"
7638,"validation"
7639,"train"
7640,"train"
7641,"train"
7642,"train"
7643,"validation"
7644,"validation"
7645,"train"
7646,"train"
7647,"train"
7648,"test"
7649,"train"
7650,"validation"
7651,"validation"
7652,"train"
7653,"train"
7654,"test"
7655,"train"
7656,"train"
7657,"test"
7658,"validation"
7659,"test"
7660,"train"
7661,"test"
7662,"train"
7663,"test"
7664,"validation"
7665,"train"
7666,"test"
7667,"train"
7668,"train"
7669,"validation"
7670,"train"
7671,"validation"
7672,"train"
7673,"train"
7674,"train"
7675,"test"
7676,"validation"
7677,"train"
7678,"test"
7679,"validation"
7680,"train"
7681,"validation"
7682,"test"
7683,"train"
7684,"validation"
7685,"validation"
7686,"test"
7687,"test"
7688,"test"
7689,"test"
7690,"train"
7691,"validation"
7692,"test"
7693,"validation"
7694,"test"
7695,"train"
7696,"validation"
7697,"train"
7698,"validation"
7699,"train"
7700,"train"
7701,"test"
7702,"validation"
7703,"train"
7704,"train"
7705,"train"
7706,"validation"
7707,"train"
7708,"train"
7709,"test"
7710,"train"
7711,"test"
7712,"train"
7713,"validation"
7714,"train"
7715,"train"
7716,"validation"
7717,"validation"
7718,"train"
7719,"train"
7720,"test"
7721,"train"
7722,"train"
7723,"train"
7724,"train"
7725,"train"
7726,"train"
7727,"train"
7728,"test"
7729,"train"
7730,"test"
7731,"train"
7732,"train"
7733,"train"
7734,"train"
7735,"test"
7736,"test"
7737,"train"
7738,"test"
7739,"test"
7740,"validation"
7741,"validation"
7742,"train"
7743,"train"
7744,"validation"
7745,"test"
7746,"test"
7747,"train"
7748,"validation"
7749,"train"
7750,"train"
7751,"train"
7752,"train"
7753,"test"
7754,"test"
7755,"train"
7756,"validation"
7757,"validation"
7758,"test"
7759,"validation"
7760,"train"
7761,"train"
7762,"test"
7763,"train"
7764,"train"
7765,"train"
7766,"train"
7767,"train"
7768,"validation"
7769,"train"
7770,"test"
7771,"train"
7772,"train"
7773,"train"
7774,"test"
7775,"train"
7776,"test"
7777,"validation"
7778,"validation"
7779,"train"
7780,"train"
7781,"train"
7782,"test"
7783,"train"
7784,"train"
7785,"train"
7786,"train"
7787,"train"
7788,"train"
7789,"test"
7790,"validation"
7791,"train"
7792,"validation"
7793,"train"
7794,"validation"
7795,"train"
7796,"train"
7797,"test"
7798,"train"
7799,"train"
7800,"train"
7801,"test"
7802,"train"
7803,"test"
7804,"train"
7805,"validation"
7806,"validation"
7807,"train"
7808,"train"
7809,"train"
7810,"validation"
7811,"train"
7812,"train"
7813,"test"
7814,"test"
7815,"train"
7816,"validation"
7817,"train"
7818,"train"
7819,"train"
7820,"train"
7821,"validation"
7822,"train"
7823,"test"
7824,"validation"
7825,"test"
7826,"train"
7827,"validation"
7828,"train"
7829,"train"
7830,"train"
7831,"validation"
7832,"test"
7833,"test"
7834,"train"
7835,"test"
7836,"validation"
7837,"test"
7838,"test"
7839,"test"
7840,"train"
7841,"train"
7842,"validation"
7843,"test"
7844,"train"
7845,"validation"
7846,"test"
7847,"train"
7848,"test"
7849,"train"
7850,"test"
7851,"validation"
7852,"train"
7853,"train"
7854,"train"
7855,"validation"
7856,"train"
7857,"train"
7858,"validation"
7859,"train"
7860,"train"
7861,"train"
7862,"train"
7863,"train"
7864,"train"
7865,"train"
7866,"train"
7867,"train"
7868,"train"
7869,"validation"
7870,"train"
7871,"train"
7872,"validation"
7873,"train"
7874,"train"
7875,"train"
7876,"test"
7877,"train"
7878,"train"
7879,"train"
7880,"train"
7881,"test"
7882,"validation"
7883,"train"
7884,"train"
7885,"test"
7886,"train"
7887,"train"
7888,"validation"
7889,"train"
7890,"train"
7891,"validation"
7892,"train"
7893,"train"
7894,"train"
7895,"train"
7896,"test"
7897,"validation"
7898,"train"
7899,"train"
7900,"train"
7901,"validation"
7902,"train"
7903,"train"
7904,"train"
7905,"validation"
7906,"train"
7907,"test"
7908,"train"
7909,"train"
7910,"train"
7911,"train"
7912,"train"
7913,"train"
7914,"train"
7915,"train"
7916,"train"
7917,"test"
7918,"train"
7919,"test"
7920,"test"
7921,"test"
7922,"test"
7923,"train"
7924,"train"
7925,"test"
7926,"validation"
7927,"train"
7928,"validation"
7929,"train"
7930,"train"
7931,"train"
7932,"validation"
7933,"train"
7934,"validation"
7935,"test"
7936,"validation"
7937,"train"
7938,"train"
7939,"train"
7940,"test"
7941,"train"
7942,"train"
7943,"test"
7944,"train"
7945,"test"
7946,"train"
7947,"train"
7948,"train"
7949,"train"
7950,"train"
7951,"validation"
7952,"train"
7953,"validation"
7954,"train"
7955,"train"
7956,"train"
7957,"train"
7958,"train"
7959,"validation"
7960,"train"
7961,"test"
7962,"test"
7963,"train"
7964,"train"
7965,"validation"
7966,"test"
7967,"train"
7968,"validation"
7969,"test"
7970,"train"
7971,"train"
7972,"train"
7973,"train"
7974,"test"
7975,"test"
7976,"train"
7977,"train"
7978,"validation"
7979,"train"
7980,"train"
7981,"train"
7982,"train"
7983,"train"
7984,"train"
7985,"train"
7986,"train"
7987,"train"
7988,"test"
7989,"train"
7990,"validation"
7991,"train"
7992,"validation"
7993,"test"
7994,"train"
7995,"train"
7996,"train"
7997,"test"
7998,"train"
7999,"test"
8000,"test"
8001,"validation"
8002,"train"
8003,"validation"
8004,"train"
8005,"train"
8006,"validation"
8007,"train"
8008,"train"
8009,"train"
8010,"test"
8011,"train"
8012,"train"
8013,"train"
8014,"validation"
8015,"train"
8016,"train"
8017,"train"
8018,"validation"
8019,"validation"
8020,"train"
8021,"train"
8022,"train"
8023,"test"
8024,"train"
8025,"train"
8026,"train"
8027,"train"
8028,"validation"
8029,"train"
8030,"validation"
8031,"test"
8032,"train"
8033,"train"
8034,"train"
8035,"validation"
8036,"test"
8037,"train"
8038,"train"
8039,"validation"
8040,"test"
8041,"train"
8042,"validation"
8043,"test"
8044,"validation"
8045,"train"
8046,"train"
8047,"train"
8048,"train"
8049,"test"
8050,"train"
8051,"train"
8052,"validation"
8053,"train"
8054,"validation"
8055,"train"
8056,"validation"
8057,"train"
8058,"train"
8059,"train"
8060,"train"
8061,"validation"
8062,"validation"
8063,"test"
8064,"validation"
8065,"validation"
8066,"train"
8067,"test"
8068,"test"
8069,"train"
8070,"validation"
8071,"train"
8072,"train"
8073,"train"
8074,"train"
8075,"test"
8076,"train"
8077,"validation"
8078,"test"
8079,"validation"
8080,"test"
8081,"train"
8082,"train"
8083,"train"
8084,"train"
8085,"train"
8086,"train"
8087,"train"
8088,"train"
8089,"validation"
8090,"validation"
8091,"train"
8092,"train"
8093,"test"
8094,"validation"
8095,"train"
8096,"train"
8097,"train"
8098,"validation"
8099,"train"
8100,"test"
8101,"train"
8102,"train"
8103,"train"
8104,"train"
8105,"test"
8106,"train"
8107,"train"
8108,"train"
8109,"validation"
8110,"train"
8111,"train"
8112,"validation"
8113,"test"
8114,"validation"
8115,"train"
8116,"validation"
8117,"test"
8118,"train"
8119,"train"
8120,"test"
8121,"train"
8122,"train"
8123,"train"
8124,"validation"
8125,"test"
8126,"train"
8127,"test"
8128,"validation"
8129,"test"
8130,"train"
8131,"validation"
8132,"test"
8133,"validation"
8134,"validation"
8135,"train"
8136,"train"
8137,"validation"
8138,"train"
8139,"validation"
8140,"train"
8141,"test"
8142,"train"
8143,"validation"
8144,"test"
8145,"train"
8146,"validation"
8147,"validation"
8148,"train"
8149,"validation"
8150,"validation"
8151,"train"
8152,"validation"
8153,"test"
8154,"train"
8155,"test"
8156,"test"
8157,"validation"
8158,"train"
8159,"validation"
8160,"train"
8161,"test"
8162,"validation"
8163,"validation"
8164,"validation"
8165,"train"
8166,"validation"
8167,"train"
8168,"validation"
8169,"train"
8170,"validation"
8171,"train"
8172,"train"
8173,"train"
8174,"test"
8175,"train"
8176,"validation"
8177,"train"
8178,"test"
8179,"train"
8180,"train"
8181,"test"
8182,"train"
8183,"train"
8184,"train"
8185,"test"
8186,"train"
8187,"validation"
8188,"train"
8189,"train"
8190,"train"
8191,"train"
8192,"train"
8193,"train"
8194,"train"
8195,"test"
8196,"test"
8197,"validation"
8198,"validation"
8199,"validation"
8200,"train"
8201,"train"
8202,"test"
8203,"train"
8204,"train"
8205,"train"
8206,"train"
8207,"train"
8208,"test"
8209,"train"
8210,"train"
8211,"test"
8212,"test"
8213,"validation"
8214,"train"
8215,"train"
8216,"test"
8217,"train"
8218,"train"
8219,"train"
8220,"train"
8221,"train"
8222,"train"
8223,"test"
8224,"test"
8225,"train"
8226,"train"
8227,"train"
8228,"train"
8229,"test"
8230,"train"
8231,"validation"
8232,"train"
8233,"test"
8234,"validation"
8235,"test"
8236,"train"
8237,"train"
8238,"test"
8239,"train"
8240,"train"
8241,"train"
8242,"validation"
8243,"validation"
8244,"train"
8245,"train"
8246,"train"
8247,"validation"
8248,"train"
8249,"train"
8250,"train"
8251,"train"
8252,"train"
8253,"train"
8254,"train"
8255,"train"
8256,"train"
8257,"train"
8258,"train"
8259,"train"
8260,"validation"
8261,"test"
8262,"train"
8263,"train"
8264,"train"
8265,"test"
8266,"validation"
8267,"train"
8268,"train"
8269,"train"
8270,"train"
8271,"train"
8272,"train"
8273,"train"
8274,"train"
8275,"train"
8276,"train"
8277,"validation"
8278,"train"
8279,"test"
8280,"validation"
8281,"train"
8282,"test"
8283,"test"
8284,"validation"
8285,"train"
8286,"validation"
8287,"train"
8288,"train"
8289,"train"
8290,"train"
8291,"train"
8292,"train"
8293,"test"
8294,"train"
8295,"train"
8296,"train"
8297,"train"
8298,"validation"
8299,"train"
8300,"train"
8301,"test"
8302,"train"
8303,"train"
8304,"train"
8305,"train"
8306,"train"
8307,"train"
8308,"validation"
8309,"train"
8310,"train"
8311,"train"
8312,"train"
8313,"test"
8314,"validation"
8315,"train"
8316,"train"
8317,"train"
8318,"train"
8319,"train"
8320,"train"
8321,"test"
8322,"train"
8323,"test"
8324,"train"
8325,"validation"
8326,"train"
8327,"train"
8328,"train"
8329,"test"
8330,"train"
8331,"test"
8332,"validation"
8333,"test"
8334,"test"
8335,"validation"
8336,"train"
8337,"validation"
8338,"validation"
8339,"validation"
8340,"train"
8341,"validation"
8342,"train"
8343,"validation"
8344,"validation"
8345,"train"
8346,"validation"
8347,"train"
8348,"train"
8349,"test"
8350,"validation"
8351,"train"
8352,"train"
8353,"train"
8354,"train"
8355,"train"
8356,"train"
8357,"train"
8358,"train"
8359,"train"
8360,"test"
8361,"validation"
8362,"validation"
8363,"validation"
8364,"train"
8365,"validation"
8366,"train"
8367,"train"
8368,"train"
8369,"test"
8370,"train"
8371,"train"
8372,"test"
8373,"validation"
8374,"train"
8375,"train"
8376,"train"
8377,"train"
8378,"test"
8379,"train"
8380,"test"
8381,"validation"
8382,"test"
8383,"validation"
8384,"test"
8385,"test"
8386,"test"
8387,"validation"
8388,"validation"
8389,"train"
8390,"train"
8391,"train"
8392,"train"
8393,"train"
8394,"validation"
8395,"test"
8396,"train"
8397,"train"
8398,"test"
8399,"train"
8400,"test"
8401,"train"
8402,"train"
8403,"test"
8404,"train"
8405,"train"
8406,"train"
8407,"train"
8408,"test"
8409,"train"
8410,"train"
8411,"validation"
8412,"test"
8413,"test"
8414,"train"
8415,"train"
8416,"test"
8417,"train"
8418,"validation"
8419,"train"
8420,"validation"
8421,"train"
8422,"train"
8423,"train"
8424,"train"
8425,"validation"
8426,"validation"
8427,"validation"
8428,"train"
8429,"train"
8430,"validation"
8431,"validation"
8432,"test"
8433,"test"
8434,"test"
8435,"train"
8436,"test"
8437,"validation"
8438,"validation"
8439,"validation"
8440,"train"
8441,"test"
8442,"train"
8443,"train"
8444,"test"
8445,"train"
8446,"train"
8447,"validation"
8448,"test"
8449,"train"
8450,"validation"
8451,"test"
8452,"validation"
8453,"test"
8454,"train"
8455,"train"
8456,"train"
8457,"validation"
8458,"train"
8459,"test"
8460,"train"
8461,"train"
8462,"validation"
8463,"train"
8464,"train"
8465,"validation"
8466,"train"
8467,"test"
8468,"train"
8469,"test"
8470,"train"
8471,"train"
8472,"test"
8473,"test"
8474,"train"
8475,"train"
8476,"train"
8477,"train"
8478,"train"
8479,"test"
8480,"train"
8481,"validation"
8482,"train"
8483,"validation"
8484,"test"
8485,"test"
8486,"train"
8487,"train"
8488,"test"
8489,"train"
8490,"train"
8491,"validation"
8492,"test"
8493,"train"
8494,"train"
8495,"train"
8496,"train"
8497,"test"
8498,"train"
8499,"validation"
8500,"train"
8501,"test"
8502,"test"
8503,"train"
8504,"train"
8505,"train"
8506,"train"
8507,"validation"
8508,"train"
8509,"validation"
8510,"test"
8511,"train"
8512,"test"
8513,"train"
8514,"train"
8515,"train"
8516,"train"
8517,"train"
8518,"train"
8519,"validation"
8520,"validation"
8521,"train"
8522,"validation"
8523,"train"
8524,"test"
8525,"train"
8526,"train"
8527,"test"
8528,"train"
8529,"train"
8530,"train"
8531,"test"
8532,"train"
8533,"train"
8534,"train"
8535,"train"
8536,"train"
8537,"test"
8538,"test"
8539,"test"
8540,"validation"
8541,"train"
8542,"validation"
8543,"train"
8544,"validation"
8545,"test"
8546,"train"
8547,"train"
8548,"train"
8549,"validation"
8550,"validation"
8551,"train"
8552,"train"
8553,"train"
8554,"train"
8555,"train"
8556,"test"
8557,"test"
8558,"train"
8559,"validation"
8560,"test"
8561,"train"
8562,"test"
8563,"train"
8564,"test"
8565,"train"
8566,"train"
8567,"train"
8568,"train"
8569,"train"
8570,"test"
8571,"train"
8572,"train"
8573,"validation"
8574,"test"
8575,"validation"
8576,"test"
8577,"train"
8578,"validation"
8579,"test"
8580,"train"
8581,"validation"
8582,"train"
8583,"validation"
8584,"train"
8585,"train"
8586,"train"
8587,"train"
8588,"train"
8589,"train"
8590,"validation"
8591,"validation"
8592,"validation"
8593,"train"
8594,"validation"
8595,"validation"
8596,"validation"
8597,"test"
8598,"train"
8599,"train"
8600,"train"
8601,"test"
8602,"validation"
8603,"train"
8604,"train"
8605,"train"
8606,"train"
8607,"train"
8608,"train"
8609,"test"
8610,"train"
8611,"train"
8612,"validation"
8613,"train"
8614,"validation"
8615,"train"
8616,"train"
8617,"train"
8618,"train"
8619,"train"
8620,"train"
8621,"train"
8622,"validation"
8623,"validation"
8624,"test"
8625,"train"
8626,"train"
8627,"train"
8628,"train"
8629,"train"
8630,"test"
8631,"test"
8632,"train"
8633,"validation"
8634,"train"
8635,"validation"
8636,"train"
8637,"train"
8638,"test"
8639,"test"
8640,"validation"
8641,"train"
8642,"validation"
8643,"train"
8644,"train"
8645,"test"
8646,"train"
8647,"validation"
8648,"test"
8649,"train"
8650,"train"
8651,"train"
8652,"test"
8653,"train"
8654,"test"
8655,"train"
8656,"train"
8657,"train"
8658,"test"
8659,"train"
8660,"train"
8661,"train"
8662,"test"
8663,"train"
8664,"train"
8665,"train"
8666,"train"
8667,"test"
8668,"validation"
8669,"validation"
8670,"train"
8671,"train"
8672,"test"
8673,"train"
8674,"train"
8675,"validation"
8676,"train"
8677,"test"
8678,"train"
8679,"train"
8680,"test"
8681,"train"
8682,"validation"
8683,"train"
8684,"train"
8685,"train"
8686,"train"
8687,"train"
8688,"train"
8689,"train"
8690,"validation"
8691,"train"
8692,"train"
8693,"validation"
8694,"train"
8695,"train"
8696,"test"
8697,"validation"
8698,"validation"
8699,"train"
8700,"train"
8701,"train"
8702,"train"
8703,"train"
8704,"test"
8705,"train"
8706,"train"
8707,"train"
8708,"train"
8709,"validation"
8710,"train"
8711,"validation"
8712,"train"
8713,"train"
8714,"test"
8715,"train"
8716,"train"
8717,"train"
8718,"validation"
8719,"train"
8720,"train"
8721,"train"
8722,"train"
8723,"train"
8724,"test"
8725,"train"
8726,"train"
8727,"train"
8728,"train"
8729,"train"
8730,"train"
8731,"test"
8732,"test"
8733,"train"
8734,"train"
8735,"train"
8736,"train"
8737,"train"
8738,"train"
8739,"train"
8740,"train"
8741,"train"
8742,"test"
8743,"train"
8744,"validation"
8745,"test"
8746,"train"
8747,"train"
8748,"test"
8749,"train"
8750,"train"
8751,"validation"
8752,"test"
8753,"test"
8754,"test"
8755,"train"
8756,"train"
8757,"validation"
8758,"test"
8759,"train"
8760,"train"
8761,"test"
8762,"train"
8763,"train"
8764,"test"
8765,"validation"
8766,"train"
8767,"test"
8768,"train"
8769,"test"
8770,"train"
8771,"train"
8772,"train"
8773,"train"
8774,"train"
8775,"validation"
8776,"train"
8777,"train"
8778,"train"
8779,"train"
8780,"validation"
8781,"train"
8782,"train"
8783,"test"
8784,"train"
8785,"test"
8786,"train"
8787,"test"
8788,"train"
8789,"train"
8790,"train"
8791,"test"
8792,"validation"
8793,"train"
8794,"test"
8795,"train"
8796,"train"
8797,"test"
8798,"train"
8799,"train"
8800,"train"
8801,"train"
8802,"validation"
8803,"train"
8804,"train"
8805,"train"
8806,"train"
8807,"test"
8808,"test"
8809,"validation"
8810,"train"
8811,"train"
8812,"train"
8813,"validation"
8814,"validation"
8815,"test"
8816,"train"
8817,"test"
8818,"train"
8819,"train"
8820,"test"
8821,"train"
8822,"train"
8823,"validation"
8824,"train"
8825,"train"
8826,"train"
8827,"train"
8828,"train"
8829,"validation"
8830,"train"
8831,"validation"
8832,"train"
8833,"train"
8834,"train"
8835,"validation"
8836,"test"
8837,"test"
8838,"train"
8839,"train"
8840,"test"
8841,"test"
8842,"validation"
8843,"test"
8844,"test"
8845,"validation"
8846,"train"
8847,"train"
8848,"train"
8849,"train"
8850,"test"
8851,"train"
8852,"validation"
8853,"train"
8854,"train"
8855,"train"
8856,"train"
8857,"train"
8858,"train"
8859,"test"
8860,"train"
8861,"train"
8862,"validation"
8863,"validation"
8864,"test"
8865,"test"
8866,"train"
8867,"validation"
8868,"train"
8869,"train"
8870,"validation"
8871,"test"
8872,"validation"
8873,"test"
8874,"test"
8875,"test"
8876,"test"
8877,"train"
8878,"test"
8879,"train"
8880,"train"
8881,"train"
8882,"train"
8883,"validation"
8884,"train"
8885,"validation"
8886,"test"
8887,"train"
8888,"train"
8889,"train"
8890,"validation"
8891,"train"
8892,"test"
8893,"train"
8894,"train"
8895,"test"
8896,"test"
8897,"train"
8898,"validation"
8899,"train"
8900,"train"
8901,"test"
8902,"train"
8903,"train"
8904,"validation"
8905,"train"
8906,"validation"
8907,"validation"
8908,"test"
8909,"train"
8910,"validation"
8911,"test"
8912,"validation"
8913,"test"
8914,"train"
8915,"validation"
8916,"train"
8917,"test"
8918,"test"
8919,"train"
8920,"test"
8921,"validation"
8922,"validation"
8923,"train"
8924,"test"
8925,"train"
8926,"test"
8927,"train"
8928,"validation"
8929,"train"
8930,"validation"
8931,"train"
8932,"test"
8933,"test"
8934,"train"
8935,"validation"
8936,"test"
8937,"test"
8938,"train"
8939,"validation"
8940,"train"
8941,"test"
8942,"train"
8943,"test"
8944,"train"
8945,"test"
8946,"train"
8947,"train"
8948,"validation"
8949,"train"
8950,"train"
8951,"test"
8952,"train"
8953,"train"
8954,"validation"
8955,"validation"
8956,"train"
8957,"test"
8958,"train"
8959,"train"
8960,"test"
8961,"test"
8962,"train"
8963,"validation"
8964,"train"
8965,"test"
8966,"train"
8967,"test"
8968,"train"
8969,"train"
8970,"validation"
8971,"train"
8972,"train"
8973,"test"
8974,"train"
8975,"train"
8976,"train"
8977,"test"
8978,"validation"
8979,"train"
8980,"validation"
8981,"train"
8982,"validation"
8983,"train"
8984,"train"
8985,"train"
8986,"train"
8987,"train"
8988,"validation"
8989,"validation"
8990,"test"
8991,"train"
8992,"train"
8993,"test"
8994,"train"
8995,"train"
8996,"validation"
8997,"train"
8998,"test"
8999,"validation"
9000,"train"
9001,"validation"
9002,"train"
9003,"test"
9004,"train"
9005,"test"
9006,"validation"
9007,"test"
9008,"train"
9009,"validation"
9010,"train"
9011,"train"
9012,"train"
9013,"validation"
9014,"train"
9015,"train"
9016,"train"
9017,"validation"
9018,"train"
9019,"validation"
9020,"test"
9021,"train"
9022,"test"
9023,"train"
9024,"test"
9025,"validation"
9026,"test"
9027,"train"
9028,"train"
9029,"validation"
9030,"validation"
9031,"test"
9032,"train"
9033,"train"
9034,"train"
9035,"validation"
9036,"test"
9037,"train"
9038,"train"
9039,"test"
9040,"train"
9041,"train"
9042,"validation"
9043,"train"
9044,"train"
9045,"train"
9046,"train"
9047,"train"
9048,"train"
9049,"validation"
9050,"train"
9051,"train"
9052,"train"
9053,"test"
9054,"train"
9055,"validation"
9056,"train"
9057,"train"
9058,"train"
9059,"test"
9060,"train"
9061,"validation"
9062,"test"
9063,"train"
9064,"train"
9065,"train"
9066,"train"
9067,"train"
9068,"validation"
9069,"validation"
9070,"validation"
9071,"train"
9072,"train"
9073,"train"
9074,"validation"
9075,"train"
9076,"test"
9077,"train"
9078,"test"
9079,"train"
9080,"train"
9081,"test"
9082,"train"
9083,"train"
9084,"train"
9085,"validation"
9086,"train"
9087,"test"
9088,"validation"
9089,"train"
9090,"train"
9091,"train"
9092,"validation"
9093,"train"
9094,"validation"
9095,"validation"
9096,"train"
9097,"train"
9098,"test"
9099,"train"
9100,"validation"
9101,"validation"
9102,"test"
9103,"train"
9104,"validation"
9105,"train"
9106,"validation"
9107,"test"
9108,"validation"
9109,"train"
9110,"train"
9111,"validation"
9112,"validation"
9113,"test"
9114,"train"
9115,"train"
9116,"train"
9117,"test"
9118,"test"
9119,"train"
9120,"train"
9121,"test"
9122,"validation"
9123,"train"
9124,"train"
9125,"train"
9126,"train"
9127,"train"
9128,"test"
9129,"train"
9130,"test"
9131,"validation"
9132,"train"
9133,"validation"
9134,"test"
9135,"test"
9136,"test"
9137,"validation"
9138,"train"
9139,"test"
9140,"validation"
9141,"train"
9142,"validation"
9143,"test"
9144,"train"
9145,"train"
9146,"train"
9147,"train"
9148,"train"
9149,"train"
9150,"train"
9151,"train"
9152,"test"
9153,"train"
9154,"train"
9155,"train"
9156,"train"
9157,"train"
9158,"train"
9159,"validation"
9160,"train"
9161,"train"
9162,"train"
9163,"validation"
9164,"validation"
9165,"train"
9166,"train"
9167,"train"
9168,"validation"
9169,"train"
9170,"train"
9171,"test"
9172,"train"
9173,"train"
9174,"validation"
9175,"validation"
9176,"train"
9177,"test"
9178,"train"
9179,"train"
9180,"validation"
9181,"train"
9182,"validation"
9183,"test"
9184,"validation"
9185,"validation"
9186,"validation"
9187,"test"
9188,"train"
9189,"train"
9190,"validation"
9191,"validation"
9192,"test"
9193,"test"
9194,"train"
9195,"train"
9196,"train"
9197,"test"
9198,"validation"
9199,"test"
9200,"train"
9201,"test"
9202,"train"
9203,"train"
9204,"train"
9205,"validation"
9206,"train"
9207,"train"
9208,"train"
9209,"train"
9210,"train"
9211,"train"
9212,"train"
9213,"validation"
9214,"train"
9215,"train"
9216,"validation"
9217,"train"
9218,"train"
9219,"train"
9220,"test"
9221,"train"
9222,"validation"
9223,"validation"
9224,"test"
9225,"train"
9226,"validation"
9227,"validation"
9228,"train"
9229,"train"
9230,"train"
9231,"train"
9232,"train"
9233,"train"
9234,"validation"
9235,"validation"
9236,"train"
9237,"test"
9238,"train"
9239,"validation"
9240,"train"
9241,"train"
9242,"train"
9243,"train"
9244,"train"
9245,"validation"
9246,"train"
9247,"train"
9248,"validation"
9249,"train"
9250,"validation"
9251,"validation"
9252,"train"
9253,"train"
9254,"test"
9255,"test"
9256,"test"
9257,"train"
9258,"train"
9259,"train"
9260,"train"
9261,"train"
9262,"validation"
9263,"train"
9264,"validation"
9265,"validation"
9266,"train"
9267,"train"
9268,"train"
9269,"train"
9270,"train"
9271,"train"
9272,"validation"
9273,"test"
9274,"validation"
9275,"test"
9276,"train"
9277,"train"
9278,"train"
9279,"test"
9280,"test"
9281,"validation"
9282,"train"
9283,"validation"
9284,"train"
9285,"test"
9286,"test"
9287,"train"
9288,"train"
9289,"train"
9290,"test"
9291,"train"
9292,"train"
9293,"train"
9294,"validation"
9295,"train"
9296,"train"
9297,"train"
9298,"test"
9299,"train"
9300,"test"
9301,"train"
9302,"train"
9303,"train"
9304,"train"
9305,"test"
9306,"validation"
9307,"train"
9308,"train"
9309,"test"
9310,"test"
9311,"test"
9312,"train"
9313,"validation"
9314,"train"
9315,"train"
9316,"test"
9317,"validation"
9318,"validation"
9319,"train"
9320,"train"
9321,"train"
9322,"train"
9323,"train"
9324,"validation"
9325,"train"
9326,"train"
9327,"train"
9328,"train"
9329,"validation"
9330,"train"
9331,"train"
9332,"test"
9333,"train"
9334,"validation"
9335,"train"
9336,"test"
9337,"train"
9338,"validation"
9339,"validation"
9340,"train"
9341,"train"
9342,"validation"
9343,"train"
9344,"train"
9345,"train"
9346,"train"
9347,"train"
9348,"test"
9349,"train"
9350,"test"
9351,"train"
9352,"train"
9353,"train"
9354,"train"
9355,"train"
9356,"train"
9357,"validation"
9358,"train"
9359,"train"
9360,"test"
9361,"train"
9362,"validation"
9363,"train"
9364,"train"
9365,"validation"
9366,"train"
9367,"train"
9368,"train"
9369,"train"
9370,"train"
9371,"train"
9372,"train"
9373,"train"
9374,"validation"
9375,"train"
9376,"train"
9377,"validation"
9378,"train"
9379,"train"
9380,"train"
9381,"train"
9382,"test"
9383,"train"
9384,"train"
9385,"train"
9386,"train"
9387,"test"
9388,"train"
9389,"validation"
9390,"validation"
9391,"train"
9392,"test"
9393,"train"
9394,"validation"
9395,"train"
9396,"train"
9397,"train"
9398,"train"
9399,"test"
9400,"validation"
9401,"train"
9402,"test"
9403,"test"
9404,"train"
9405,"train"
9406,"train"
9407,"train"
9408,"validation"
9409,"validation"
9410,"test"
9411,"validation"
9412,"train"
9413,"train"
9414,"train"
9415,"validation"
9416,"validation"
9417,"validation"
9418,"test"
9419,"validation"
9420,"train"
9421,"train"
9422,"test"
9423,"train"
9424,"test"
9425,"test"
9426,"validation"
9427,"test"
9428,"train"
9429,"train"
9430,"train"
9431,"test"
9432,"train"
9433,"test"
9434,"test"
9435,"train"
9436,"train"
9437,"train"
9438,"validation"
9439,"test"
9440,"test"
9441,"validation"
9442,"validation"
9443,"validation"
9444,"test"
9445,"train"
9446,"validation"
9447,"train"
9448,"train"
9449,"validation"
9450,"train"
9451,"test"
9452,"train"
9453,"test"
9454,"train"
9455,"validation"
9456,"validation"
9457,"test"
9458,"train"
9459,"train"
9460,"validation"
9461,"train"
9462,"train"
9463,"test"
9464,"test"
9465,"train"
9466,"validation"
9467,"validation"
9468,"test"
9469,"test"
9470,"train"
9471,"train"
9472,"test"
9473,"test"
9474,"train"
9475,"train"
9476,"validation"
9477,"test"
9478,"validation"
9479,"validation"
9480,"test"
9481,"validation"
9482,"train"
9483,"test"
9484,"test"
9485,"train"
9486,"test"
9487,"validation"
9488,"train"
9489,"train"
9490,"train"
9491,"test"
9492,"validation"
9493,"validation"
9494,"validation"
9495,"train"
9496,"train"
9497,"validation"
9498,"train"
9499,"train"
9500,"train"
9501,"train"
9502,"train"
9503,"train"
9504,"test"
9505,"train"
9506,"test"
9507,"train"
9508,"train"
9509,"train"
9510,"train"
9511,"validation"
9512,"train"
9513,"train"
9514,"train"
9515,"train"
9516,"validation"
9517,"train"
9518,"train"
9519,"test"
9520,"train"
9521,"validation"
9522,"test"
9523,"train"
9524,"train"
9525,"train"
9526,"train"
9527,"train"
9528,"train"
9529,"test"
9530,"train"
9531,"train"
9532,"train"
9533,"train"
9534,"train"
9535,"validation"
9536,"test"
9537,"validation"
9538,"validation"
9539,"train"
9540,"validation"
9541,"validation"
9542,"train"
9543,"train"
9544,"train"
9545,"train"
9546,"validation"
9547,"train"
9548,"train"
9549,"validation"
9550,"test"
9551,"train"
9552,"train"
9553,"train"
9554,"train"
9555,"validation"
9556,"train"
9557,"validation"
9558,"train"
9559,"train"
9560,"validation"
9561,"train"
9562,"train"
9563,"train"
9564,"train"
9565,"train"
9566,"test"
9567,"validation"
9568,"train"
9569,"validation"
9570,"validation"
9571,"train"
9572,"test"
9573,"validation"
9574,"validation"
9575,"validation"
9576,"train"
9577,"test"
9578,"train"
9579,"train"
9580,"validation"
9581,"train"
9582,"train"
9583,"train"
9584,"train"
9585,"test"
9586,"train"
9587,"train"
9588,"train"
9589,"train"
9590,"train"
9591,"train"
9592,"train"
9593,"train"
9594,"train"
9595,"validation"
9596,"train"
9597,"train"
9598,"train"
9599,"test"
9600,"train"
9601,"train"
9602,"train"
9603,"train"
9604,"train"
9605,"train"
9606,"train"
9607,"train"
9608,"train"
9609,"test"
9610,"validation"
9611,"train"
9612,"train"
9613,"train"
9614,"train"
9615,"train"
9616,"train"
9617,"train"
9618,"train"
9619,"train"
9620,"train"
9621,"train"
9622,"train"
9623,"validation"
9624,"train"
9625,"test"
9626,"validation"
9627,"train"
9628,"train"
9629,"validation"
9630,"validation"
9631,"test"
9632,"train"
9633,"train"
9634,"test"
9635,"test"
9636,"train"
9637,"train"
9638,"train"
9639,"train"
9640,"test"
9641,"train"
9642,"train"
9643,"train"
9644,"test"
9645,"validation"
9646,"train"
9647,"test"
9648,"train"
9649,"validation"
9650,"test"
9651,"train"
9652,"validation"
9653,"train"
9654,"train"
9655,"test"
9656,"train"
9657,"test"
9658,"train"
9659,"validation"
9660,"train"
9661,"test"
9662,"train"
9663,"train"
9664,"train"
9665,"validation"
9666,"test"
9667,"validation"
9668,"validation"
9669,"train"
9670,"test"
9671,"train"
9672,"validation"
9673,"validation"
9674,"train"
9675,"validation"
9676,"test"
9677,"train"
9678,"train"
9679,"test"
9680,"train"
9681,"train"
9682,"train"
9683,"validation"
9684,"train"
9685,"train"
9686,"test"
9687,"test"
9688,"train"
9689,"test"
9690,"validation"
9691,"validation"
9692,"train"
9693,"validation"
9694,"train"
9695,"train"
9696,"validation"
9697,"validation"
9698,"train"
9699,"validation"
9700,"train"
9701,"train"
9702,"train"
9703,"train"
9704,"train"
9705,"train"
9706,"validation"
9707,"validation"
9708,"test"
9709,"train"
9710,"test"
9711,"test"
9712,"train"
9713,"train"
9714,"validation"
9715,"validation"
9716,"test"
9717,"train"
9718,"validation"
9719,"train"
9720,"validation"
9721,"validation"
9722,"train"
9723,"test"
9724,"test"
9725,"test"
9726,"train"
9727,"train"
9728,"train"
9729,"train"
9730,"test"
9731,"train"
9732,"validation"
9733,"test"
9734,"validation"
9735,"test"
9736,"train"
9737,"train"
9738,"test"
9739,"validation"
9740,"test"
9741,"train"
9742,"train"
9743,"train"
9744,"train"
9745,"train"
9746,"train"
9747,"validation"
9748,"train"
9749,"train"
9750,"train"
9751,"test"
9752,"test"
9753,"train"
9754,"train"
9755,"test"
9756,"validation"
9757,"validation"
9758,"test"
9759,"train"
9760,"train"
9761,"train"
9762,"validation"
9763,"validation"
9764,"validation"
9765,"train"
9766,"test"
9767,"train"
9768,"train"
9769,"train"
9770,"validation"
9771,"train"
9772,"train"
9773,"test"
9774,"train"
9775,"train"
9776,"train"
9777,"validation"
9778,"train"
9779,"train"
9780,"validation"
9781,"train"
9782,"train"
9783,"train"
9784,"train"
9785,"train"
9786,"test"
9787,"test"
9788,"train"
9789,"train"
9790,"train"
9791,"train"
9792,"train"
9793,"validation"
9794,"test"
9795,"train"
9796,"validation"
9797,"train"
9798,"train"
9799,"validation"
9800,"train"
9801,"train"
9802,"train"
9803,"test"
9804,"train"
9805,"train"
9806,"train"
9807,"test"
9808,"train"
9809,"validation"
9810,"validation"
9811,"train"
9812,"train"
9813,"train"
9814,"test"
9815,"train"
9816,"train"
9817,"validation"
9818,"train"
9819,"test"
9820,"train"
9821,"train"
9822,"test"
9823,"train"
9824,"train"
9825,"validation"
9826,"validation"
9827,"train"
9828,"test"
9829,"train"
9830,"test"
9831,"train"
9832,"validation"
9833,"train"
9834,"train"
9835,"test"
9836,"train"
9837,"validation"
9838,"train"
9839,"validation"
9840,"validation"
9841,"validation"
9842,"train"
9843,"train"
9844,"test"
9845,"validation"
9846,"validation"
9847,"train"
9848,"train"
9849,"train"
9850,"train"
9851,"validation"
9852,"validation"
9853,"validation"
9854,"train"
9855,"train"
9856,"train"
9857,"train"
9858,"train"
9859,"train"
9860,"validation"
9861,"train"
9862,"test"
9863,"train"
9864,"test"
9865,"validation"
9866,"train"
9867,"train"
9868,"test"
9869,"test"
9870,"validation"
9871,"validation"
9872,"train"
9873,"test"
9874,"train"
9875,"test"
9876,"train"
9877,"train"
9878,"test"
9879,"train"
9880,"validation"
9881,"test"
9882,"train"
9883,"validation"
9884,"train"
9885,"validation"
9886,"validation"
9887,"train"
9888,"train"
9889,"train"
9890,"train"
9891,"train"
9892,"train"
9893,"validation"
9894,"validation"
9895,"train"
9896,"train"
9897,"train"
9898,"train"
9899,"validation"
9900,"train"
9901,"train"
9902,"train"
9903,"train"
9904,"train"
9905,"train"
9906,"test"
9907,"train"
9908,"test"
9909,"validation"
9910,"train"
9911,"train"
9912,"test"
9913,"test"
9914,"train"
9915,"train"
9916,"validation"
9917,"test"
9918,"test"
9919,"validation"
9920,"test"
9921,"train"
9922,"train"
9923,"train"
9924,"test"
9925,"train"
9926,"train"
9927,"train"
9928,"train"
9929,"validation"
9930,"train"
9931,"test"
9932,"train"
9933,"train"
9934,"train"
9935,"test"
9936,"train"
9937,"train"
9938,"test"
9939,"train"
9940,"train"
9941,"validation"
9942,"train"
9943,"train"
9944,"train"
9945,"test"
9946,"test"
9947,"train"
9948,"train"
9949,"train"
9950,"test"
9951,"validation"
9952,"train"
9953,"train"
9954,"train"
9955,"test"
9956,"test"
9957,"train"
9958,"train"
9959,"train"
9960,"test"
9961,"validation"
9962,"train"
9963,"test"
9964,"train"
9965,"test"
9966,"train"
9967,"train"
9968,"train"
9969,"train"
9970,"train"
9971,"train"
9972,"train"
9973,"train"
9974,"train"
9975,"train"
9976,"validation"
9977,"train"
9978,"validation"
9979,"test"
9980,"test"
9981,"test"
9982,"train"
9983,"validation"
9984,"train"
9985,"train"
9986,"test"
9987,"test"
9988,"validation"
9989,"validation"
9990,"train"
9991,"test"
9992,"test"
9993,"train"
9994,"train"
9995,"train"
9996,"train"
9997,"train"
9998,"test"
9999,"test"
10000,"train"
10001,"train"
10002,"train"
10003,"test"
10004,"train"
10005,"train"
10006,"validation"
10007,"test"
10008,"train"
10009,"train"
10010,"train"
10011,"train"
10012,"validation"
10013,"train"
10014,"train"
10015,"train"
10016,"train"
10017,"train"
10018,"train"
10019,"train"
10020,"train"
10021,"test"
10022,"test"
10023,"test"
10024,"train"
10025,"train"
10026,"validation"
10027,"train"
10028,"train"
10029,"validation"
10030,"validation"
10031,"validation"
10032,"test"
10033,"validation"
10034,"train"
10035,"validation"
10036,"train"
10037,"train"
10038,"train"
10039,"test"
10040,"train"
10041,"train"
10042,"validation"
10043,"train"
10044,"test"
10045,"train"
10046,"train"
10047,"train"
10048,"validation"
10049,"validation"
10050,"train"
10051,"test"
10052,"train"
10053,"train"
10054,"validation"
10055,"train"
10056,"train"
10057,"test"
10058,"train"
10059,"train"
10060,"train"
10061,"validation"
10062,"train"
10063,"test"
10064,"train"
10065,"test"
10066,"test"
10067,"train"
10068,"train"
10069,"train"
10070,"train"
10071,"test"
10072,"train"
10073,"train"
10074,"train"
10075,"validation"
10076,"test"
10077,"validation"
10078,"train"
10079,"validation"
10080,"validation"
10081,"test"
10082,"test"
10083,"train"
10084,"train"
10085,"train"
10086,"train"
10087,"validation"
10088,"train"
10089,"train"
10090,"train"
10091,"train"
10092,"train"
10093,"test"
10094,"validation"
10095,"train"
10096,"train"
10097,"train"
10098,"validation"
10099,"test"
10100,"train"
10101,"train"
10102,"validation"
10103,"train"
10104,"train"
10105,"train"
10106,"train"
10107,"train"
10108,"validation"
10109,"validation"
10110,"validation"
10111,"train"
10112,"test"
10113,"train"
10114,"train"
10115,"train"
10116,"test"
10117,"train"
10118,"test"
10119,"train"
10120,"train"
10121,"validation"
10122,"train"
10123,"test"
10124,"train"
10125,"validation"
10126,"train"
10127,"test"
10128,"validation"
10129,"test"
10130,"train"
10131,"train"
10132,"train"
10133,"test"
10134,"train"
10135,"validation"
10136,"train"
10137,"train"
10138,"train"
10139,"train"
10140,"train"
10141,"validation"
10142,"train"
10143,"train"
10144,"train"
10145,"train"
10146,"test"
10147,"train"
10148,"train"
10149,"train"
10150,"test"
10151,"train"
10152,"train"
10153,"train"
10154,"train"
10155,"validation"
10156,"test"
10157,"train"
10158,"train"
10159,"train"
10160,"train"
10161,"train"
10162,"train"
10163,"train"
10164,"test"
10165,"train"
10166,"train"
10167,"validation"
10168,"test"
10169,"validation"
10170,"train"
10171,"train"
10172,"validation"
10173,"train"
10174,"validation"
10175,"train"
10176,"train"
10177,"test"
10178,"train"
10179,"train"
10180,"train"
10181,"train"
10182,"train"
10183,"test"
10184,"validation"
10185,"train"
10186,"train"
10187,"train"
10188,"train"
10189,"train"
10190,"train"
10191,"test"
10192,"train"
10193,"train"
10194,"train"
10195,"train"
10196,"test"
10197,"train"
10198,"train"
10199,"train"
10200,"train"
10201,"train"
10202,"train"
10203,"validation"
10204,"train"
10205,"train"
10206,"train"
10207,"validation"
10208,"train"
10209,"train"
10210,"validation"
10211,"train"
10212,"train"
10213,"test"
10214,"validation"
10215,"test"
10216,"test"
10217,"train"
10218,"test"
10219,"test"
10220,"test"
10221,"test"
10222,"validation"
10223,"train"
10224,"train"
10225,"train"
10226,"train"
10227,"train"
10228,"train"
10229,"train"
10230,"train"
10231,"train"
10232,"test"
10233,"train"
10234,"train"
10235,"train"
10236,"test"
10237,"train"
10238,"validation"
10239,"validation"
10240,"train"
10241,"train"
10242,"train"
10243,"train"
10244,"validation"
10245,"train"
10246,"validation"
10247,"train"
10248,"train"
10249,"test"
10250,"test"
10251,"validation"
10252,"test"
10253,"validation"
10254,"test"
10255,"train"
10256,"train"
10257,"test"
10258,"validation"
10259,"train"
10260,"train"
10261,"test"
10262,"train"
10263,"train"
10264,"train"
10265,"train"
10266,"train"
10267,"train"
10268,"train"
10269,"test"
10270,"train"
10271,"validation"
10272,"validation"
10273,"train"
10274,"validation"
10275,"train"
10276,"train"
10277,"train"
10278,"train"
10279,"train"
10280,"train"
10281,"train"
10282,"train"
10283,"train"
10284,"validation"
10285,"train"
10286,"train"
10287,"test"
10288,"train"
10289,"train"
10290,"test"
10291,"test"
10292,"train"
10293,"validation"
10294,"train"
10295,"train"
10296,"test"
10297,"train"
10298,"train"
10299,"train"
10300,"train"
10301,"validation"
10302,"test"
10303,"test"
10304,"validation"
10305,"train"
10306,"validation"
10307,"train"
10308,"test"
10309,"train"
10310,"validation"
10311,"validation"
10312,"train"
10313,"train"
10314,"train"
10315,"validation"
10316,"train"
10317,"train"
10318,"train"
10319,"validation"
10320,"test"
10321,"test"
10322,"train"
10323,"validation"
10324,"train"
10325,"train"
10326,"train"
10327,"train"
10328,"train"
10329,"test"
10330,"test"
10331,"train"
10332,"test"
10333,"train"
10334,"validation"
10335,"train"
10336,"test"
10337,"train"
10338,"train"
10339,"validation"
10340,"train"
10341,"test"
10342,"train"
10343,"validation"
10344,"test"
10345,"test"
10346,"test"
10347,"train"
10348,"train"
10349,"validation"
10350,"train"
10351,"train"
10352,"test"
10353,"validation"
10354,"test"
10355,"test"
10356,"train"
10357,"test"
10358,"train"
10359,"train"
10360,"validation"
10361,"validation"
10362,"train"
10363,"train"
10364,"train"
10365,"test"
10366,"validation"
10367,"train"
10368,"validation"
10369,"train"
10370,"train"
10371,"train"
10372,"train"
10373,"train"
10374,"train"
10375,"validation"
10376,"test"
10377,"train"
10378,"test"
10379,"test"
10380,"train"
10381,"train"
10382,"validation"
10383,"train"
10384,"test"
10385,"train"
10386,"train"
10387,"train"
10388,"validation"
10389,"train"
10390,"train"
10391,"validation"
10392,"train"
10393,"test"
10394,"test"
10395,"train"
10396,"train"
10397,"train"
10398,"train"
10399,"train"
10400,"train"
10401,"train"
10402,"train"
10403,"test"
10404,"train"
10405,"train"
10406,"validation"
10407,"train"
10408,"train"
10409,"train"
10410,"validation"
10411,"train"
10412,"train"
10413,"validation"
10414,"train"
10415,"validation"
10416,"validation"
10417,"validation"
10418,"test"
10419,"train"
10420,"validation"
10421,"validation"
10422,"train"
10423,"train"
10424,"train"
10425,"train"
10426,"validation"
10427,"train"
10428,"validation"
10429,"validation"
10430,"train"
10431,"test"
10432,"train"
10433,"train"
10434,"test"
10435,"train"
10436,"train"
10437,"test"
10438,"validation"
10439,"train"
10440,"train"
10441,"test"
10442,"validation"
10443,"train"
10444,"train"
10445,"train"
10446,"validation"
10447,"train"
10448,"train"
10449,"test"
10450,"train"
10451,"train"
10452,"train"
10453,"train"
10454,"validation"
10455,"train"
10456,"train"
10457,"validation"
10458,"train"
10459,"train"
10460,"train"
10461,"train"
10462,"train"
10463,"train"
10464,"validation"
10465,"test"
10466,"train"
10467,"train"
10468,"test"
10469,"test"
10470,"train"
10471,"train"
10472,"train"
10473,"train"
10474,"test"
10475,"train"
10476,"test"
10477,"validation"
10478,"test"
10479,"train"
10480,"validation"
10481,"train"
10482,"validation"
10483,"train"
10484,"test"
10485,"train"
10486,"train"
10487,"train"
10488,"train"
10489,"train"
10490,"train"
10491,"train"
10492,"train"
10493,"train"
10494,"validation"
10495,"train"
10496,"train"
10497,"test"
10498,"train"
10499,"train"
10500,"train"
10501,"train"
10502,"train"
10503,"train"
10504,"test"
10505,"train"
10506,"train"
10507,"train"
10508,"train"
10509,"validation"
10510,"train"
10511,"train"
10512,"validation"
10513,"train"
10514,"train"
10515,"train"
10516,"test"
10517,"train"
10518,"train"
10519,"test"
10520,"train"
10521,"train"
10522,"train"
10523,"train"
10524,"train"
10525,"train"
10526,"train"
10527,"train"
10528,"validation"
10529,"test"
10530,"train"
10531,"train"
10532,"test"
10533,"test"
10534,"train"
10535,"test"
10536,"train"
10537,"train"
10538,"validation"
10539,"train"
10540,"train"
10541,"train"
10542,"train"
10543,"test"
10544,"train"
10545,"validation"
10546,"train"
10547,"train"
10548,"train"
10549,"validation"
10550,"validation"
10551,"validation"
10552,"train"
10553,"train"
10554,"validation"
10555,"train"
10556,"validation"
10557,"train"
10558,"train"
10559,"train"
10560,"train"
10561,"train"
10562,"train"
10563,"test"
10564,"train"
10565,"test"
10566,"train"
10567,"train"
10568,"train"
10569,"test"
10570,"train"
10571,"test"
10572,"train"
10573,"train"
10574,"train"
10575,"test"
10576,"validation"
10577,"train"
10578,"validation"
10579,"validation"
10580,"test"
10581,"test"
10582,"validation"
10583,"train"
10584,"train"
10585,"validation"
10586,"validation"
10587,"train"
10588,"train"
10589,"train"
10590,"validation"
10591,"train"
10592,"validation"
10593,"train"
10594,"test"
10595,"validation"
10596,"train"
10597,"train"
10598,"test"
10599,"train"
10600,"train"
10601,"train"
10602,"train"
10603,"train"
10604,"test"
10605,"test"
10606,"train"
10607,"train"
10608,"train"
10609,"train"
10610,"validation"
10611,"train"
10612,"validation"
10613,"validation"
10614,"validation"
10615,"train"
10616,"train"
10617,"train"
10618,"train"
10619,"validation"
10620,"validation"
10621,"validation"
10622,"test"
10623,"train"
10624,"train"
10625,"train"
10626,"train"
10627,"validation"
10628,"validation"
10629,"test"
10630,"validation"
10631,"train"
10632,"validation"
10633,"train"
10634,"train"
10635,"train"
10636,"validation"
10637,"train"
10638,"train"
10639,"train"
10640,"train"
10641,"train"
10642,"train"
10643,"train"
10644,"validation"
10645,"test"
10646,"validation"
10647,"test"
10648,"train"
10649,"train"
10650,"train"
10651,"test"
10652,"validation"
10653,"validation"
10654,"validation"
10655,"test"
10656,"train"
10657,"train"
10658,"train"
10659,"train"
10660,"train"
10661,"train"
10662,"train"
10663,"train"
10664,"train"
10665,"train"
10666,"test"
10667,"train"
10668,"validation"
10669,"train"
10670,"validation"
10671,"train"
10672,"train"
10673,"validation"
10674,"train"
10675,"validation"
10676,"train"
10677,"train"
10678,"train"
10679,"test"
10680,"train"
10681,"test"
10682,"train"
10683,"train"
10684,"train"
10685,"train"
10686,"train"
10687,"test"
10688,"test"
10689,"train"
10690,"test"
10691,"validation"
10692,"validation"
10693,"train"
10694,"train"
10695,"test"
10696,"train"
10697,"test"
10698,"test"
10699,"train"
10700,"train"
10701,"train"
10702,"validation"
10703,"train"
10704,"train"
10705,"train"
10706,"validation"
10707,"test"
10708,"train"
10709,"test"
10710,"test"
10711,"train"
10712,"train"
10713,"test"
10714,"train"
10715,"train"
10716,"train"
10717,"test"
10718,"train"
10719,"train"
10720,"test"
10721,"validation"
10722,"train"
10723,"validation"
10724,"validation"
10725,"validation"
10726,"validation"
10727,"train"
10728,"test"
10729,"train"
10730,"train"
10731,"train"
10732,"validation"
10733,"train"
10734,"train"
10735,"train"
10736,"train"
10737,"validation"
10738,"test"
10739,"train"
10740,"test"
10741,"train"
10742,"test"
10743,"validation"
10744,"validation"
10745,"validation"
10746,"test"
10747,"train"
10748,"train"
10749,"test"
10750,"train"
10751,"validation"
10752,"test"
10753,"train"
10754,"test"
10755,"validation"
10756,"train"
10757,"validation"
10758,"train"
10759,"validation"
10760,"validation"
10761,"train"
10762,"train"
10763,"train"
10764,"test"
10765,"train"
10766,"validation"
10767,"train"
10768,"train"
10769,"train"
10770,"train"
10771,"train"
10772,"train"
10773,"train"
10774,"train"
10775,"train"
10776,"train"
10777,"test"
10778,"validation"
10779,"train"
10780,"train"
10781,"train"
10782,"test"
10783,"test"
10784,"validation"
10785,"validation"
10786,"train"
10787,"train"
10788,"train"
10789,"train"
10790,"test"
10791,"train"
10792,"train"
10793,"validation"
10794,"validation"
10795,"train"
10796,"train"
10797,"test"
10798,"train"
10799,"train"
10800,"test"
10801,"train"
10802,"train"
10803,"train"
10804,"validation"
10805,"train"
10806,"test"
10807,"train"
10808,"train"
10809,"train"
10810,"train"
10811,"train"
10812,"train"
10813,"train"
10814,"train"
10815,"train"
10816,"train"
10817,"test"
10818,"train"
10819,"train"
10820,"validation"
10821,"test"
10822,"train"
10823,"train"
10824,"test"
10825,"validation"
10826,"train"
10827,"train"
10828,"validation"
10829,"train"
10830,"train"
10831,"train"
10832,"train"
10833,"train"
10834,"train"
10835,"train"
10836,"train"
10837,"train"
10838,"train"
10839,"test"
10840,"validation"
10841,"train"
10842,"train"
10843,"train"
10844,"train"
10845,"train"
10846,"validation"
10847,"train"
10848,"train"
10849,"train"
10850,"train"
10851,"test"
10852,"test"
10853,"train"
10854,"train"
10855,"train"
10856,"test"
10857,"train"
10858,"validation"
10859,"train"
10860,"validation"
10861,"test"
10862,"test"
10863,"test"
10864,"train"
10865,"test"
10866,"train"
10867,"train"
10868,"train"
10869,"train"
10870,"train"
10871,"train"
10872,"train"
10873,"train"
10874,"validation"
10875,"train"
10876,"train"
10877,"validation"
10878,"train"
10879,"validation"
10880,"validation"
10881,"train"
10882,"train"
10883,"train"
10884,"test"
10885,"train"
10886,"train"
10887,"validation"
10888,"train"
10889,"test"
10890,"train"
10891,"train"
10892,"train"
10893,"train"
10894,"test"
10895,"train"
10896,"validation"
10897,"test"
10898,"train"
10899,"train"
10900,"validation"
10901,"train"
10902,"train"
10903,"train"
10904,"test"
10905,"train"
10906,"train"
10907,"train"
10908,"train"
10909,"validation"
10910,"test"
10911,"train"
10912,"train"
10913,"train"
10914,"train"
10915,"train"
10916,"train"
10917,"train"
10918,"train"
10919,"train"
10920,"train"
10921,"train"
10922,"validation"
10923,"train"
10924,"validation"
10925,"train"
10926,"train"
10927,"train"
10928,"validation"
10929,"test"
10930,"test"
10931,"validation"
10932,"train"
10933,"train"
10934,"train"
10935,"validation"
10936,"test"
10937,"test"
10938,"validation"
10939,"train"
10940,"train"
10941,"validation"
10942,"test"
10943,"train"
10944,"train"
10945,"train"
10946,"train"
10947,"train"
10948,"train"
10949,"train"
10950,"train"
10951,"train"
10952,"test"
10953,"train"
10954,"train"
10955,"train"
10956,"train"
10957,"train"
10958,"train"
10959,"validation"
10960,"train"
10961,"test"
10962,"train"
10963,"test"
10964,"train"
10965,"validation"
10966,"train"
10967,"test"
10968,"train"
10969,"validation"
10970,"train"
10971,"train"
10972,"validation"
10973,"test"
10974,"test"
10975,"train"
10976,"validation"
10977,"train"
10978,"train"
10979,"train"
10980,"train"
10981,"train"
10982,"validation"
10983,"validation"
10984,"train"
10985,"train"
10986,"train"
10987,"train"
10988,"validation"
10989,"train"
10990,"train"
10991,"train"
10992,"train"
10993,"train"
10994,"train"
10995,"train"
10996,"train"
10997,"train"
10998,"train"
10999,"train"
11000,"train"
11001,"validation"
11002,"test"
11003,"test"
11004,"test"
11005,"train"
11006,"train"
11007,"train"
11008,"validation"
11009,"train"
11010,"validation"
11011,"test"
11012,"train"
11013,"train"
11014,"test"
11015,"validation"
11016,"validation"
11017,"train"
11018,"train"
11019,"test"
11020,"train"
11021,"train"
11022,"validation"
11023,"train"
11024,"train"
11025,"validation"
11026,"train"
11027,"train"
11028,"train"
11029,"validation"
11030,"validation"
11031,"train"
11032,"test"
11033,"validation"
11034,"train"
11035,"train"
11036,"train"
11037,"train"
11038,"train"
11039,"validation"
11040,"train"
11041,"train"
11042,"validation"
11043,"validation"
11044,"train"
11045,"train"
11046,"train"
11047,"validation"
11048,"train"
11049,"train"
11050,"train"
11051,"train"
11052,"test"
11053,"validation"
11054,"test"
11055,"validation"
11056,"test"
11057,"train"
11058,"train"
11059,"train"
11060,"validation"
11061,"train"
11062,"test"
11063,"validation"
11064,"train"
11065,"train"
11066,"train"
11067,"test"
11068,"validation"
11069,"test"
11070,"train"
11071,"test"
11072,"train"
11073,"train"
11074,"train"
11075,"train"
11076,"validation"
11077,"train"
11078,"train"
11079,"validation"
11080,"train"
11081,"train"
11082,"train"
11083,"train"
11084,"test"
11085,"train"
11086,"test"
11087,"test"
11088,"test"
11089,"validation"
11090,"validation"
11091,"train"
11092,"train"
11093,"train"
11094,"train"
11095,"train"
11096,"validation"
11097,"test"
11098,"validation"
11099,"validation"
11100,"train"
11101,"validation"
11102,"validation"
11103,"train"
11104,"train"
11105,"test"
11106,"test"
11107,"train"
11108,"test"
11109,"train"
11110,"validation"
11111,"test"
11112,"train"
11113,"test"
11114,"train"
11115,"train"
11116,"train"
11117,"test"
11118,"validation"
11119,"train"
11120,"test"
11121,"validation"
11122,"train"
11123,"train"
11124,"train"
11125,"train"
11126,"train"
11127,"validation"
11128,"test"
11129,"test"
11130,"validation"
11131,"train"
11132,"validation"
11133,"train"
11134,"validation"
11135,"validation"
11136,"validation"
11137,"train"
11138,"validation"
11139,"test"
11140,"validation"
11141,"validation"
11142,"train"
11143,"train"
11144,"train"
11145,"train"
11146,"validation"
11147,"train"
11148,"train"
11149,"train"
11150,"test"
11151,"test"
11152,"validation"
11153,"train"
11154,"train"
11155,"validation"
11156,"train"
11157,"train"
11158,"validation"
11159,"train"
11160,"validation"
11161,"train"
11162,"train"
11163,"validation"
11164,"validation"
11165,"train"
11166,"validation"
11167,"validation"
11168,"train"
11169,"validation"
11170,"train"
11171,"validation"
11172,"test"
11173,"test"
11174,"validation"
11175,"test"
11176,"train"
11177,"train"
11178,"train"
11179,"test"
11180,"train"
11181,"test"
11182,"train"
11183,"validation"
11184,"validation"
11185,"test"
11186,"train"
11187,"train"
11188,"train"
11189,"train"
11190,"test"
11191,"train"
11192,"train"
11193,"train"
11194,"train"
11195,"train"
11196,"train"
11197,"train"
11198,"test"
11199,"train"
11200,"test"
11201,"train"
11202,"train"
11203,"train"
11204,"train"
11205,"test"
11206,"train"
11207,"train"
11208,"train"
11209,"train"
11210,"validation"
11211,"test"
11212,"train"
11213,"test"
11214,"train"
11215,"train"
11216,"train"
11217,"train"
11218,"train"
11219,"train"
11220,"train"
11221,"validation"
11222,"train"
11223,"validation"
11224,"validation"
11225,"validation"
11226,"test"
11227,"train"
11228,"train"
11229,"train"
11230,"train"
11231,"test"
11232,"train"
11233,"train"
11234,"train"
11235,"test"
11236,"train"
11237,"train"
11238,"train"
11239,"test"
11240,"train"
11241,"train"
11242,"validation"
11243,"validation"
11244,"train"
11245,"train"
11246,"test"
11247,"train"
11248,"train"
11249,"train"
11250,"validation"
11251,"test"
11252,"validation"
11253,"train"
11254,"validation"
11255,"validation"
11256,"train"
11257,"test"
11258,"test"
11259,"train"
11260,"train"
11261,"train"
11262,"train"
11263,"train"
11264,"train"
11265,"train"
11266,"train"
11267,"train"
11268,"validation"
11269,"validation"
11270,"train"
11271,"test"
11272,"train"
11273,"train"
11274,"train"
11275,"test"
11276,"validation"
11277,"train"
11278,"train"
11279,"train"
11280,"train"
11281,"train"
11282,"train"
11283,"train"
11284,"train"
11285,"train"
11286,"train"
11287,"train"
11288,"train"
11289,"train"
11290,"validation"
11291,"test"
11292,"validation"
11293,"train"
11294,"train"
11295,"test"
11296,"train"
11297,"validation"
11298,"train"
11299,"test"
11300,"train"
11301,"test"
11302,"train"
11303,"train"
11304,"train"
11305,"train"
11306,"train"
11307,"train"
11308,"train"
11309,"test"
11310,"validation"
11311,"test"
11312,"validation"
11313,"train"
11314,"train"
11315,"validation"
11316,"train"
11317,"train"
11318,"test"
11319,"test"
11320,"validation"
11321,"train"
11322,"test"
11323,"train"
11324,"test"
11325,"train"
11326,"validation"
11327,"test"
11328,"train"
11329,"validation"
11330,"validation"
11331,"validation"
11332,"train"
11333,"validation"
11334,"validation"
11335,"train"
11336,"validation"
11337,"train"
11338,"train"
11339,"validation"
11340,"train"
11341,"train"
11342,"test"
11343,"train"
11344,"train"
11345,"test"
11346,"test"
11347,"train"
11348,"train"
11349,"train"
11350,"validation"
11351,"train"
11352,"train"
11353,"train"
11354,"train"
11355,"train"
11356,"validation"
11357,"train"
11358,"train"
11359,"validation"
11360,"test"
11361,"train"
11362,"train"
11363,"train"
11364,"train"
11365,"train"
11366,"test"
11367,"train"
11368,"validation"
11369,"train"
11370,"train"
11371,"validation"
11372,"test"
11373,"train"
11374,"train"
11375,"validation"
11376,"train"
11377,"validation"
11378,"test"
11379,"train"
11380,"test"
11381,"test"
11382,"test"
11383,"test"
11384,"train"
11385,"train"
11386,"test"
11387,"validation"
11388,"train"
11389,"validation"
11390,"train"
11391,"validation"
11392,"train"
11393,"test"
11394,"train"
11395,"test"
11396,"train"
11397,"train"
11398,"test"
11399,"train"
11400,"validation"
11401,"validation"
11402,"validation"
11403,"train"
11404,"train"
11405,"train"
11406,"validation"
11407,"train"
11408,"train"
11409,"validation"
11410,"train"
11411,"train"
11412,"train"
11413,"train"
11414,"validation"
11415,"train"
11416,"validation"
11417,"train"
11418,"test"
11419,"train"
11420,"train"
11421,"train"
11422,"train"
11423,"train"
11424,"train"
11425,"train"
11426,"train"
11427,"train"
11428,"test"
11429,"validation"
11430,"validation"
11431,"train"
11432,"test"
11433,"train"
11434,"train"
11435,"test"
11436,"train"
11437,"train"
11438,"validation"
11439,"train"
11440,"train"
11441,"train"
11442,"train"
11443,"train"
11444,"test"
11445,"train"
11446,"train"
11447,"train"
11448,"train"
11449,"validation"
11450,"validation"
11451,"train"
11452,"train"
11453,"train"
11454,"train"
11455,"train"
11456,"test"
11457,"train"
11458,"validation"
11459,"train"
11460,"train"
11461,"train"
11462,"train"
11463,"train"
11464,"train"
11465,"train"
11466,"train"
11467,"train"
11468,"train"
11469,"test"
11470,"validation"
11471,"validation"
11472,"train"
11473,"validation"
11474,"train"
11475,"train"
11476,"train"
11477,"validation"
11478,"train"
11479,"train"
11480,"test"
11481,"train"
11482,"validation"
11483,"validation"
11484,"train"
11485,"train"
11486,"train"
11487,"train"
11488,"train"
11489,"train"
11490,"train"
11491,"train"
11492,"test"
11493,"test"
11494,"train"
11495,"train"
11496,"train"
11497,"validation"
11498,"train"
11499,"train"
11500,"train"
11501,"train"
11502,"train"
11503,"train"
11504,"validation"
11505,"train"
11506,"test"
11507,"train"
11508,"train"
11509,"train"
11510,"train"
11511,"test"
11512,"train"
11513,"train"
11514,"train"
11515,"test"
11516,"train"
11517,"validation"
11518,"test"
11519,"test"
11520,"train"
11521,"train"
11522,"test"
11523,"train"
11524,"test"
11525,"validation"
11526,"test"
11527,"test"
11528,"test"
11529,"train"
11530,"test"
11531,"train"
11532,"train"
11533,"test"
11534,"train"
11535,"validation"
11536,"train"
11537,"train"
11538,"validation"
11539,"train"
11540,"validation"
11541,"train"
11542,"train"
11543,"test"
11544,"train"
11545,"train"
11546,"validation"
11547,"train"
11548,"test"
11549,"train"
11550,"train"
11551,"test"
11552,"train"
11553,"train"
11554,"test"
11555,"train"
11556,"validation"
11557,"train"
11558,"train"
11559,"train"
11560,"train"
11561,"train"
11562,"train"
11563,"test"
11564,"validation"
11565,"train"
11566,"train"
11567,"test"
11568,"train"
11569,"train"
11570,"train"
11571,"train"
11572,"train"
11573,"train"
11574,"train"
11575,"train"
11576,"train"
11577,"train"
11578,"test"
11579,"train"
11580,"test"
11581,"train"
11582,"train"
11583,"train"
11584,"train"
11585,"validation"
11586,"train"
11587,"train"
11588,"train"
11589,"test"
11590,"train"
11591,"validation"
11592,"train"
11593,"test"
11594,"train"
11595,"test"
11596,"train"
11597,"validation"
11598,"validation"
11599,"train"
11600,"test"
11601,"train"
11602,"train"
11603,"train"
11604,"train"
11605,"train"
11606,"train"
11607,"train"
11608,"validation"
11609,"test"
11610,"train"
11611,"validation"
11612,"train"
11613,"validation"
11614,"train"
11615,"train"
11616,"train"
11617,"train"
11618,"train"
11619,"validation"
11620,"train"
11621,"train"
11622,"train"
11623,"test"
11624,"train"
11625,"validation"
11626,"train"
11627,"test"
11628,"validation"
11629,"train"
11630,"train"
11631,"train"
11632,"test"
11633,"test"
11634,"test"
11635,"train"
11636,"validation"
11637,"train"
11638,"train"
11639,"test"
11640,"train"
11641,"validation"
11642,"test"
11643,"train"
11644,"train"
11645,"train"
11646,"train"
11647,"train"
11648,"test"
11649,"train"
11650,"test"
11651,"train"
11652,"train"
11653,"train"
11654,"validation"
11655,"test"
11656,"train"
11657,"train"
11658,"train"
11659,"test"
11660,"test"
11661,"train"
11662,"test"
11663,"train"
11664,"test"
11665,"train"
11666,"validation"
11667,"validation"
11668,"test"
11669,"train"
11670,"train"
11671,"train"
11672,"test"
11673,"train"
11674,"train"
11675,"train"
11676,"train"
11677,"test"
11678,"train"
11679,"test"
11680,"train"
11681,"test"
11682,"test"
11683,"train"
11684,"train"
11685,"test"
11686,"train"
11687,"train"
11688,"train"
11689,"validation"
11690,"train"
11691,"test"
11692,"train"
11693,"train"
11694,"train"
11695,"train"
11696,"train"
11697,"validation"
11698,"train"
11699,"train"
11700,"test"
11701,"validation"
11702,"test"
11703,"test"
11704,"train"
11705,"train"
11706,"validation"
11707,"train"
11708,"train"
11709,"train"
11710,"train"
11711,"test"
11712,"train"
11713,"validation"
11714,"train"
11715,"train"
11716,"train"
11717,"train"
11718,"validation"
11719,"train"
11720,"train"
11721,"test"
11722,"train"
11723,"train"
11724,"train"
11725,"train"
11726,"train"
11727,"validation"
11728,"train"
11729,"test"
11730,"test"
11731,"train"
11732,"train"
11733,"train"
11734,"train"
11735,"validation"
11736,"train"
11737,"test"
11738,"train"
11739,"train"
11740,"train"
11741,"test"
11742,"test"
11743,"train"
11744,"train"
11745,"validation"
11746,"train"
11747,"train"
11748,"train"
11749,"train"
11750,"test"
11751,"validation"
11752,"test"
11753,"test"
11754,"validation"
11755,"train"
11756,"train"
11757,"train"
11758,"validation"
11759,"train"
11760,"validation"
11761,"test"
11762,"validation"
11763,"train"
11764,"train"
11765,"validation"
11766,"train"
11767,"validation"
11768,"validation"
11769,"train"
11770,"test"
11771,"train"
11772,"test"
11773,"validation"
11774,"train"
11775,"test"
11776,"train"
11777,"train"
11778,"validation"
11779,"validation"
11780,"test"
11781,"train"
11782,"train"
11783,"test"
11784,"validation"
11785,"train"
11786,"validation"
11787,"train"
11788,"train"
11789,"validation"
11790,"train"
11791,"train"
11792,"validation"
11793,"train"
11794,"train"
11795,"test"
11796,"test"
11797,"validation"
11798,"test"
11799,"test"
11800,"test"
11801,"train"
11802,"validation"
11803,"train"
11804,"train"
11805,"test"
11806,"train"
11807,"train"
11808,"test"
11809,"train"
11810,"train"
11811,"train"
11812,"train"
11813,"test"
11814,"train"
11815,"train"
11816,"train"
11817,"validation"
11818,"train"
11819,"train"
11820,"validation"
11821,"train"
11822,"train"
11823,"train"
11824,"train"
11825,"test"
11826,"train"
11827,"train"
11828,"train"
11829,"train"
11830,"train"
11831,"train"
11832,"validation"
11833,"train"
11834,"train"
11835,"train"
11836,"test"
11837,"train"
11838,"validation"
11839,"train"
11840,"test"
11841,"train"
11842,"train"
11843,"test"
11844,"test"
11845,"validation"
11846,"train"
11847,"validation"
11848,"train"
11849,"train"
11850,"test"
11851,"test"
11852,"train"
11853,"test"
11854,"train"
11855,"train"
11856,"validation"
11857,"train"
11858,"train"
11859,"validation"
11860,"train"
11861,"test"
11862,"train"
11863,"train"
11864,"train"
11865,"train"
11866,"validation"
11867,"train"
11868,"validation"
11869,"train"
11870,"train"
11871,"train"
11872,"test"
11873,"train"
11874,"validation"
11875,"train"
11876,"validation"
11877,"test"
11878,"train"
11879,"train"
11880,"train"
11881,"train"
11882,"train"
11883,"validation"
11884,"test"
11885,"validation"
11886,"train"
11887,"train"
11888,"train"
11889,"test"
11890,"train"
11891,"train"
11892,"test"
11893,"train"
11894,"train"
11895,"train"
11896,"train"
11897,"train"
11898,"test"
11899,"train"
11900,"train"
11901,"train"
11902,"train"
11903,"validation"
11904,"test"
11905,"validation"
11906,"train"
11907,"test"
11908,"train"
11909,"train"
11910,"train"
11911,"train"
11912,"train"
11913,"validation"
11914,"validation"
11915,"train"
11916,"validation"
11917,"train"
11918,"train"
11919,"validation"
11920,"test"
11921,"test"
11922,"validation"
11923,"validation"
11924,"train"
11925,"train"
11926,"train"
11927,"train"
11928,"train"
11929,"train"
11930,"train"
11931,"test"
11932,"train"
11933,"train"
11934,"validation"
11935,"validation"
11936,"validation"
11937,"train"
11938,"train"
11939,"validation"
11940,"validation"
11941,"train"
11942,"train"
11943,"test"
11944,"test"
11945,"train"
11946,"train"
11947,"train"
11948,"train"
11949,"train"
11950,"test"
11951,"train"
11952,"train"
11953,"train"
11954,"validation"
11955,"train"
11956,"validation"
11957,"train"
11958,"train"
11959,"validation"
11960,"train"
11961,"train"
11962,"train"
11963,"train"
11964,"validation"
11965,"train"
11966,"validation"
11967,"test"
11968,"train"
11969,"test"
11970,"train"
11971,"validation"
11972,"train"
11973,"train"
11974,"train"
11975,"train"
11976,"train"
11977,"test"
11978,"train"
11979,"train"
11980,"validation"
11981,"validation"
11982,"validation"
11983,"train"
11984,"validation"
11985,"test"
11986,"train"
11987,"train"
11988,"validation"
11989,"train"
11990,"test"
11991,"train"
11992,"train"
11993,"validation"
11994,"train"
11995,"validation"
11996,"train"
11997,"train"
11998,"test"
11999,"train"
12000,"train"
12001,"train"
12002,"train"
12003,"train"
12004,"validation"
12005,"train"
12006,"validation"
12007,"train"
12008,"train"
12009,"train"
12010,"train"
12011,"train"
12012,"train"
12013,"train"
12014,"test"
12015,"validation"
12016,"validation"
12017,"validation"
12018,"train"
12019,"train"
12020,"train"
12021,"train"
12022,"validation"
12023,"train"
12024,"train"
12025,"test"
12026,"train"
12027,"test"
12028,"train"
12029,"validation"
12030,"train"
12031,"train"
12032,"train"
12033,"train"
12034,"test"
12035,"train"
12036,"train"
12037,"validation"
12038,"train"
12039,"train"
12040,"train"
12041,"train"
12042,"train"
12043,"test"
12044,"validation"
12045,"test"
12046,"validation"
12047,"train"
12048,"validation"
12049,"test"
12050,"test"
12051,"train"
12052,"validation"
12053,"validation"
12054,"validation"
12055,"validation"
12056,"test"
12057,"test"
12058,"test"
12059,"train"
12060,"test"
12061,"test"
12062,"train"
12063,"train"
12064,"validation"
12065,"train"
12066,"train"
12067,"train"
12068,"train"
12069,"train"
12070,"train"
12071,"train"
12072,"validation"
12073,"train"
12074,"train"
12075,"validation"
12076,"train"
12077,"test"
12078,"train"
12079,"train"
12080,"train"
12081,"test"
12082,"train"
12083,"train"
12084,"train"
12085,"test"
12086,"train"
12087,"validation"
12088,"test"
12089,"train"
12090,"test"
12091,"train"
12092,"train"
12093,"validation"
12094,"train"
12095,"train"
12096,"train"
12097,"test"
12098,"validation"
12099,"validation"
12100,"validation"
12101,"train"
12102,"train"
12103,"validation"
12104,"train"
12105,"test"
12106,"train"
12107,"train"
12108,"train"
12109,"test"
12110,"train"
12111,"train"
12112,"train"
12113,"train"
12114,"validation"
12115,"train"
12116,"validation"
12117,"train"
12118,"train"
12119,"validation"
12120,"train"
12121,"test"
12122,"validation"
12123,"train"
12124,"train"
12125,"train"
12126,"test"
12127,"validation"
12128,"test"
12129,"train"
12130,"test"
12131,"validation"
12132,"test"
12133,"train"
12134,"test"
12135,"validation"
12136,"test"
12137,"train"
12138,"test"
12139,"train"
12140,"train"
12141,"train"
12142,"train"
12143,"train"
12144,"train"
12145,"train"
12146,"validation"
12147,"train"
12148,"train"
12149,"train"
12150,"train"
12151,"validation"
12152,"train"
12153,"validation"
12154,"train"
12155,"train"
12156,"train"
12157,"validation"
12158,"test"
12159,"train"
12160,"train"
12161,"train"
12162,"train"
12163,"train"
12164,"train"
12165,"train"
12166,"train"
12167,"test"
12168,"validation"
12169,"train"
12170,"validation"
12171,"train"
12172,"train"
12173,"test"
12174,"train"
12175,"train"
12176,"train"
12177,"train"
12178,"train"
12179,"train"
12180,"train"
12181,"train"
12182,"validation"
12183,"train"
12184,"train"
12185,"train"
12186,"validation"
12187,"train"
12188,"validation"
12189,"train"
12190,"train"
12191,"train"
12192,"train"
12193,"train"
12194,"train"
12195,"validation"
12196,"test"
12197,"test"
12198,"train"
12199,"test"
12200,"test"
12201,"train"
12202,"train"
12203,"validation"
12204,"validation"
12205,"train"
12206,"test"
12207,"test"
12208,"validation"
12209,"train"
12210,"train"
12211,"validation"
12212,"test"
12213,"validation"
12214,"train"
12215,"train"
12216,"validation"
12217,"train"
12218,"train"
12219,"test"
12220,"train"
12221,"validation"
12222,"test"
12223,"train"
12224,"train"
12225,"validation"
12226,"train"
12227,"test"
12228,"train"
12229,"train"
12230,"train"
12231,"train"
12232,"train"
12233,"validation"
12234,"test"
12235,"validation"
12236,"train"
12237,"train"
12238,"validation"
12239,"train"
12240,"test"
12241,"test"
12242,"train"
12243,"test"
12244,"test"
12245,"validation"
12246,"test"
12247,"validation"
12248,"train"
12249,"train"
12250,"train"
12251,"test"
12252,"train"
12253,"train"
12254,"validation"
12255,"test"
12256,"validation"
12257,"train"
12258,"test"
12259,"test"
12260,"train"
12261,"test"
12262,"test"
12263,"train"
12264,"validation"
12265,"test"
12266,"train"
12267,"train"
12268,"train"
12269,"train"
12270,"train"
12271,"train"
12272,"validation"
12273,"validation"
12274,"test"
12275,"test"
12276,"train"
12277,"validation"
12278,"test"
12279,"train"
12280,"train"
12281,"test"
12282,"train"
12283,"train"
12284,"train"
12285,"train"
12286,"train"
12287,"test"
12288,"train"
12289,"train"
12290,"test"
12291,"train"
12292,"train"
12293,"validation"
12294,"train"
12295,"train"
12296,"test"
12297,"test"
12298,"test"
12299,"train"
12300,"train"
12301,"train"
12302,"validation"
12303,"validation"
12304,"train"
12305,"train"
12306,"train"
12307,"train"
12308,"train"
12309,"validation"
12310,"train"
12311,"test"
12312,"test"
12313,"train"
12314,"train"
12315,"train"
12316,"train"
12317,"test"
12318,"test"
12319,"test"
12320,"train"
12321,"train"
12322,"validation"
12323,"train"
12324,"test"
12325,"validation"
12326,"train"
12327,"train"
12328,"train"
12329,"validation"
12330,"train"
12331,"train"
12332,"train"
12333,"validation"
12334,"validation"
12335,"train"
12336,"test"
12337,"test"
12338,"train"
12339,"train"
12340,"test"
12341,"train"
12342,"train"
12343,"validation"
12344,"test"
12345,"train"
12346,"train"
12347,"train"
12348,"train"
12349,"train"
12350,"train"
12351,"train"
12352,"train"
12353,"train"
12354,"test"
12355,"validation"
12356,"train"
12357,"train"
12358,"train"
12359,"train"
12360,"test"
12361,"train"
12362,"train"
12363,"train"
12364,"train"
12365,"train"
12366,"train"
12367,"validation"
12368,"train"
12369,"validation"
12370,"validation"
12371,"test"
12372,"train"
12373,"test"
12374,"test"
12375,"train"
12376,"train"
12377,"train"
12378,"validation"
12379,"train"
12380,"train"
12381,"train"
12382,"train"
12383,"validation"
12384,"test"
12385,"train"
12386,"test"
12387,"validation"
12388,"test"
12389,"train"
12390,"validation"
12391,"train"
12392,"train"
12393,"test"
12394,"train"
12395,"train"
12396,"train"
12397,"train"
12398,"validation"
12399,"test"
12400,"train"
12401,"train"
12402,"train"
12403,"train"
12404,"train"
12405,"train"
12406,"train"
12407,"train"
12408,"train"
12409,"train"
12410,"train"
12411,"train"
12412,"train"
12413,"train"
12414,"train"
12415,"test"
12416,"validation"
12417,"train"
12418,"train"
12419,"train"
12420,"train"
12421,"train"
12422,"train"
12423,"train"
12424,"validation"
12425,"train"
12426,"train"
12427,"train"
12428,"train"
12429,"train"
12430,"train"
12431,"test"
12432,"train"
12433,"test"
12434,"test"
12435,"train"
12436,"train"
12437,"train"
12438,"test"
12439,"train"
12440,"train"
12441,"validation"
12442,"test"
12443,"train"
12444,"train"
12445,"test"
12446,"train"
12447,"train"
12448,"train"
12449,"test"
12450,"train"
12451,"train"
12452,"validation"
12453,"train"
12454,"validation"
12455,"test"
12456,"test"
12457,"train"
12458,"validation"
12459,"validation"
12460,"test"
12461,"validation"
12462,"train"
12463,"train"
12464,"validation"
12465,"train"
12466,"test"
12467,"train"
12468,"validation"
12469,"train"
12470,"train"
12471,"test"
12472,"train"
12473,"train"
12474,"train"
12475,"train"
12476,"test"
12477,"test"
12478,"train"
12479,"train"
12480,"train"
12481,"train"
12482,"train"
12483,"train"
12484,"train"
12485,"validation"
12486,"train"
12487,"train"
12488,"train"
12489,"train"
12490,"train"
12491,"train"
12492,"train"
12493,"train"
12494,"train"
12495,"test"
12496,"train"
12497,"train"
12498,"train"
12499,"validation"
12500,"train"
12501,"validation"
12502,"validation"
12503,"train"
12504,"test"
12505,"test"
12506,"test"
12507,"train"
12508,"validation"
12509,"train"
12510,"validation"
12511,"train"
12512,"train"
12513,"train"
12514,"train"
12515,"train"
12516,"validation"
12517,"test"
12518,"test"
12519,"test"
12520,"test"
12521,"test"
12522,"train"
12523,"train"
12524,"validation"
12525,"train"
12526,"train"
12527,"test"
12528,"train"
12529,"validation"
12530,"validation"
12531,"train"
12532,"train"
12533,"train"
12534,"validation"
12535,"train"
12536,"train"
12537,"train"
12538,"validation"
12539,"train"
12540,"test"
12541,"train"
12542,"train"
12543,"train"
12544,"test"
12545,"train"
12546,"validation"
12547,"train"
12548,"validation"
12549,"train"
12550,"train"
12551,"validation"
12552,"test"
12553,"train"
12554,"train"
12555,"train"
12556,"test"
12557,"train"
12558,"validation"
12559,"train"
12560,"train"
12561,"validation"
12562,"validation"
12563,"train"
12564,"test"
12565,"validation"
12566,"train"
12567,"train"
12568,"validation"
12569,"test"
12570,"train"
12571,"validation"
12572,"train"
12573,"test"
12574,"train"
12575,"train"
12576,"test"
12577,"validation"
12578,"train"
12579,"validation"
12580,"train"
12581,"train"
12582,"test"
12583,"train"
12584,"train"
12585,"train"
12586,"test"
12587,"validation"
12588,"train"
12589,"test"
12590,"test"
12591,"train"
12592,"train"
12593,"train"
12594,"test"
12595,"validation"
12596,"test"
12597,"train"
12598,"train"
12599,"validation"
12600,"train"
12601,"test"
12602,"train"
12603,"test"
12604,"train"
12605,"validation"
12606,"train"
12607,"train"
12608,"train"
12609,"train"
12610,"test"
12611,"test"
12612,"validation"
12613,"train"
12614,"train"
12615,"train"
12616,"validation"
12617,"validation"
12618,"train"
12619,"test"
12620,"train"
12621,"test"
12622,"train"
12623,"train"
12624,"validation"
12625,"train"
12626,"test"
12627,"test"
12628,"train"
12629,"validation"
12630,"train"
12631,"test"
12632,"train"
12633,"test"
12634,"train"
12635,"test"
12636,"train"
12637,"train"
12638,"validation"
12639,"train"
12640,"validation"
12641,"train"
12642,"test"
12643,"test"
12644,"train"
12645,"train"
12646,"train"
12647,"train"
12648,"train"
12649,"train"
12650,"train"
12651,"train"
12652,"train"
12653,"train"
12654,"validation"
12655,"train"
12656,"validation"
12657,"test"
12658,"validation"
12659,"train"
12660,"train"
12661,"train"
12662,"train"
12663,"train"
12664,"train"
12665,"train"
12666,"validation"
12667,"train"
12668,"train"
12669,"train"
12670,"test"
12671,"train"
12672,"validation"
12673,"train"
12674,"test"
12675,"train"
12676,"test"
12677,"train"
12678,"test"
12679,"train"
12680,"validation"
12681,"test"
12682,"validation"
12683,"train"
12684,"validation"
12685,"validation"
12686,"train"
12687,"train"
12688,"test"
12689,"train"
12690,"test"
12691,"validation"
12692,"train"
12693,"train"
12694,"test"
12695,"train"
12696,"train"
12697,"train"
12698,"train"
12699,"train"
12700,"train"
12701,"validation"
12702,"test"
12703,"train"
12704,"train"
12705,"train"
12706,"test"
12707,"train"
12708,"train"
12709,"train"
12710,"train"
12711,"train"
12712,"validation"
12713,"train"
12714,"validation"
12715,"train"
12716,"train"
12717,"test"
12718,"train"
12719,"validation"
12720,"train"
12721,"train"
12722,"train"
12723,"train"
12724,"train"
12725,"train"
12726,"test"
12727,"train"
12728,"train"
12729,"test"
12730,"train"
12731,"train"
12732,"test"
12733,"train"
12734,"test"
12735,"train"
12736,"train"
12737,"validation"
12738,"test"
12739,"train"
12740,"train"
12741,"train"
12742,"train"
12743,"test"
12744,"validation"
12745,"train"
12746,"validation"
12747,"validation"
12748,"train"
12749,"test"
12750,"train"
12751,"train"
12752,"train"
12753,"validation"
12754,"train"
12755,"train"
12756,"train"
12757,"validation"
12758,"validation"
12759,"test"
12760,"test"
12761,"train"
12762,"train"
12763,"train"
12764,"test"
12765,"train"
12766,"train"
12767,"train"
12768,"validation"
12769,"train"
12770,"test"
12771,"validation"
12772,"test"
12773,"train"
12774,"test"
12775,"validation"
12776,"test"
12777,"train"
12778,"test"
12779,"train"
12780,"train"
12781,"train"
12782,"validation"
12783,"validation"
12784,"train"
12785,"train"
12786,"train"
12787,"validation"
12788,"validation"
12789,"test"
12790,"train"
12791,"train"
12792,"train"
12793,"train"
12794,"test"
12795,"validation"
12796,"validation"
12797,"train"
12798,"train"
12799,"train"
12800,"test"
12801,"train"
12802,"train"
12803,"train"
12804,"test"
12805,"train"
12806,"train"
12807,"test"
12808,"validation"
12809,"train"
12810,"test"
12811,"validation"
12812,"validation"
12813,"validation"
12814,"train"
12815,"train"
12816,"test"
12817,"train"
12818,"train"
12819,"test"
12820,"validation"
12821,"train"
12822,"train"
12823,"train"
12824,"train"
12825,"test"
12826,"test"
12827,"validation"
12828,"train"
12829,"train"
12830,"validation"
12831,"test"
12832,"train"
12833,"train"
12834,"train"
12835,"validation"
12836,"validation"
12837,"test"
12838,"validation"
12839,"train"
12840,"train"
12841,"train"
12842,"validation"
12843,"train"
12844,"train"
12845,"train"
12846,"train"
12847,"test"
12848,"train"
12849,"train"
12850,"test"
12851,"train"
12852,"validation"
12853,"validation"
12854,"test"
12855,"train"
12856,"train"
12857,"train"
12858,"train"
12859,"test"
12860,"test"
12861,"test"
12862,"train"
12863,"train"
12864,"train"
12865,"test"
12866,"train"
12867,"train"
12868,"train"
12869,"train"
12870,"train"
12871,"train"
12872,"validation"
12873,"train"
12874,"train"
12875,"train"
12876,"train"
12877,"validation"
12878,"test"
12879,"validation"
12880,"train"
12881,"train"
12882,"train"
12883,"train"
12884,"train"
12885,"test"
12886,"train"
12887,"test"
12888,"validation"
12889,"train"
12890,"train"
12891,"test"
12892,"validation"
12893,"train"
12894,"validation"
12895,"train"
12896,"validation"
12897,"train"
12898,"validation"
12899,"test"
12900,"test"
12901,"train"
12902,"train"
12903,"train"
12904,"train"
12905,"train"
12906,"test"
12907,"train"
12908,"validation"
12909,"test"
12910,"validation"
12911,"train"
12912,"train"
12913,"train"
12914,"train"
12915,"validation"
12916,"train"
12917,"train"
12918,"test"
12919,"train"
12920,"train"
12921,"train"
12922,"train"
12923,"train"
12924,"train"
12925,"train"
12926,"train"
12927,"test"
12928,"train"
12929,"validation"
12930,"train"
12931,"train"
12932,"train"
12933,"train"
12934,"test"
12935,"train"
12936,"train"
12937,"train"
12938,"train"
12939,"test"
12940,"test"
12941,"train"
12942,"train"
12943,"test"
12944,"train"
12945,"train"
12946,"validation"
12947,"train"
12948,"validation"
12949,"validation"
12950,"train"
12951,"train"
12952,"train"
12953,"train"
12954,"train"
12955,"train"
12956,"train"
12957,"train"
12958,"test"
12959,"train"
12960,"validation"
12961,"test"
12962,"train"
12963,"validation"
12964,"validation"
12965,"train"
12966,"train"
12967,"train"
12968,"train"
12969,"validation"
12970,"test"
12971,"train"
12972,"validation"
12973,"test"
12974,"test"
12975,"train"
12976,"train"
12977,"validation"
12978,"test"
12979,"train"
12980,"test"
12981,"validation"
12982,"train"
12983,"train"
12984,"validation"
12985,"train"
12986,"train"
12987,"train"
12988,"test"
12989,"validation"
12990,"test"
12991,"train"
12992,"test"
12993,"train"
12994,"train"
12995,"validation"
12996,"train"
12997,"train"
12998,"train"
12999,"train"
13000,"train"
13001,"train"
13002,"train"
13003,"test"
13004,"train"
13005,"train"
13006,"train"
13007,"train"
13008,"train"
13009,"train"
13010,"train"
13011,"train"
13012,"train"
13013,"train"
13014,"test"
13015,"test"
13016,"test"
13017,"train"
13018,"train"
13019,"train"
13020,"validation"
13021,"train"
13022,"train"
13023,"train"
13024,"train"
13025,"validation"
13026,"validation"
13027,"test"
13028,"train"
13029,"train"
13030,"train"
13031,"train"
13032,"train"
13033,"validation"
13034,"train"
13035,"test"
13036,"test"
13037,"train"
13038,"validation"
13039,"train"
13040,"train"
13041,"train"
13042,"test"
13043,"train"
13044,"test"
13045,"train"
13046,"train"
13047,"train"
13048,"validation"
13049,"train"
13050,"test"
13051,"train"
13052,"validation"
13053,"train"
13054,"train"
13055,"train"
13056,"train"
13057,"train"
13058,"train"
13059,"train"
13060,"train"
13061,"train"
13062,"validation"
13063,"train"
13064,"test"
13065,"train"
13066,"test"
13067,"train"
13068,"test"
13069,"train"
13070,"test"
13071,"train"
13072,"validation"
13073,"train"
13074,"train"
13075,"train"
13076,"train"
13077,"train"
13078,"test"
13079,"train"
13080,"test"
13081,"train"
13082,"train"
13083,"train"
13084,"test"
13085,"train"
13086,"train"
13087,"train"
13088,"train"
13089,"train"
13090,"train"
13091,"test"
13092,"validation"
13093,"validation"
13094,"validation"
13095,"test"
13096,"test"
13097,"validation"
13098,"validation"
13099,"train"
13100,"test"
13101,"train"
13102,"train"
13103,"train"
13104,"train"
13105,"validation"
13106,"train"
13107,"test"
13108,"train"
13109,"train"
13110,"test"
13111,"validation"
13112,"train"
13113,"train"
13114,"train"
13115,"train"
13116,"train"
13117,"validation"
13118,"train"
13119,"validation"
13120,"train"
13121,"test"
13122,"train"
13123,"train"
13124,"train"
13125,"test"
13126,"train"
13127,"test"
13128,"train"
13129,"validation"
13130,"train"
13131,"train"
13132,"train"
13133,"train"
13134,"test"
13135,"test"
13136,"test"
13137,"validation"
13138,"test"
13139,"train"
13140,"validation"
13141,"train"
13142,"validation"
13143,"validation"
13144,"validation"
13145,"train"
13146,"test"
13147,"train"
13148,"train"
13149,"train"
13150,"train"
13151,"train"
13152,"train"
13153,"train"
13154,"validation"
13155,"train"
13156,"train"
13157,"test"
13158,"test"
13159,"train"
13160,"train"
13161,"train"
13162,"train"
13163,"train"
13164,"train"
13165,"train"
13166,"train"
13167,"train"
13168,"validation"
13169,"train"
13170,"train"
13171,"train"
13172,"test"
13173,"train"
13174,"test"
13175,"test"
13176,"test"
13177,"train"
13178,"test"
13179,"validation"
13180,"train"
13181,"validation"
13182,"validation"
13183,"test"
13184,"train"
13185,"train"
13186,"validation"
13187,"train"
13188,"train"
13189,"train"
13190,"train"
13191,"test"
13192,"test"
13193,"train"
13194,"train"
13195,"validation"
13196,"train"
13197,"train"
13198,"test"
13199,"validation"
13200,"train"
13201,"train"
13202,"test"
13203,"train"
13204,"train"
13205,"train"
13206,"train"
13207,"train"
13208,"train"
13209,"validation"
13210,"train"
13211,"train"
13212,"validation"
13213,"validation"
13214,"test"
13215,"test"
13216,"test"
13217,"train"
13218,"train"
13219,"train"
13220,"validation"
13221,"train"
13222,"train"
13223,"train"
13224,"train"
13225,"validation"
13226,"train"
13227,"test"
13228,"train"
13229,"validation"
13230,"test"
13231,"train"
13232,"test"
13233,"train"
13234,"test"
13235,"test"
13236,"train"
13237,"validation"
13238,"test"
13239,"train"
13240,"test"
13241,"train"
13242,"train"
13243,"train"
13244,"train"
13245,"train"
13246,"train"
13247,"train"
13248,"test"
13249,"validation"
13250,"train"
13251,"test"
13252,"validation"
13253,"train"
13254,"train"
13255,"test"
13256,"test"
13257,"validation"
13258,"train"
13259,"train"
13260,"train"
13261,"test"
13262,"train"
13263,"validation"
13264,"train"
13265,"train"
13266,"validation"
13267,"train"
13268,"test"
13269,"train"
13270,"test"
13271,"validation"
13272,"train"
13273,"test"
13274,"train"
13275,"train"
13276,"train"
13277,"train"
13278,"train"
13279,"validation"
13280,"train"
13281,"test"
13282,"train"
13283,"validation"
13284,"train"
13285,"train"
13286,"train"
13287,"train"
13288,"train"
13289,"train"
13290,"test"
13291,"test"
13292,"train"
13293,"validation"
13294,"test"
13295,"train"
13296,"test"
13297,"validation"
13298,"validation"
13299,"train"
13300,"train"
13301,"train"
13302,"validation"
13303,"train"
13304,"train"
13305,"train"
13306,"train"
13307,"validation"
13308,"train"
13309,"test"
13310,"train"
13311,"train"
13312,"validation"
13313,"test"
13314,"train"
13315,"train"
13316,"train"
13317,"train"
13318,"train"
13319,"validation"
13320,"test"
13321,"train"
13322,"train"
13323,"train"
13324,"test"
13325,"train"
13326,"train"
13327,"train"
13328,"train"
13329,"train"
13330,"train"
13331,"validation"
13332,"train"
13333,"validation"
13334,"test"
13335,"train"
13336,"train"
13337,"validation"
13338,"test"
13339,"train"
13340,"train"
13341,"test"
13342,"train"
13343,"test"
13344,"test"
13345,"train"
13346,"validation"
13347,"train"
13348,"train"
13349,"test"
13350,"validation"
13351,"validation"
13352,"validation"
13353,"validation"
13354,"test"
13355,"train"
13356,"train"
13357,"validation"
13358,"train"
13359,"train"
13360,"train"
13361,"test"
13362,"train"
13363,"validation"
13364,"train"
13365,"train"
13366,"train"
13367,"train"
13368,"test"
13369,"validation"
13370,"test"
13371,"train"
13372,"train"
13373,"train"
13374,"train"
13375,"train"
13376,"test"
13377,"train"
13378,"test"
13379,"train"
13380,"test"
13381,"test"
13382,"train"
13383,"train"
13384,"test"
13385,"train"
13386,"train"
13387,"train"
13388,"train"
13389,"train"
13390,"train"
13391,"train"
13392,"validation"
13393,"train"
13394,"train"
13395,"train"
13396,"train"
13397,"validation"
13398,"validation"
13399,"train"
13400,"test"
13401,"train"
13402,"train"
13403,"train"
13404,"test"
13405,"validation"
13406,"validation"
13407,"train"
13408,"train"
13409,"train"
13410,"train"
13411,"test"
13412,"validation"
13413,"validation"
13414,"train"
13415,"train"
13416,"train"
13417,"train"
13418,"train"
13419,"test"
13420,"train"
13421,"train"
13422,"validation"
13423,"train"
13424,"train"
13425,"train"
13426,"validation"
13427,"test"
13428,"train"
13429,"train"
13430,"validation"
13431,"train"
13432,"validation"
13433,"train"
13434,"validation"
13435,"test"
13436,"train"
13437,"train"
13438,"train"
13439,"validation"
13440,"train"
13441,"validation"
13442,"train"
13443,"test"
13444,"validation"
13445,"train"
13446,"test"
13447,"train"
13448,"train"
13449,"train"
13450,"train"
13451,"train"
13452,"validation"
13453,"train"
13454,"train"
13455,"validation"
13456,"train"
13457,"train"
13458,"validation"
13459,"train"
13460,"train"
13461,"train"
13462,"train"
13463,"validation"
13464,"train"
13465,"train"
13466,"train"
13467,"test"
13468,"validation"
13469,"train"
13470,"test"
13471,"train"
13472,"validation"
13473,"train"
13474,"train"
13475,"train"
13476,"train"
13477,"train"
13478,"test"
13479,"validation"
13480,"validation"
13481,"train"
13482,"train"
13483,"train"
13484,"validation"
13485,"train"
13486,"train"
13487,"train"
13488,"train"
13489,"train"
13490,"train"
13491,"train"
13492,"train"
13493,"test"
13494,"validation"
13495,"test"
13496,"train"
13497,"train"
13498,"test"
13499,"test"
13500,"test"
13501,"train"
13502,"test"
13503,"train"
13504,"test"
13505,"validation"
13506,"train"
13507,"train"
13508,"train"
13509,"test"
13510,"train"
13511,"train"
13512,"train"
13513,"test"
13514,"train"
13515,"validation"
13516,"train"
13517,"train"
13518,"train"
13519,"train"
13520,"train"
13521,"train"
13522,"test"
13523,"train"
13524,"validation"
13525,"train"
13526,"train"
13527,"train"
13528,"train"
13529,"test"
13530,"train"
13531,"train"
13532,"train"
13533,"test"
13534,"train"
13535,"train"
13536,"test"
13537,"validation"
13538,"train"
13539,"test"
13540,"test"
13541,"train"
13542,"validation"
13543,"train"
13544,"train"
13545,"train"
13546,"train"
13547,"train"
13548,"train"
13549,"test"
13550,"validation"
13551,"train"
13552,"test"
13553,"train"
13554,"train"
13555,"train"
13556,"test"
13557,"validation"
13558,"test"
13559,"train"
13560,"validation"
13561,"train"
13562,"validation"
13563,"test"
13564,"validation"
13565,"train"
13566,"validation"
13567,"train"
13568,"validation"
13569,"validation"
13570,"train"
13571,"train"
13572,"train"
13573,"train"
13574,"train"
13575,"train"
13576,"train"
13577,"test"
13578,"train"
13579,"train"
13580,"train"
13581,"validation"
13582,"train"
13583,"train"
13584,"train"
13585,"train"
13586,"test"
13587,"train"
13588,"validation"
13589,"train"
13590,"train"
13591,"train"
13592,"train"
13593,"test"
13594,"train"
13595,"test"
13596,"train"
13597,"test"
13598,"train"
13599,"train"
13600,"train"
13601,"test"
13602,"validation"
13603,"train"
13604,"train"
13605,"train"
13606,"train"
13607,"test"
13608,"train"
13609,"train"
13610,"train"
13611,"train"
13612,"train"
13613,"test"
13614,"validation"
13615,"train"
13616,"train"
13617,"test"
13618,"train"
13619,"test"
13620,"validation"
13621,"train"
13622,"train"
13623,"train"
13624,"train"
13625,"validation"
13626,"train"
13627,"validation"
13628,"test"
13629,"validation"
13630,"train"
13631,"train"
13632,"train"
13633,"train"
13634,"test"
13635,"train"
13636,"train"
13637,"train"
13638,"train"
13639,"train"
13640,"test"
13641,"train"
13642,"test"
13643,"validation"
13644,"test"
13645,"validation"
13646,"validation"
13647,"validation"
13648,"train"
13649,"train"
13650,"train"
13651,"train"
13652,"test"
13653,"validation"
13654,"validation"
13655,"train"
13656,"validation"
13657,"train"
13658,"validation"
13659,"train"
13660,"train"
13661,"train"
13662,"train"
13663,"train"
13664,"train"
13665,"train"
13666,"train"
13667,"validation"
13668,"validation"
13669,"train"
13670,"validation"
13671,"train"
13672,"validation"
13673,"train"
13674,"validation"
13675,"train"
13676,"train"
13677,"validation"
13678,"train"
13679,"train"
13680,"train"
13681,"train"
13682,"test"
13683,"train"
13684,"validation"
13685,"validation"
13686,"train"
13687,"train"
13688,"train"
13689,"train"
13690,"validation"
13691,"train"
13692,"validation"
13693,"train"
13694,"validation"
13695,"train"
13696,"train"
13697,"train"
13698,"train"
13699,"train"
13700,"test"
13701,"train"
13702,"train"
13703,"train"
13704,"train"
13705,"train"
13706,"validation"
13707,"train"
13708,"test"
13709,"train"
13710,"test"
13711,"validation"
13712,"train"
13713,"validation"
13714,"train"
13715,"train"
13716,"train"
13717,"train"
13718,"test"
13719,"train"
13720,"validation"
13721,"train"
13722,"test"
13723,"train"
13724,"validation"
13725,"test"
13726,"validation"
13727,"train"
13728,"train"
13729,"train"
13730,"train"
13731,"train"
13732,"train"
13733,"train"
13734,"test"
13735,"test"
13736,"train"
13737,"train"
13738,"train"
13739,"validation"
13740,"train"
13741,"test"
13742,"train"
13743,"train"
13744,"test"
13745,"train"
13746,"test"
13747,"train"
13748,"train"
13749,"train"
13750,"train"
13751,"train"
13752,"train"
13753,"test"
13754,"train"
13755,"validation"
13756,"train"
13757,"train"
13758,"train"
13759,"test"
13760,"test"
13761,"train"
13762,"train"
13763,"test"
13764,"train"
13765,"train"
13766,"validation"
13767,"train"
13768,"train"
13769,"test"
13770,"train"
13771,"train"
13772,"train"
13773,"validation"
13774,"validation"
13775,"train"
13776,"train"
13777,"test"
13778,"train"
13779,"train"
13780,"test"
13781,"train"
13782,"train"
13783,"train"
13784,"train"
13785,"test"
13786,"train"
13787,"train"
13788,"test"
13789,"test"
13790,"train"
13791,"train"
13792,"train"
13793,"train"
13794,"train"
13795,"train"
13796,"test"
13797,"train"
13798,"train"
13799,"train"
13800,"validation"
13801,"test"
13802,"validation"
13803,"train"
13804,"train"
13805,"train"
13806,"train"
13807,"train"
13808,"train"
13809,"validation"
13810,"train"
13811,"train"
13812,"train"
13813,"validation"
13814,"train"
13815,"train"
13816,"train"
13817,"train"
13818,"train"
13819,"train"
13820,"train"
13821,"validation"
13822,"train"
13823,"train"
13824,"train"
13825,"train"
13826,"train"
13827,"validation"
13828,"train"
13829,"test"
13830,"train"
13831,"train"
13832,"train"
13833,"train"
13834,"train"
13835,"train"
13836,"train"
13837,"test"
13838,"train"
13839,"test"
13840,"train"
13841,"validation"
13842,"test"
13843,"train"
13844,"train"
13845,"train"
13846,"train"
13847,"validation"
13848,"test"
13849,"train"
13850,"test"
13851,"train"
13852,"train"
13853,"test"
13854,"train"
13855,"validation"
13856,"train"
13857,"validation"
13858,"train"
13859,"train"
13860,"train"
13861,"train"
13862,"train"
13863,"train"
13864,"train"
13865,"train"
13866,"test"
13867,"validation"
13868,"test"
13869,"train"
13870,"train"
13871,"train"
13872,"validation"
13873,"train"
13874,"validation"
13875,"test"
13876,"train"
13877,"train"
13878,"train"
13879,"train"
13880,"train"
13881,"train"
13882,"test"
13883,"train"
13884,"train"
13885,"train"
13886,"validation"
13887,"train"
13888,"validation"
13889,"test"
13890,"train"
13891,"train"
13892,"train"
13893,"train"
13894,"train"
13895,"train"
13896,"train"
13897,"train"
13898,"train"
13899,"train"
13900,"validation"
13901,"train"
13902,"test"
13903,"train"
13904,"test"
13905,"train"
13906,"train"
13907,"train"
13908,"test"
13909,"train"
13910,"test"
13911,"train"
13912,"train"
13913,"validation"
13914,"validation"
13915,"train"
13916,"train"
13917,"validation"
13918,"train"
13919,"test"
13920,"train"
13921,"train"
13922,"validation"
13923,"train"
13924,"train"
13925,"train"
13926,"train"
13927,"validation"
13928,"train"
13929,"train"
13930,"validation"
13931,"train"
13932,"test"
13933,"test"
13934,"train"
13935,"train"
13936,"test"
13937,"train"
13938,"validation"
13939,"train"
13940,"test"
13941,"validation"
13942,"train"
13943,"train"
13944,"train"
13945,"train"
13946,"validation"
13947,"validation"
13948,"validation"
13949,"train"
13950,"test"
13951,"train"
13952,"train"
13953,"test"
13954,"train"
13955,"validation"
13956,"train"
13957,"train"
13958,"train"
13959,"train"
13960,"train"
13961,"validation"
13962,"test"
13963,"train"
13964,"validation"
13965,"train"
13966,"train"
13967,"train"
13968,"train"
13969,"validation"
13970,"validation"
13971,"test"
13972,"train"
13973,"train"
13974,"train"
13975,"test"
13976,"train"
13977,"validation"
13978,"train"
13979,"train"
13980,"validation"
13981,"validation"
13982,"test"
13983,"train"
13984,"validation"
13985,"train"
13986,"train"
13987,"train"
13988,"train"
13989,"train"
13990,"train"
13991,"test"
13992,"train"
13993,"test"
13994,"test"
13995,"test"
13996,"train"
13997,"validation"
13998,"train"
13999,"train"
14000,"train"
14001,"train"
14002,"test"
14003,"test"
14004,"train"
14005,"train"
14006,"train"
14007,"train"
14008,"train"
14009,"train"
14010,"validation"
14011,"train"
14012,"validation"
14013,"validation"
14014,"test"
14015,"train"
14016,"test"
14017,"validation"
14018,"train"
14019,"train"
14020,"train"
14021,"test"
14022,"validation"
14023,"train"
14024,"train"
14025,"validation"
14026,"train"
14027,"train"
14028,"train"
14029,"test"
14030,"train"
14031,"test"
14032,"train"
14033,"train"
14034,"validation"
14035,"train"
14036,"validation"
14037,"test"
14038,"test"
14039,"validation"
14040,"train"
14041,"test"
14042,"train"
14043,"test"
14044,"train"
14045,"train"
14046,"validation"
14047,"validation"
14048,"test"
14049,"train"
14050,"train"
14051,"train"
14052,"test"
14053,"train"
14054,"train"
14055,"test"
14056,"test"
14057,"train"
14058,"train"
14059,"train"
14060,"train"
14061,"validation"
14062,"train"
14063,"train"
14064,"test"
14065,"validation"
14066,"test"
14067,"train"
14068,"train"
14069,"train"
14070,"test"
14071,"test"
14072,"validation"
14073,"train"
14074,"train"
14075,"train"
14076,"train"
14077,"train"
14078,"test"
14079,"validation"
14080,"validation"
14081,"test"
14082,"validation"
14083,"train"
14084,"train"
14085,"train"
14086,"test"
14087,"train"
14088,"test"
14089,"test"
14090,"validation"
14091,"train"
14092,"train"
14093,"train"
14094,"train"
14095,"validation"
14096,"validation"
14097,"train"
14098,"test"
14099,"train"
14100,"validation"
14101,"test"
14102,"test"
14103,"test"
14104,"train"
14105,"train"
14106,"validation"
14107,"train"
14108,"test"
14109,"test"
14110,"train"
14111,"validation"
14112,"test"
14113,"train"
14114,"train"
14115,"train"
14116,"train"
14117,"test"
14118,"validation"
14119,"test"
14120,"test"
14121,"validation"
14122,"train"
14123,"train"
14124,"train"
14125,"train"
14126,"test"
14127,"validation"
14128,"test"
14129,"train"
14130,"train"
14131,"test"
14132,"validation"
14133,"validation"
14134,"train"
14135,"train"
14136,"train"
14137,"train"
14138,"validation"
14139,"validation"
14140,"train"
14141,"train"
14142,"validation"
14143,"train"
14144,"train"
14145,"test"
14146,"train"
14147,"train"
14148,"train"
14149,"train"
14150,"train"
14151,"train"
14152,"validation"
14153,"train"
14154,"train"
14155,"test"
14156,"validation"
14157,"test"
14158,"test"
14159,"validation"
14160,"validation"
14161,"train"
14162,"train"
14163,"test"
14164,"train"
14165,"test"
14166,"validation"
14167,"train"
14168,"test"
14169,"test"
14170,"train"
14171,"train"
14172,"test"
14173,"test"
14174,"train"
14175,"train"
14176,"train"
14177,"train"
14178,"test"
14179,"validation"
14180,"test"
14181,"test"
14182,"train"
14183,"train"
14184,"train"
14185,"train"
14186,"train"
14187,"train"
14188,"train"
14189,"train"
14190,"train"
14191,"test"
14192,"train"
14193,"test"
14194,"validation"
14195,"test"
14196,"train"
14197,"validation"
14198,"train"
14199,"train"
14200,"train"
14201,"validation"
14202,"train"
14203,"train"
14204,"test"
14205,"validation"
14206,"train"
14207,"train"
14208,"test"
14209,"train"
14210,"test"
14211,"train"
14212,"train"
14213,"train"
14214,"validation"
14215,"test"
14216,"train"
14217,"train"
14218,"train"
14219,"train"
14220,"train"
14221,"train"
14222,"train"
14223,"train"
14224,"train"
14225,"validation"
14226,"train"
14227,"train"
14228,"train"
14229,"train"
14230,"train"
14231,"train"
14232,"train"
14233,"validation"
14234,"train"
14235,"train"
14236,"train"
14237,"validation"
14238,"train"
14239,"train"
14240,"train"
14241,"validation"
14242,"train"
14243,"train"
14244,"validation"
14245,"train"
14246,"train"
14247,"train"
14248,"train"
14249,"train"
14250,"validation"
14251,"test"
14252,"train"
14253,"test"
14254,"train"
14255,"train"
14256,"test"
14257,"validation"
14258,"train"
14259,"train"
14260,"test"
14261,"train"
14262,"train"
14263,"train"
14264,"test"
14265,"train"
14266,"train"
14267,"train"
14268,"train"
14269,"validation"
14270,"train"
14271,"train"
14272,"train"
14273,"validation"
14274,"train"
14275,"train"
14276,"test"
14277,"validation"
14278,"train"
14279,"train"
14280,"test"
14281,"test"
14282,"train"
14283,"train"
14284,"test"
14285,"test"
14286,"test"
14287,"test"
14288,"train"
14289,"train"
14290,"validation"
14291,"train"
14292,"train"
14293,"train"
14294,"train"
14295,"test"
14296,"train"
14297,"train"
14298,"train"
14299,"validation"
14300,"validation"
14301,"validation"
14302,"train"
14303,"test"
14304,"test"
14305,"validation"
14306,"test"
14307,"train"
14308,"train"
14309,"train"
14310,"train"
14311,"validation"
14312,"test"
14313,"train"
14314,"train"
14315,"train"
14316,"test"
14317,"train"
14318,"train"
14319,"train"
14320,"test"
14321,"validation"
14322,"train"
14323,"validation"
14324,"test"
14325,"train"
14326,"validation"
14327,"validation"
14328,"test"
14329,"validation"
14330,"train"
14331,"train"
14332,"test"
14333,"train"
14334,"test"
14335,"train"
14336,"train"
14337,"train"
14338,"train"
14339,"validation"
14340,"train"
14341,"train"
14342,"train"
14343,"test"
14344,"train"
14345,"test"
14346,"train"
14347,"test"
14348,"train"
14349,"train"
14350,"train"
14351,"test"
14352,"train"
14353,"train"
14354,"train"
14355,"train"
14356,"train"
14357,"test"
14358,"validation"
14359,"train"
14360,"train"
14361,"train"
14362,"validation"
14363,"train"
14364,"train"
14365,"train"
14366,"train"
14367,"train"
14368,"train"
14369,"validation"
14370,"validation"
14371,"validation"
14372,"validation"
14373,"train"
14374,"validation"
14375,"train"
14376,"validation"
14377,"train"
14378,"train"
14379,"train"
14380,"train"
14381,"train"
14382,"train"
14383,"train"
14384,"train"
14385,"train"
14386,"test"
14387,"validation"
14388,"train"
14389,"test"
14390,"train"
14391,"test"
14392,"train"
14393,"test"
14394,"test"
14395,"train"
14396,"test"
14397,"test"
14398,"validation"
14399,"train"
14400,"test"
14401,"test"
14402,"train"
14403,"train"
14404,"train"
14405,"train"
14406,"train"
14407,"train"
14408,"validation"
14409,"test"
14410,"train"
14411,"test"
14412,"train"
14413,"train"
14414,"train"
14415,"test"
14416,"train"
14417,"train"
14418,"validation"
14419,"train"
14420,"validation"
14421,"validation"
14422,"validation"
14423,"train"
14424,"train"
14425,"test"
14426,"train"
14427,"train"
14428,"train"
14429,"train"
14430,"train"
14431,"validation"
14432,"train"
14433,"train"
14434,"test"
14435,"validation"
14436,"train"
14437,"test"
14438,"validation"
14439,"train"
14440,"test"
14441,"validation"
14442,"train"
14443,"train"
14444,"test"
14445,"train"
14446,"train"
14447,"train"
14448,"train"
14449,"train"
14450,"test"
14451,"test"
14452,"train"
14453,"train"
14454,"train"
14455,"validation"
14456,"train"
14457,"test"
14458,"train"
14459,"train"
14460,"validation"
14461,"validation"
14462,"train"
14463,"validation"
14464,"train"
14465,"train"
14466,"test"
14467,"train"
14468,"train"
14469,"test"
14470,"test"
14471,"train"
14472,"train"
14473,"train"
14474,"train"
14475,"test"
14476,"validation"
14477,"train"
14478,"test"
14479,"train"
14480,"train"
14481,"train"
14482,"train"
14483,"train"
14484,"validation"
14485,"train"
14486,"train"
14487,"train"
14488,"train"
14489,"train"
14490,"train"
14491,"train"
14492,"train"
14493,"train"
14494,"train"
14495,"validation"
14496,"test"
14497,"train"
14498,"validation"
14499,"train"
14500,"train"
14501,"test"
14502,"validation"
14503,"train"
14504,"train"
14505,"train"
14506,"test"
14507,"validation"
14508,"test"
14509,"train"
14510,"test"
14511,"test"
14512,"train"
14513,"validation"
14514,"validation"
14515,"test"
14516,"train"
14517,"train"
14518,"train"
14519,"train"
14520,"train"
14521,"train"
14522,"test"
14523,"train"
14524,"train"
14525,"train"
14526,"train"
14527,"train"
14528,"train"
14529,"test"
14530,"train"
14531,"train"
14532,"train"
14533,"train"
14534,"train"
14535,"train"
14536,"train"
14537,"train"
14538,"train"
14539,"validation"
14540,"train"
14541,"train"
14542,"train"
14543,"validation"
14544,"train"
14545,"validation"
14546,"train"
14547,"train"
14548,"test"
14549,"train"
14550,"test"
14551,"train"
14552,"train"
14553,"test"
14554,"train"
14555,"train"
14556,"validation"
14557,"train"
14558,"train"
14559,"validation"
14560,"train"
14561,"train"
14562,"train"
14563,"train"
14564,"validation"
14565,"train"
14566,"train"
14567,"train"
14568,"validation"
14569,"validation"
14570,"train"
14571,"train"
14572,"test"
14573,"train"
14574,"validation"
14575,"validation"
14576,"train"
14577,"train"
14578,"validation"
14579,"train"
14580,"train"
14581,"train"
14582,"test"
14583,"validation"
14584,"train"
14585,"train"
14586,"test"
14587,"train"
14588,"train"
14589,"train"
14590,"train"
14591,"train"
14592,"train"
14593,"train"
14594,"validation"
14595,"train"
14596,"train"
14597,"validation"
14598,"train"
14599,"validation"
14600,"train"
14601,"train"
14602,"test"
14603,"train"
14604,"train"
14605,"test"
14606,"test"
14607,"validation"
14608,"train"
14609,"train"
14610,"train"
14611,"train"
14612,"test"
14613,"validation"
14614,"validation"
14615,"train"
14616,"validation"
14617,"train"
14618,"train"
14619,"validation"
14620,"test"
14621,"test"
14622,"train"
14623,"validation"
14624,"test"
14625,"validation"
14626,"test"
14627,"validation"
14628,"train"
14629,"train"
14630,"train"
14631,"validation"
14632,"validation"
14633,"train"
14634,"validation"
14635,"validation"
14636,"test"
14637,"train"
14638,"validation"
14639,"validation"
14640,"validation"
14641,"train"
14642,"train"
14643,"train"
14644,"train"
14645,"validation"
14646,"train"
14647,"train"
14648,"test"
14649,"test"
14650,"test"
14651,"train"
14652,"train"
14653,"train"
14654,"train"
14655,"test"
14656,"train"
14657,"test"
14658,"train"
14659,"train"
14660,"train"
14661,"train"
14662,"test"
14663,"validation"
14664,"train"
14665,"test"
14666,"train"
14667,"validation"
14668,"train"
14669,"train"
14670,"test"
14671,"test"
14672,"validation"
14673,"validation"
14674,"validation"
14675,"train"
14676,"train"
14677,"train"
14678,"train"
14679,"test"
14680,"train"
14681,"train"
14682,"validation"
14683,"train"
14684,"train"
14685,"validation"
14686,"train"
14687,"test"
14688,"train"
14689,"train"
14690,"train"
14691,"validation"
14692,"validation"
14693,"train"
14694,"train"
14695,"train"
14696,"test"
14697,"train"
14698,"train"
14699,"validation"
14700,"train"
14701,"validation"
14702,"train"
14703,"train"
14704,"validation"
14705,"train"
14706,"train"
14707,"train"
14708,"train"
14709,"validation"
14710,"train"
14711,"validation"
14712,"train"
14713,"test"
14714,"train"
14715,"train"
14716,"train"
14717,"test"
14718,"train"
14719,"train"
14720,"validation"
14721,"validation"
14722,"train"
14723,"validation"
14724,"train"
14725,"test"
14726,"train"
14727,"test"
14728,"validation"
14729,"test"
14730,"test"
14731,"validation"
14732,"train"
14733,"train"
14734,"train"
14735,"train"
14736,"train"
14737,"train"
14738,"train"
14739,"validation"
14740,"validation"
14741,"test"
14742,"test"
14743,"train"
14744,"train"
14745,"train"
14746,"validation"
14747,"validation"
14748,"validation"
14749,"train"
14750,"train"
14751,"train"
14752,"test"
14753,"train"
14754,"train"
14755,"validation"
14756,"train"
14757,"validation"
14758,"train"
14759,"validation"
14760,"train"
14761,"test"
14762,"train"
14763,"train"
14764,"validation"
14765,"train"
14766,"test"
14767,"test"
14768,"test"
14769,"train"
14770,"train"
14771,"train"
14772,"train"
14773,"test"
14774,"train"
14775,"train"
14776,"train"
14777,"train"
14778,"test"
14779,"test"
14780,"train"
14781,"train"
14782,"test"
14783,"train"
14784,"train"
14785,"train"
14786,"test"
14787,"train"
14788,"test"
14789,"validation"
14790,"validation"
14791,"train"
14792,"train"
14793,"train"
14794,"validation"
14795,"validation"
14796,"train"
14797,"train"
14798,"validation"
14799,"validation"
14800,"validation"
14801,"train"
14802,"train"
14803,"test"
14804,"train"
14805,"validation"
14806,"test"
14807,"validation"
14808,"test"
14809,"test"
14810,"train"
14811,"validation"
14812,"train"
14813,"train"
14814,"train"
14815,"train"
14816,"train"
14817,"train"
14818,"test"
14819,"train"
14820,"test"
14821,"validation"
14822,"test"
14823,"train"
14824,"validation"
14825,"validation"
14826,"test"
14827,"train"
14828,"train"
14829,"train"
14830,"train"
14831,"validation"
14832,"train"
14833,"validation"
14834,"train"
14835,"train"
14836,"train"
14837,"train"
14838,"train"
14839,"test"
14840,"train"
14841,"train"
14842,"train"
14843,"validation"
14844,"validation"
14845,"train"
14846,"train"
14847,"test"
14848,"validation"
14849,"train"
14850,"train"
14851,"validation"
14852,"validation"
14853,"test"
14854,"train"
14855,"train"
14856,"train"
14857,"test"
14858,"train"
14859,"validation"
14860,"test"
14861,"train"
14862,"test"
14863,"train"
14864,"train"
14865,"train"
14866,"train"
14867,"train"
14868,"validation"
14869,"train"
14870,"train"
14871,"train"
14872,"train"
14873,"validation"
14874,"train"
14875,"train"
14876,"train"
14877,"test"
14878,"test"
14879,"validation"
14880,"train"
14881,"validation"
14882,"validation"
14883,"validation"
14884,"test"
14885,"train"
14886,"train"
14887,"train"
14888,"test"
14889,"train"
14890,"train"
14891,"train"
14892,"validation"
14893,"test"
14894,"train"
14895,"validation"
14896,"train"
14897,"test"
14898,"test"
14899,"test"
14900,"train"
14901,"validation"
14902,"train"
14903,"train"
14904,"train"
14905,"train"
14906,"train"
14907,"validation"
14908,"train"
14909,"test"
14910,"validation"
14911,"test"
14912,"test"
14913,"validation"
14914,"train"
14915,"train"
14916,"validation"
14917,"test"
14918,"train"
14919,"train"
14920,"train"
14921,"validation"
14922,"validation"
14923,"train"
14924,"train"
14925,"validation"
14926,"test"
14927,"train"
14928,"train"
14929,"train"
14930,"validation"
14931,"train"
14932,"train"
14933,"train"
14934,"train"
14935,"test"
14936,"train"
14937,"test"
14938,"validation"
14939,"train"
14940,"train"
14941,"validation"
14942,"train"
14943,"train"
14944,"test"
14945,"validation"
14946,"train"
14947,"validation"
14948,"test"
14949,"train"
14950,"validation"
14951,"train"
14952,"train"
14953,"validation"
14954,"validation"
14955,"validation"
14956,"train"
14957,"validation"
14958,"train"
14959,"train"
14960,"train"
14961,"train"
14962,"train"
14963,"test"
14964,"train"
14965,"train"
14966,"test"
14967,"train"
14968,"train"
14969,"train"
14970,"train"
14971,"train"
14972,"validation"
14973,"validation"
14974,"train"
14975,"train"
14976,"train"
14977,"test"
14978,"test"
14979,"train"
14980,"train"
14981,"train"
14982,"train"
14983,"train"
14984,"train"
14985,"train"
14986,"validation"
14987,"train"
14988,"validation"
14989,"train"
14990,"train"
14991,"train"
14992,"validation"
14993,"test"
14994,"train"
14995,"train"
14996,"validation"
14997,"validation"
14998,"validation"
14999,"train"
15000,"validation"
15001,"train"
15002,"test"
15003,"train"
15004,"train"
15005,"train"
15006,"test"
15007,"test"
15008,"train"
15009,"validation"
15010,"test"
15011,"train"
15012,"train"
15013,"validation"
15014,"validation"
15015,"validation"
15016,"test"
15017,"validation"
15018,"train"
15019,"test"
15020,"train"
15021,"test"
15022,"train"
15023,"train"
15024,"train"
15025,"validation"
15026,"train"
15027,"train"
15028,"train"
15029,"validation"
15030,"validation"
15031,"train"
15032,"train"
15033,"train"
15034,"train"
15035,"train"
15036,"train"
15037,"test"
15038,"validation"
15039,"train"
15040,"train"
15041,"validation"
15042,"train"
15043,"test"
15044,"validation"
15045,"train"
15046,"train"
15047,"train"
15048,"train"
15049,"train"
15050,"train"
15051,"train"
15052,"train"
15053,"train"
15054,"train"
15055,"test"
15056,"train"
15057,"train"
15058,"test"
15059,"train"
15060,"train"
15061,"train"
15062,"validation"
15063,"train"
15064,"test"
15065,"train"
15066,"validation"
15067,"test"
15068,"train"
15069,"train"
15070,"validation"
15071,"train"
15072,"train"
15073,"test"
15074,"validation"
15075,"train"
15076,"validation"
15077,"train"
15078,"train"
15079,"test"
15080,"train"
15081,"train"
15082,"train"
15083,"train"
15084,"test"
15085,"test"
15086,"train"
15087,"train"
15088,"train"
15089,"validation"
15090,"validation"
15091,"test"
15092,"test"
15093,"train"
15094,"test"
15095,"test"
15096,"train"
15097,"train"
15098,"validation"
15099,"train"
15100,"train"
15101,"train"
15102,"train"
15103,"train"
15104,"train"
15105,"train"
15106,"test"
15107,"train"
15108,"test"
15109,"train"
15110,"train"
15111,"test"
15112,"train"
15113,"train"
15114,"validation"
15115,"train"
15116,"validation"
15117,"train"
15118,"train"
15119,"test"
15120,"train"
15121,"validation"
15122,"validation"
15123,"train"
15124,"train"
15125,"train"
15126,"train"
15127,"train"
15128,"train"
15129,"validation"
15130,"validation"
15131,"test"
15132,"train"
15133,"train"
15134,"test"
15135,"train"
15136,"train"
15137,"train"
15138,"test"
15139,"train"
15140,"train"
15141,"train"
15142,"validation"
15143,"train"
15144,"train"
15145,"test"
15146,"train"
15147,"test"
15148,"test"
15149,"train"
15150,"train"
15151,"train"
15152,"train"
15153,"train"
15154,"validation"
15155,"train"
15156,"train"
15157,"train"
15158,"train"
15159,"train"
15160,"train"
15161,"train"
15162,"train"
15163,"test"
15164,"train"
15165,"train"
15166,"train"
15167,"validation"
15168,"train"
15169,"test"
15170,"train"
15171,"train"
15172,"validation"
15173,"train"
15174,"train"
15175,"test"
15176,"train"
15177,"train"
15178,"validation"
15179,"test"
15180,"train"
15181,"test"
15182,"train"
15183,"validation"
15184,"train"
15185,"test"
15186,"test"
15187,"train"
15188,"validation"
15189,"train"
15190,"train"
15191,"train"
15192,"train"
15193,"validation"
15194,"validation"
15195,"validation"
15196,"validation"
15197,"train"
15198,"test"
15199,"validation"
15200,"train"
15201,"test"
15202,"train"
15203,"train"
15204,"train"
15205,"train"
15206,"train"
15207,"test"
15208,"test"
15209,"train"
15210,"train"
15211,"train"
15212,"validation"
15213,"validation"
15214,"validation"
15215,"validation"
15216,"train"
15217,"train"
15218,"train"
15219,"train"
15220,"train"
15221,"train"
15222,"validation"
15223,"test"
15224,"train"
15225,"test"
15226,"validation"
15227,"test"
15228,"train"
15229,"test"
15230,"test"
15231,"train"
15232,"train"
15233,"train"
15234,"train"
15235,"validation"
15236,"train"
15237,"train"
15238,"train"
15239,"train"
15240,"validation"
15241,"train"
15242,"train"
15243,"test"
15244,"validation"
15245,"test"
15246,"train"
15247,"test"
15248,"train"
15249,"validation"
15250,"test"
15251,"test"
15252,"train"
15253,"train"
15254,"validation"
15255,"train"
15256,"train"
15257,"validation"
15258,"train"
15259,"train"
15260,"train"
15261,"train"
15262,"train"
15263,"train"
15264,"train"
15265,"train"
15266,"train"
15267,"train"
15268,"train"
15269,"train"
15270,"train"
15271,"validation"
15272,"train"
15273,"train"
15274,"train"
15275,"validation"
15276,"train"
15277,"train"
15278,"validation"
15279,"train"
15280,"train"
15281,"train"
15282,"train"
15283,"test"
15284,"validation"
15285,"validation"
15286,"train"
15287,"validation"
15288,"test"
15289,"train"
15290,"test"
15291,"train"
15292,"test"
15293,"train"
15294,"validation"
15295,"train"
15296,"train"
15297,"test"
15298,"test"
15299,"train"
15300,"train"
15301,"test"
15302,"train"
15303,"train"
15304,"train"
15305,"train"
15306,"train"
15307,"test"
15308,"train"
15309,"train"
15310,"test"
15311,"test"
15312,"train"
15313,"train"
15314,"validation"
15315,"train"
15316,"validation"
15317,"validation"
15318,"train"
15319,"validation"
15320,"validation"
15321,"train"
15322,"validation"
15323,"test"
15324,"train"
15325,"test"
15326,"train"
15327,"train"
15328,"train"
15329,"train"
15330,"train"
15331,"train"
15332,"test"
15333,"validation"
15334,"test"
15335,"train"
15336,"validation"
15337,"train"
15338,"train"
15339,"train"
15340,"test"
15341,"validation"
15342,"train"
15343,"train"
15344,"validation"
15345,"train"
15346,"train"
15347,"train"
15348,"test"
15349,"validation"
15350,"test"
15351,"test"
15352,"train"
15353,"train"
15354,"train"
15355,"train"
15356,"validation"
15357,"train"
15358,"train"
15359,"train"
15360,"train"
15361,"test"
15362,"validation"
15363,"train"
15364,"train"
15365,"train"
15366,"test"
15367,"train"
15368,"validation"
15369,"train"
15370,"train"
15371,"test"
15372,"train"
15373,"train"
15374,"test"
15375,"test"
15376,"validation"
15377,"train"
15378,"train"
15379,"train"
15380,"train"
15381,"train"
15382,"train"
15383,"train"
15384,"validation"
15385,"train"
15386,"test"
15387,"test"
15388,"validation"
15389,"train"
15390,"test"
15391,"train"
15392,"validation"
15393,"train"
15394,"validation"
15395,"train"
15396,"validation"
15397,"train"
15398,"validation"
15399,"train"
15400,"test"
15401,"train"
15402,"test"
15403,"train"
15404,"train"
15405,"test"
15406,"validation"
15407,"test"
15408,"test"
15409,"validation"
15410,"train"
15411,"validation"
15412,"test"
15413,"train"
15414,"train"
15415,"test"
15416,"train"
15417,"train"
15418,"train"
15419,"train"
15420,"train"
15421,"train"
15422,"test"
15423,"test"
15424,"train"
15425,"validation"
15426,"train"
15427,"train"
15428,"train"
15429,"train"
15430,"train"
15431,"train"
15432,"train"
15433,"train"
15434,"validation"
15435,"validation"
15436,"train"
15437,"train"
15438,"validation"
15439,"train"
15440,"train"
15441,"train"
15442,"test"
15443,"validation"
15444,"validation"
15445,"test"
15446,"train"
15447,"train"
15448,"train"
15449,"validation"
15450,"train"
15451,"validation"
15452,"train"
15453,"train"
15454,"train"
15455,"train"
15456,"train"
15457,"train"
15458,"train"
15459,"validation"
15460,"validation"
15461,"validation"
15462,"train"
15463,"test"
15464,"train"
15465,"train"
15466,"test"
15467,"validation"
15468,"test"
15469,"validation"
15470,"train"
15471,"train"
15472,"validation"
15473,"train"
15474,"validation"
15475,"train"
15476,"test"
15477,"test"
15478,"train"
15479,"test"
15480,"test"
15481,"train"
15482,"test"
15483,"test"
15484,"train"
15485,"train"
15486,"train"
15487,"test"
15488,"train"
15489,"train"
15490,"validation"
15491,"train"
15492,"train"
15493,"test"
15494,"validation"
15495,"train"
15496,"train"
15497,"train"
15498,"train"
15499,"train"
15500,"validation"
15501,"train"
15502,"train"
15503,"validation"
15504,"train"
15505,"validation"
15506,"train"
15507,"validation"
15508,"train"
15509,"train"
15510,"test"
15511,"validation"
15512,"test"
15513,"train"
15514,"train"
15515,"train"
15516,"train"
15517,"train"
15518,"train"
15519,"train"
15520,"train"
15521,"validation"
15522,"test"
15523,"validation"
15524,"train"
15525,"validation"
15526,"train"
15527,"validation"
15528,"train"
15529,"train"
15530,"validation"
15531,"train"
15532,"validation"
15533,"train"
15534,"train"
15535,"validation"
15536,"train"
15537,"train"
15538,"validation"
15539,"train"
15540,"validation"
15541,"test"
15542,"test"
15543,"train"
15544,"validation"
15545,"test"
15546,"test"
15547,"train"
15548,"train"
15549,"train"
15550,"test"
15551,"train"
15552,"validation"
15553,"test"
15554,"validation"
15555,"train"
15556,"train"
15557,"train"
15558,"train"
15559,"train"
15560,"train"
15561,"test"
15562,"train"
15563,"test"
15564,"test"
15565,"validation"
15566,"train"
15567,"test"
15568,"test"
15569,"train"
15570,"train"
15571,"train"
15572,"train"
15573,"train"
15574,"train"
15575,"validation"
15576,"train"
15577,"train"
15578,"train"
15579,"train"
15580,"test"
15581,"test"
15582,"train"
15583,"train"
15584,"test"
15585,"test"
15586,"test"
15587,"train"
15588,"test"
15589,"train"
15590,"train"
15591,"train"
15592,"train"
15593,"test"
15594,"validation"
15595,"train"
15596,"test"
15597,"train"
15598,"train"
15599,"test"
15600,"train"
15601,"test"
15602,"test"
15603,"validation"
15604,"validation"
15605,"train"
15606,"train"
15607,"train"
15608,"train"
15609,"train"
15610,"train"
15611,"test"
15612,"test"
15613,"test"
15614,"train"
15615,"test"
15616,"train"
15617,"validation"
15618,"validation"
15619,"test"
15620,"test"
15621,"test"
15622,"train"
15623,"train"
15624,"test"
15625,"validation"
15626,"test"
15627,"train"
15628,"train"
15629,"train"
15630,"train"
15631,"train"
15632,"train"
15633,"test"
15634,"validation"
15635,"train"
15636,"train"
15637,"train"
15638,"test"
15639,"train"
15640,"train"
15641,"train"
15642,"train"
15643,"train"
15644,"train"
15645,"train"
15646,"test"
15647,"validation"
15648,"train"
15649,"test"
15650,"train"
15651,"train"
15652,"train"
15653,"test"
15654,"train"
15655,"train"
15656,"train"
15657,"validation"
15658,"validation"
15659,"test"
15660,"test"
15661,"validation"
15662,"validation"
15663,"train"
15664,"train"
15665,"test"
15666,"train"
15667,"validation"
15668,"validation"
15669,"train"
15670,"test"
15671,"train"
15672,"train"
15673,"test"
15674,"validation"
15675,"train"
15676,"test"
15677,"train"
15678,"test"
15679,"train"
15680,"train"
15681,"train"
15682,"test"
15683,"test"
15684,"test"
15685,"train"
15686,"test"
15687,"validation"
15688,"test"
15689,"test"
15690,"train"
15691,"validation"
15692,"train"
15693,"train"
15694,"train"
15695,"validation"
15696,"test"
15697,"test"
15698,"validation"
15699,"train"
15700,"validation"
15701,"train"
15702,"train"
15703,"train"
15704,"train"
15705,"train"
15706,"test"
15707,"validation"
15708,"train"
15709,"train"
15710,"validation"
15711,"train"
15712,"train"
15713,"test"
15714,"train"
15715,"train"
15716,"train"
15717,"validation"
15718,"validation"
15719,"train"
15720,"validation"
15721,"test"
15722,"train"
15723,"train"
15724,"train"
15725,"train"
15726,"train"
15727,"test"
15728,"test"
15729,"train"
15730,"train"
15731,"validation"
15732,"train"
15733,"train"
15734,"validation"
15735,"train"
15736,"train"
15737,"train"
15738,"train"
15739,"train"
15740,"train"
15741,"train"
15742,"train"
15743,"validation"
15744,"test"
15745,"train"
15746,"train"
15747,"train"
15748,"test"
15749,"validation"
15750,"train"
15751,"validation"
15752,"test"
15753,"validation"
15754,"train"
15755,"validation"
15756,"train"
15757,"train"
15758,"test"
15759,"test"
15760,"test"
15761,"train"
15762,"train"
15763,"train"
15764,"test"
15765,"train"
15766,"train"
15767,"train"
15768,"train"
15769,"validation"
15770,"train"
15771,"train"
15772,"train"
15773,"train"
15774,"train"
15775,"validation"
15776,"train"
15777,"test"
15778,"validation"
15779,"train"
15780,"train"
15781,"train"
15782,"train"
15783,"validation"
15784,"test"
15785,"test"
15786,"train"
15787,"test"
15788,"train"
15789,"train"
15790,"train"
15791,"train"
15792,"train"
15793,"test"
15794,"train"
15795,"train"
15796,"train"
15797,"train"
15798,"train"
15799,"test"
15800,"train"
15801,"test"
15802,"train"
15803,"validation"
15804,"train"
15805,"validation"
15806,"train"
15807,"train"
15808,"validation"
15809,"test"
15810,"train"
15811,"test"
15812,"test"
15813,"train"
15814,"train"
15815,"test"
15816,"train"
15817,"validation"
15818,"validation"
15819,"test"
15820,"test"
15821,"validation"
15822,"test"
15823,"validation"
15824,"train"
15825,"test"
15826,"train"
15827,"train"
15828,"train"
15829,"train"
15830,"train"
15831,"test"
15832,"train"
15833,"train"
15834,"validation"
15835,"train"
15836,"train"
15837,"train"
15838,"test"
15839,"test"
15840,"train"
15841,"train"
15842,"train"
15843,"validation"
15844,"test"
15845,"train"
15846,"test"
15847,"train"
15848,"train"
15849,"train"
15850,"train"
15851,"train"
15852,"validation"
15853,"train"
15854,"validation"
15855,"validation"
15856,"train"
15857,"validation"
15858,"train"
15859,"validation"
15860,"train"
15861,"test"
15862,"train"
15863,"validation"
15864,"validation"
15865,"train"
15866,"validation"
15867,"train"
15868,"train"
15869,"train"
15870,"train"
15871,"validation"
15872,"train"
15873,"train"
15874,"train"
15875,"train"
15876,"train"
15877,"train"
15878,"train"
15879,"test"
15880,"test"
15881,"test"
15882,"test"
15883,"train"
15884,"train"
15885,"train"
15886,"validation"
15887,"train"
15888,"train"
15889,"train"
15890,"test"
15891,"train"
15892,"validation"
15893,"train"
15894,"test"
15895,"train"
15896,"train"
15897,"train"
15898,"test"
15899,"train"
15900,"validation"
15901,"train"
15902,"train"
15903,"test"
15904,"validation"
15905,"validation"
15906,"train"
15907,"validation"
15908,"train"
15909,"train"
15910,"train"
15911,"train"
15912,"validation"
15913,"validation"
15914,"validation"
15915,"train"
15916,"test"
15917,"train"
15918,"train"
15919,"train"
15920,"train"
15921,"train"
15922,"train"
15923,"test"
15924,"train"
15925,"validation"
15926,"train"
15927,"validation"
15928,"train"
15929,"train"
15930,"train"
15931,"validation"
15932,"train"
15933,"validation"
15934,"train"
15935,"train"
15936,"test"
15937,"train"
15938,"train"
15939,"test"
15940,"validation"
15941,"train"
15942,"test"
15943,"test"
15944,"validation"
15945,"train"
15946,"train"
15947,"train"
15948,"train"
15949,"test"
15950,"train"
15951,"train"
15952,"train"
15953,"train"
15954,"test"
15955,"train"
15956,"validation"
15957,"train"
15958,"train"
15959,"train"
15960,"test"
15961,"train"
15962,"train"
15963,"train"
15964,"train"
15965,"validation"
15966,"test"
15967,"validation"
15968,"train"
15969,"test"
15970,"train"
15971,"validation"
15972,"train"
15973,"train"
15974,"train"
15975,"train"
15976,"train"
15977,"validation"
15978,"train"
15979,"test"
15980,"train"
15981,"test"
15982,"validation"
15983,"train"
15984,"train"
15985,"train"
15986,"train"
15987,"train"
15988,"train"
15989,"train"
15990,"train"
15991,"validation"
15992,"test"
15993,"train"
15994,"validation"
15995,"test"
15996,"test"
15997,"train"
15998,"train"
15999,"train"
16000,"train"
16001,"validation"
16002,"validation"
16003,"train"
16004,"train"
16005,"validation"
16006,"train"
16007,"train"
16008,"train"
16009,"test"
16010,"train"
16011,"train"
16012,"train"
16013,"train"
16014,"train"
16015,"test"
16016,"test"
16017,"validation"
16018,"validation"
16019,"train"
16020,"validation"
16021,"train"
16022,"test"
16023,"test"
16024,"test"
16025,"train"
16026,"train"
16027,"validation"
16028,"train"
16029,"train"
16030,"validation"
16031,"test"
16032,"train"
16033,"train"
16034,"train"
16035,"train"
16036,"train"
16037,"validation"
16038,"train"
16039,"train"
16040,"test"
16041,"train"
16042,"train"
16043,"train"
16044,"train"
16045,"test"
16046,"train"
16047,"train"
16048,"validation"
16049,"validation"
16050,"test"
16051,"validation"
16052,"train"
16053,"train"
16054,"test"
16055,"train"
16056,"train"
16057,"train"
16058,"train"
16059,"train"
16060,"train"
16061,"train"
16062,"train"
16063,"train"
16064,"train"
16065,"train"
16066,"train"
16067,"train"
16068,"test"
16069,"test"
16070,"validation"
16071,"train"
16072,"train"
16073,"train"
16074,"test"
16075,"validation"
16076,"validation"
16077,"train"
16078,"train"
16079,"train"
16080,"validation"
16081,"train"
16082,"train"
16083,"train"
16084,"train"
16085,"test"
16086,"train"
16087,"train"
16088,"train"
16089,"train"
16090,"train"
16091,"train"
16092,"train"
16093,"train"
16094,"validation"
16095,"train"
16096,"train"
16097,"test"
16098,"train"
16099,"test"
16100,"train"
16101,"train"
16102,"validation"
16103,"train"
16104,"train"
16105,"train"
16106,"train"
16107,"validation"
16108,"validation"
16109,"train"
16110,"train"
16111,"test"
16112,"test"
16113,"validation"
16114,"train"
16115,"test"
16116,"train"
16117,"train"
16118,"validation"
16119,"validation"
16120,"test"
16121,"validation"
16122,"train"
16123,"train"
16124,"validation"
16125,"train"
16126,"test"
16127,"train"
16128,"train"
16129,"validation"
16130,"test"
16131,"validation"
16132,"validation"
16133,"train"
16134,"train"
16135,"validation"
16136,"train"
16137,"train"
16138,"validation"
16139,"validation"
16140,"validation"
16141,"test"
16142,"train"
16143,"train"
16144,"train"
16145,"test"
16146,"train"
16147,"validation"
16148,"train"
16149,"train"
16150,"validation"
16151,"validation"
16152,"validation"
16153,"validation"
16154,"test"
16155,"train"
16156,"train"
16157,"train"
16158,"train"
16159,"test"
16160,"validation"
16161,"train"
16162,"train"
16163,"test"
16164,"validation"
16165,"train"
16166,"train"
16167,"train"
16168,"train"
16169,"test"
16170,"train"
16171,"train"
16172,"train"
16173,"train"
16174,"train"
16175,"validation"
16176,"train"
16177,"test"
16178,"test"
16179,"train"
16180,"train"
16181,"train"
16182,"test"
16183,"train"
16184,"test"
16185,"train"
16186,"train"
16187,"train"
16188,"test"
16189,"train"
16190,"validation"
16191,"train"
16192,"train"
16193,"test"
16194,"train"
16195,"train"
16196,"train"
16197,"train"
16198,"train"
16199,"train"
16200,"train"
16201,"validation"
16202,"validation"
16203,"validation"
16204,"test"
16205,"train"
16206,"test"
16207,"train"
16208,"test"
16209,"test"
16210,"test"
16211,"train"
16212,"validation"
16213,"train"
16214,"validation"
16215,"test"
16216,"train"
16217,"train"
16218,"train"
16219,"test"
16220,"train"
16221,"validation"
16222,"train"
16223,"train"
16224,"train"
16225,"train"
16226,"validation"
16227,"validation"
16228,"train"
16229,"train"
16230,"train"
16231,"test"
16232,"train"
16233,"train"
16234,"test"
16235,"train"
16236,"train"
16237,"validation"
16238,"train"
16239,"validation"
16240,"validation"
16241,"validation"
16242,"train"
16243,"train"
16244,"validation"
16245,"test"
16246,"test"
16247,"test"
16248,"train"
16249,"train"
16250,"train"
16251,"validation"
16252,"validation"
16253,"train"
16254,"train"
16255,"train"
16256,"train"
16257,"train"
16258,"train"
16259,"validation"
16260,"validation"
16261,"train"
16262,"test"
16263,"train"
16264,"train"
16265,"train"
16266,"validation"
16267,"train"
16268,"validation"
16269,"train"
16270,"train"
16271,"train"
16272,"train"
16273,"train"
16274,"validation"
16275,"validation"
16276,"train"
16277,"train"
16278,"test"
16279,"train"
16280,"train"
16281,"train"
16282,"test"
16283,"train"
16284,"test"
16285,"train"
16286,"train"
16287,"validation"
16288,"train"
16289,"train"
16290,"train"
16291,"train"
16292,"test"
16293,"train"
16294,"test"
16295,"train"
16296,"train"
16297,"train"
16298,"validation"
16299,"train"
16300,"train"
16301,"train"
16302,"validation"
16303,"train"
16304,"validation"
16305,"train"
16306,"train"
16307,"test"
16308,"test"
16309,"test"
16310,"validation"
16311,"train"
16312,"train"
16313,"train"
16314,"train"
16315,"train"
16316,"test"
16317,"train"
16318,"train"
16319,"validation"
16320,"train"
16321,"train"
16322,"train"
16323,"test"
16324,"validation"
16325,"train"
16326,"train"
16327,"train"
16328,"validation"
16329,"train"
16330,"train"
16331,"test"
16332,"train"
16333,"train"
16334,"train"
16335,"train"
16336,"train"
16337,"test"
16338,"train"
16339,"validation"
16340,"train"
16341,"validation"
16342,"test"
16343,"validation"
16344,"train"
16345,"train"
16346,"train"
16347,"train"
16348,"train"
16349,"train"
16350,"train"
16351,"validation"
16352,"test"
16353,"train"
16354,"validation"
16355,"test"
16356,"train"
16357,"train"
16358,"train"
16359,"train"
16360,"train"
16361,"train"
16362,"test"
16363,"train"
16364,"train"
16365,"train"
16366,"train"
16367,"train"
16368,"test"
16369,"train"
16370,"train"
16371,"train"
16372,"validation"
16373,"train"
16374,"train"
16375,"train"
16376,"validation"
16377,"test"
16378,"test"
16379,"train"
16380,"validation"
16381,"train"
16382,"test"
16383,"train"
16384,"validation"
16385,"test"
16386,"test"
16387,"train"
16388,"train"
16389,"train"
16390,"train"
16391,"validation"
16392,"test"
16393,"test"
16394,"train"
16395,"train"
16396,"validation"
16397,"train"
16398,"validation"
16399,"train"
16400,"validation"
16401,"test"
16402,"validation"
16403,"train"
16404,"validation"
16405,"train"
16406,"validation"
16407,"validation"
16408,"validation"
16409,"test"
16410,"train"
16411,"train"
16412,"train"
16413,"train"
16414,"test"
16415,"train"
16416,"test"
16417,"validation"
16418,"train"
16419,"test"
16420,"train"
16421,"test"
16422,"train"
16423,"validation"
16424,"train"
16425,"train"
16426,"test"
16427,"validation"
16428,"train"
16429,"train"
16430,"train"
16431,"train"
16432,"test"
16433,"train"
16434,"test"
16435,"train"
16436,"train"
16437,"validation"
16438,"train"
16439,"test"
16440,"validation"
16441,"train"
16442,"train"
16443,"validation"
16444,"train"
16445,"train"
16446,"validation"
16447,"train"
16448,"train"
16449,"train"
16450,"train"
16451,"train"
16452,"train"
16453,"test"
16454,"train"
16455,"test"
16456,"train"
16457,"train"
16458,"train"
16459,"train"
16460,"train"
16461,"train"
16462,"test"
16463,"test"
16464,"train"
16465,"validation"
16466,"train"
16467,"train"
16468,"test"
16469,"train"
16470,"train"
16471,"validation"
16472,"train"
16473,"train"
16474,"validation"
16475,"train"
16476,"train"
16477,"test"
16478,"validation"
16479,"train"
16480,"test"
16481,"test"
16482,"train"
16483,"train"
16484,"validation"
16485,"validation"
16486,"test"
16487,"train"
16488,"train"
16489,"train"
16490,"validation"
16491,"train"
16492,"train"
16493,"train"
16494,"train"
16495,"test"
16496,"train"
16497,"validation"
16498,"train"
16499,"test"
16500,"test"
16501,"train"
16502,"validation"
16503,"train"
16504,"test"
16505,"train"
16506,"validation"
16507,"train"
16508,"train"
16509,"train"
16510,"validation"
16511,"test"
16512,"train"
16513,"train"
16514,"test"
16515,"train"
16516,"train"
16517,"test"
16518,"validation"
16519,"train"
16520,"train"
16521,"train"
16522,"train"
16523,"test"
16524,"test"
16525,"train"
16526,"train"
16527,"train"
16528,"train"
16529,"train"
16530,"train"
16531,"validation"
16532,"validation"
16533,"validation"
16534,"train"
16535,"validation"
16536,"train"
16537,"train"
16538,"test"
16539,"validation"
16540,"validation"
16541,"validation"
16542,"train"
16543,"train"
16544,"train"
16545,"train"
16546,"test"
16547,"validation"
16548,"train"
16549,"test"
16550,"train"
16551,"validation"
16552,"train"
16553,"train"
16554,"validation"
16555,"train"
16556,"train"
16557,"train"
16558,"test"
16559,"test"
16560,"validation"
16561,"train"
16562,"validation"
16563,"test"
16564,"test"
16565,"test"
16566,"test"
16567,"test"
16568,"train"
16569,"train"
16570,"train"
16571,"validation"
16572,"validation"
16573,"train"
16574,"train"
16575,"validation"
16576,"validation"
16577,"train"
16578,"validation"
16579,"validation"
16580,"train"
16581,"test"
16582,"test"
16583,"train"
16584,"validation"
16585,"train"
16586,"train"
16587,"validation"
16588,"train"
16589,"train"
16590,"train"
16591,"test"
16592,"train"
16593,"validation"
16594,"train"
16595,"train"
16596,"train"
16597,"train"
16598,"validation"
16599,"train"
16600,"train"
16601,"validation"
16602,"validation"
16603,"train"
16604,"train"
16605,"train"
16606,"train"
16607,"train"
16608,"train"
16609,"validation"
16610,"train"
16611,"train"
16612,"train"
16613,"test"
16614,"train"
16615,"train"
16616,"train"
16617,"train"
16618,"train"
16619,"train"
16620,"validation"
16621,"train"
16622,"test"
16623,"train"
16624,"validation"
16625,"validation"
16626,"train"
16627,"train"
16628,"validation"
16629,"train"
16630,"train"
16631,"train"
16632,"test"
16633,"train"
16634,"test"
16635,"train"
16636,"train"
16637,"train"
16638,"test"
16639,"validation"
16640,"train"
16641,"train"
16642,"train"
16643,"test"
16644,"validation"
16645,"validation"
16646,"train"
16647,"train"
16648,"train"
16649,"train"
16650,"test"
16651,"train"
16652,"train"
16653,"train"
16654,"test"
16655,"train"
16656,"validation"
16657,"test"
16658,"test"
16659,"train"
16660,"test"
16661,"validation"
16662,"train"
16663,"train"
16664,"train"
16665,"test"
16666,"test"
16667,"validation"
16668,"test"
16669,"validation"
16670,"train"
16671,"validation"
16672,"train"
16673,"test"
16674,"validation"
16675,"test"
16676,"train"
16677,"validation"
16678,"test"
16679,"train"
16680,"validation"
16681,"train"
16682,"test"
16683,"train"
16684,"validation"
16685,"train"
16686,"test"
16687,"train"
16688,"train"
16689,"train"
16690,"test"
16691,"test"
16692,"train"
16693,"train"
16694,"train"
16695,"train"
16696,"test"
16697,"validation"
16698,"validation"
16699,"test"
16700,"train"
16701,"train"
16702,"test"
16703,"train"
16704,"train"
16705,"test"
16706,"train"
16707,"train"
16708,"validation"
16709,"test"
16710,"validation"
16711,"train"
16712,"test"
16713,"train"
16714,"train"
16715,"validation"
16716,"test"
16717,"train"
16718,"validation"
16719,"train"
16720,"train"
16721,"test"
16722,"train"
16723,"train"
16724,"test"
16725,"validation"
16726,"train"
16727,"validation"
16728,"train"
16729,"train"
16730,"train"
16731,"train"
16732,"validation"
16733,"train"
16734,"train"
16735,"validation"
16736,"validation"
16737,"test"
16738,"validation"
16739,"validation"
16740,"train"
16741,"test"
16742,"test"
16743,"train"
16744,"train"
16745,"validation"
16746,"train"
16747,"validation"
16748,"train"
16749,"test"
16750,"train"
16751,"train"
16752,"train"
16753,"train"
16754,"train"
16755,"test"
16756,"train"
16757,"test"
16758,"test"
16759,"train"
16760,"test"
16761,"train"
16762,"train"
16763,"train"
16764,"test"
16765,"validation"
16766,"validation"
16767,"train"
16768,"train"
16769,"train"
16770,"test"
16771,"train"
16772,"test"
16773,"validation"
16774,"train"
16775,"train"
16776,"train"
16777,"train"
16778,"validation"
16779,"train"
16780,"train"
16781,"train"
16782,"train"
16783,"train"
16784,"train"
16785,"validation"
16786,"train"
16787,"train"
16788,"validation"
16789,"train"
16790,"validation"
16791,"test"
16792,"train"
16793,"test"
16794,"train"
16795,"test"
16796,"train"
16797,"train"
16798,"train"
16799,"train"
16800,"test"
16801,"validation"
16802,"train"
16803,"train"
16804,"train"
16805,"train"
16806,"test"
16807,"validation"
16808,"test"
16809,"train"
16810,"train"
16811,"test"
16812,"test"
16813,"train"
16814,"validation"
16815,"validation"
16816,"test"
16817,"validation"
16818,"test"
16819,"test"
16820,"train"
16821,"train"
16822,"train"
16823,"test"
16824,"train"
16825,"train"
16826,"train"
16827,"train"
16828,"validation"
16829,"test"
16830,"train"
16831,"train"
16832,"train"
16833,"train"
16834,"test"
16835,"train"
16836,"train"
16837,"validation"
16838,"train"
16839,"train"
16840,"train"
16841,"train"
16842,"test"
16843,"train"
16844,"train"
16845,"train"
16846,"train"
16847,"test"
16848,"train"
16849,"validation"
16850,"train"
16851,"train"
16852,"train"
16853,"test"
16854,"train"
16855,"train"
16856,"validation"
16857,"validation"
16858,"train"
16859,"train"
16860,"test"
16861,"train"
16862,"test"
16863,"train"
16864,"test"
16865,"validation"
16866,"test"
16867,"train"
16868,"train"
16869,"test"
16870,"test"
16871,"validation"
16872,"train"
16873,"train"
16874,"train"
16875,"train"
16876,"train"
16877,"train"
16878,"validation"
16879,"train"
16880,"train"
16881,"train"
16882,"train"
16883,"train"
16884,"train"
16885,"train"
16886,"validation"
16887,"test"
16888,"train"
16889,"train"
16890,"train"
16891,"test"
16892,"train"
16893,"validation"
16894,"train"
16895,"test"
16896,"train"
16897,"train"
16898,"train"
16899,"validation"
16900,"train"
16901,"train"
16902,"train"
16903,"train"
16904,"validation"
16905,"validation"
16906,"validation"
16907,"validation"
16908,"validation"
16909,"validation"
16910,"validation"
16911,"train"
16912,"train"
16913,"train"
16914,"test"
16915,"train"
16916,"train"
16917,"train"
16918,"test"
16919,"train"
16920,"train"
16921,"validation"
16922,"train"
16923,"train"
16924,"test"
16925,"train"
16926,"validation"
16927,"test"
16928,"test"
16929,"train"
16930,"train"
16931,"validation"
16932,"train"
16933,"validation"
16934,"test"
16935,"train"
16936,"train"
16937,"train"
16938,"train"
16939,"test"
16940,"train"
16941,"train"
16942,"test"
16943,"train"
16944,"train"
16945,"validation"
16946,"test"
16947,"test"
16948,"test"
16949,"train"
16950,"validation"
16951,"validation"
16952,"train"
16953,"train"
16954,"train"
16955,"train"
16956,"train"
16957,"train"
16958,"train"
16959,"train"
16960,"test"
16961,"test"
16962,"validation"
16963,"test"
16964,"train"
16965,"validation"
16966,"validation"
16967,"train"
16968,"train"
16969,"train"
16970,"train"
16971,"train"
16972,"train"
16973,"validation"
16974,"validation"
16975,"test"
16976,"test"
16977,"train"
16978,"train"
16979,"train"
16980,"train"
16981,"train"
16982,"train"
16983,"test"
16984,"validation"
16985,"train"
16986,"validation"
16987,"test"
16988,"validation"
16989,"test"
16990,"test"
16991,"train"
16992,"validation"
16993,"train"
16994,"validation"
16995,"train"
16996,"train"
16997,"test"
16998,"train"
16999,"train"
17000,"train"
17001,"train"
17002,"train"
17003,"train"
17004,"train"
17005,"train"
17006,"train"
17007,"validation"
17008,"train"
17009,"train"
17010,"train"
17011,"validation"
17012,"validation"
17013,"train"
17014,"train"
17015,"train"
17016,"train"
17017,"train"
17018,"train"
17019,"validation"
17020,"validation"
17021,"train"
17022,"test"
17023,"train"
17024,"validation"
17025,"train"
17026,"train"
17027,"train"
17028,"train"
17029,"train"
17030,"train"
17031,"train"
17032,"train"
17033,"validation"
17034,"train"
17035,"test"
17036,"train"
17037,"train"
17038,"validation"
17039,"test"
17040,"train"
17041,"train"
17042,"validation"
17043,"train"
17044,"train"
17045,"train"
17046,"test"
17047,"train"
17048,"train"
17049,"test"
17050,"train"
17051,"train"
17052,"validation"
17053,"validation"
17054,"train"
17055,"train"
17056,"train"
17057,"train"
17058,"train"
17059,"train"
17060,"train"
17061,"train"
17062,"validation"
17063,"test"
17064,"train"
17065,"train"
17066,"test"
17067,"train"
17068,"train"
17069,"train"
17070,"validation"
17071,"train"
17072,"test"
17073,"test"
17074,"train"
17075,"validation"
17076,"train"
17077,"test"
17078,"validation"
17079,"train"
17080,"validation"
17081,"validation"
17082,"train"
17083,"train"
17084,"train"
17085,"train"
17086,"test"
17087,"train"
17088,"train"
17089,"train"
17090,"validation"
17091,"train"
17092,"train"
17093,"train"
17094,"test"
17095,"validation"
17096,"train"
17097,"train"
17098,"train"
17099,"test"
17100,"test"
17101,"test"
17102,"test"
17103,"train"
17104,"train"
17105,"test"
17106,"test"
17107,"train"
17108,"test"
17109,"test"
17110,"train"
17111,"validation"
17112,"train"
17113,"test"
17114,"train"
17115,"train"
17116,"train"
17117,"validation"
17118,"validation"
17119,"test"
17120,"validation"
17121,"test"
17122,"train"
17123,"train"
17124,"train"
17125,"validation"
17126,"train"
17127,"validation"
17128,"train"
17129,"validation"
17130,"validation"
17131,"train"
17132,"train"
17133,"train"
17134,"train"
17135,"train"
17136,"validation"
17137,"test"
17138,"train"
17139,"train"
17140,"test"
17141,"train"
17142,"train"
17143,"train"
17144,"test"
17145,"train"
17146,"train"
17147,"test"
17148,"train"
17149,"test"
17150,"train"
17151,"train"
17152,"train"
17153,"train"
17154,"train"
17155,"train"
17156,"test"
17157,"validation"
17158,"train"
17159,"validation"
17160,"validation"
17161,"validation"
17162,"train"
17163,"validation"
17164,"train"
17165,"train"
17166,"train"
17167,"train"
17168,"validation"
17169,"train"
17170,"train"
17171,"train"
17172,"test"
17173,"train"
17174,"train"
17175,"train"
17176,"test"
17177,"train"
17178,"train"
17179,"validation"
17180,"test"
17181,"validation"
17182,"train"
17183,"train"
17184,"train"
17185,"validation"
17186,"train"
17187,"train"
17188,"validation"
17189,"train"
17190,"test"
17191,"train"
17192,"train"
17193,"test"
17194,"validation"
17195,"train"
17196,"validation"
17197,"validation"
17198,"test"
17199,"train"
17200,"validation"
17201,"validation"
17202,"train"
17203,"validation"
17204,"validation"
17205,"train"
17206,"validation"
17207,"validation"
17208,"validation"
17209,"train"
17210,"test"
17211,"train"
17212,"test"
17213,"train"
17214,"test"
17215,"validation"
17216,"train"
17217,"train"
17218,"train"
17219,"test"
17220,"train"
17221,"train"
17222,"validation"
17223,"validation"
17224,"train"
17225,"train"
17226,"test"
17227,"train"
17228,"train"
17229,"train"
17230,"train"
17231,"train"
17232,"validation"
17233,"test"
17234,"test"
17235,"train"
17236,"train"
17237,"train"
17238,"train"
17239,"train"
17240,"train"
17241,"validation"
17242,"validation"
17243,"train"
17244,"train"
17245,"train"
17246,"validation"
17247,"train"
17248,"validation"
17249,"test"
17250,"train"
17251,"test"
17252,"train"
17253,"test"
17254,"train"
17255,"train"
17256,"train"
17257,"test"
17258,"train"
17259,"train"
17260,"train"
17261,"validation"
17262,"train"
17263,"train"
17264,"train"
17265,"train"
17266,"test"
17267,"validation"
17268,"train"
17269,"train"
17270,"validation"
17271,"train"
17272,"train"
17273,"train"
17274,"train"
17275,"train"
17276,"train"
17277,"validation"
17278,"test"
17279,"train"
17280,"train"
17281,"test"
17282,"train"
17283,"train"
17284,"train"
17285,"validation"
17286,"test"
17287,"train"
17288,"validation"
17289,"validation"
17290,"train"
17291,"train"
17292,"validation"
17293,"test"
17294,"train"
17295,"train"
17296,"validation"
17297,"train"
17298,"test"
17299,"train"
17300,"validation"
17301,"test"
17302,"train"
17303,"train"
17304,"train"
17305,"train"
17306,"train"
17307,"test"
17308,"validation"
17309,"test"
17310,"train"
17311,"train"
17312,"validation"
17313,"train"
17314,"train"
17315,"train"
17316,"train"
17317,"validation"
17318,"train"
17319,"validation"
17320,"validation"
17321,"train"
17322,"train"
17323,"train"
17324,"test"
17325,"test"
17326,"validation"
17327,"validation"
17328,"train"
17329,"train"
17330,"train"
17331,"train"
17332,"test"
17333,"train"
17334,"test"
17335,"test"
17336,"test"
17337,"train"
17338,"train"
17339,"validation"
17340,"validation"
17341,"test"
17342,"train"
17343,"train"
17344,"train"
17345,"train"
17346,"test"
17347,"test"
17348,"validation"
17349,"validation"
17350,"train"
17351,"test"
17352,"train"
17353,"train"
17354,"train"
17355,"train"
17356,"train"
17357,"test"
17358,"train"
17359,"train"
17360,"test"
17361,"validation"
17362,"validation"
17363,"train"
17364,"train"
17365,"test"
17366,"train"
17367,"train"
17368,"train"
17369,"train"
17370,"test"
17371,"train"
17372,"train"
17373,"train"
17374,"train"
17375,"validation"
17376,"train"
17377,"train"
17378,"train"
17379,"train"
17380,"train"
17381,"train"
17382,"validation"
17383,"train"
17384,"test"
17385,"train"
17386,"test"
17387,"train"
17388,"train"
17389,"train"
17390,"validation"
17391,"train"
17392,"validation"
17393,"train"
17394,"train"
17395,"train"
17396,"train"
17397,"train"
17398,"train"
17399,"train"
17400,"train"
17401,"validation"
17402,"train"
17403,"train"
17404,"train"
17405,"validation"
17406,"test"
17407,"test"
17408,"validation"
17409,"train"
17410,"train"
17411,"validation"
17412,"train"
17413,"train"
17414,"train"
17415,"test"
17416,"train"
17417,"validation"
17418,"test"
17419,"train"
17420,"validation"
17421,"test"
17422,"train"
17423,"test"
17424,"validation"
17425,"train"
17426,"train"
17427,"test"
17428,"train"
17429,"train"
17430,"train"
17431,"train"
17432,"train"
17433,"train"
17434,"validation"
17435,"test"
17436,"train"
17437,"validation"
17438,"train"
17439,"train"
17440,"train"
17441,"test"
17442,"train"
17443,"test"
17444,"train"
17445,"train"
17446,"train"
17447,"train"
17448,"test"
17449,"train"
17450,"train"
17451,"validation"
17452,"train"
17453,"test"
17454,"train"
17455,"train"
17456,"test"
17457,"test"
17458,"train"
17459,"train"
17460,"test"
17461,"train"
17462,"train"
17463,"train"
17464,"train"
17465,"train"
17466,"train"
17467,"train"
17468,"test"
17469,"train"
17470,"test"
17471,"train"
17472,"validation"
17473,"test"
17474,"train"
17475,"validation"
17476,"train"
17477,"test"
17478,"test"
17479,"train"
17480,"validation"
17481,"validation"
17482,"train"
17483,"train"
17484,"train"
17485,"train"
17486,"validation"
17487,"train"
17488,"test"
17489,"test"
17490,"test"
17491,"test"
17492,"train"
17493,"train"
17494,"validation"
17495,"train"
17496,"train"
17497,"validation"
17498,"train"
17499,"train"
17500,"test"
17501,"train"
17502,"train"
17503,"train"
17504,"train"
17505,"test"
17506,"train"
17507,"train"
17508,"test"
17509,"train"
17510,"train"
17511,"validation"
17512,"train"
17513,"train"
17514,"train"
17515,"train"
17516,"test"
17517,"train"
17518,"validation"
17519,"test"
17520,"train"
17521,"train"
17522,"test"
17523,"validation"
17524,"train"
17525,"validation"
17526,"train"
17527,"train"
17528,"validation"
17529,"train"
17530,"train"
17531,"train"
17532,"validation"
17533,"test"
17534,"train"
17535,"test"
17536,"train"
17537,"train"
17538,"train"
17539,"train"
17540,"test"
17541,"train"
17542,"test"
17543,"validation"
17544,"test"
17545,"train"
17546,"train"
17547,"test"
17548,"train"
17549,"test"
17550,"train"
17551,"validation"
17552,"validation"
17553,"test"
17554,"train"
17555,"test"
17556,"train"
17557,"validation"
17558,"train"
17559,"train"
17560,"train"
17561,"validation"
17562,"train"
17563,"train"
17564,"validation"
17565,"test"
17566,"validation"
17567,"train"
17568,"test"
17569,"test"
17570,"validation"
17571,"train"
17572,"train"
17573,"validation"
17574,"train"
17575,"train"
17576,"validation"
17577,"train"
17578,"train"
17579,"validation"
17580,"train"
17581,"train"
17582,"train"
17583,"validation"
17584,"train"
17585,"validation"
17586,"validation"
17587,"train"
17588,"train"
17589,"train"
17590,"train"
17591,"test"
17592,"train"
17593,"train"
17594,"train"
17595,"test"
17596,"train"
17597,"validation"
17598,"validation"
17599,"train"
17600,"validation"
17601,"test"
17602,"validation"
17603,"validation"
17604,"train"
17605,"train"
17606,"test"
17607,"train"
17608,"train"
17609,"test"
17610,"train"
17611,"train"
17612,"test"
17613,"train"
17614,"test"
17615,"train"
17616,"train"
17617,"test"
17618,"train"
17619,"train"
17620,"train"
17621,"train"
17622,"train"
17623,"train"
17624,"validation"
17625,"train"
17626,"validation"
17627,"test"
17628,"validation"
17629,"train"
17630,"train"
17631,"train"
17632,"train"
17633,"train"
17634,"train"
17635,"train"
17636,"train"
17637,"train"
17638,"train"
17639,"train"
17640,"train"
17641,"train"
17642,"train"
17643,"train"
17644,"train"
17645,"validation"
17646,"train"
17647,"train"
17648,"train"
17649,"train"
17650,"train"
17651,"train"
17652,"train"
17653,"test"
17654,"validation"
17655,"train"
17656,"train"
17657,"test"
17658,"train"
17659,"train"
17660,"train"
17661,"validation"
17662,"train"
17663,"train"
17664,"validation"
17665,"test"
17666,"train"
17667,"train"
17668,"train"
17669,"train"
17670,"train"
17671,"train"
17672,"train"
17673,"train"
17674,"test"
17675,"test"
17676,"test"
17677,"train"
17678,"train"
17679,"train"
17680,"train"
17681,"validation"
17682,"validation"
17683,"train"
17684,"train"
17685,"train"
17686,"train"
17687,"test"
17688,"train"
17689,"train"
17690,"train"
17691,"validation"
17692,"validation"
17693,"test"
17694,"train"
17695,"test"
17696,"train"
17697,"train"
17698,"test"
17699,"train"
17700,"train"
17701,"train"
17702,"train"
17703,"validation"
17704,"test"
17705,"validation"
17706,"test"
17707,"test"
17708,"train"
17709,"validation"
17710,"test"
17711,"train"
17712,"validation"
17713,"validation"
17714,"test"
17715,"train"
17716,"train"
17717,"train"
17718,"train"
17719,"train"
17720,"train"
17721,"test"
17722,"validation"
17723,"test"
17724,"validation"
17725,"train"
17726,"train"
17727,"train"
17728,"test"
17729,"train"
17730,"validation"
17731,"train"
17732,"train"
17733,"train"
17734,"validation"
17735,"test"
17736,"train"
17737,"train"
17738,"test"
17739,"train"
17740,"train"
17741,"test"
17742,"train"
17743,"train"
17744,"train"
17745,"test"
17746,"train"
17747,"validation"
17748,"train"
17749,"train"
17750,"validation"
17751,"validation"
17752,"train"
17753,"train"
17754,"validation"
17755,"train"
17756,"validation"
17757,"validation"
17758,"train"
17759,"train"
17760,"train"
17761,"train"
17762,"validation"
17763,"train"
17764,"test"
17765,"train"
17766,"validation"
17767,"test"
17768,"test"
17769,"train"
17770,"validation"
17771,"train"
17772,"train"
17773,"train"
17774,"train"
17775,"train"
17776,"validation"
17777,"train"
17778,"validation"
17779,"train"
17780,"validation"
17781,"train"
17782,"test"
17783,"train"
17784,"train"
17785,"test"
17786,"test"
17787,"test"
17788,"train"
17789,"train"
17790,"test"
17791,"validation"
17792,"train"
17793,"train"
17794,"validation"
17795,"test"
17796,"train"
17797,"train"
17798,"train"
17799,"train"
17800,"test"
17801,"test"
17802,"train"
17803,"train"
17804,"test"
17805,"train"
17806,"train"
17807,"train"
17808,"test"
17809,"validation"
17810,"train"
17811,"test"
17812,"train"
17813,"train"
17814,"train"
17815,"train"
17816,"validation"
17817,"validation"
17818,"train"
17819,"test"
17820,"train"
17821,"test"
17822,"validation"
17823,"validation"
17824,"test"
17825,"train"
17826,"validation"
17827,"train"
17828,"test"
17829,"train"
17830,"test"
17831,"test"
17832,"test"
17833,"train"
17834,"train"
17835,"train"
17836,"test"
17837,"validation"
17838,"train"
17839,"test"
17840,"train"
17841,"train"
17842,"test"
17843,"train"
17844,"test"
17845,"validation"
17846,"test"
17847,"validation"
17848,"train"
17849,"train"
17850,"train"
17851,"train"
17852,"train"
17853,"train"
17854,"validation"
17855,"validation"
17856,"train"
17857,"validation"
17858,"train"
17859,"train"
17860,"train"
17861,"test"
17862,"test"
17863,"validation"
17864,"train"
17865,"train"
17866,"train"
17867,"validation"
17868,"train"
17869,"train"
17870,"train"
17871,"test"
17872,"train"
17873,"validation"
17874,"train"
17875,"train"
17876,"train"
17877,"train"
17878,"train"
17879,"validation"
17880,"test"
17881,"test"
17882,"train"
17883,"train"
17884,"test"
17885,"train"
17886,"train"
17887,"train"
17888,"validation"
17889,"train"
17890,"train"
17891,"test"
17892,"test"
17893,"train"
17894,"validation"
17895,"train"
17896,"train"
17897,"test"
17898,"train"
17899,"train"
17900,"validation"
17901,"train"
17902,"train"
17903,"validation"
17904,"train"
17905,"train"
17906,"train"
17907,"train"
17908,"test"
17909,"train"
17910,"train"
17911,"test"
17912,"validation"
17913,"train"
17914,"validation"
17915,"train"
17916,"test"
17917,"train"
17918,"train"
17919,"validation"
17920,"train"
17921,"train"
17922,"validation"
17923,"train"
17924,"validation"
17925,"train"
17926,"test"
17927,"train"
17928,"test"
17929,"train"
17930,"validation"
17931,"train"
17932,"train"
17933,"validation"
17934,"validation"
17935,"train"
17936,"train"
17937,"train"
17938,"train"
17939,"train"
17940,"train"
17941,"train"
17942,"train"
17943,"train"
17944,"validation"
17945,"test"
17946,"train"
17947,"train"
17948,"test"
17949,"validation"
17950,"validation"
17951,"train"
17952,"train"
17953,"validation"
17954,"test"
17955,"train"
17956,"validation"
17957,"train"
17958,"train"
17959,"train"
17960,"train"
17961,"validation"
17962,"test"
17963,"train"
17964,"train"
17965,"train"
17966,"test"
17967,"validation"
17968,"train"
17969,"validation"
17970,"test"
17971,"test"
17972,"test"
17973,"validation"
17974,"validation"
17975,"train"
17976,"validation"
17977,"train"
17978,"train"
17979,"train"
17980,"train"
17981,"train"
17982,"train"
17983,"train"
17984,"train"
17985,"train"
17986,"validation"
17987,"test"
17988,"train"
17989,"train"
17990,"train"
17991,"train"
17992,"test"
17993,"validation"
17994,"train"
17995,"train"
17996,"train"
17997,"train"
17998,"train"
17999,"train"
18000,"train"
18001,"train"
18002,"train"
18003,"test"
18004,"train"
18005,"test"
18006,"train"
18007,"train"
18008,"train"
18009,"train"
18010,"train"
18011,"train"
18012,"train"
18013,"train"
18014,"test"
18015,"train"
18016,"test"
18017,"test"
18018,"train"
18019,"train"
18020,"validation"
18021,"validation"
18022,"train"
18023,"train"
18024,"validation"
18025,"train"
18026,"validation"
18027,"train"
18028,"train"
18029,"train"
18030,"train"
18031,"test"
18032,"train"
18033,"validation"
18034,"train"
18035,"train"
18036,"test"
18037,"validation"
18038,"train"
18039,"train"
18040,"train"
18041,"train"
18042,"test"
18043,"test"
18044,"train"
18045,"test"
18046,"train"
18047,"train"
18048,"train"
18049,"train"
18050,"train"
18051,"train"
18052,"train"
18053,"validation"
18054,"train"
18055,"validation"
18056,"test"
18057,"test"
18058,"train"
18059,"train"
18060,"train"
18061,"train"
18062,"train"
18063,"train"
18064,"test"
18065,"validation"
18066,"train"
18067,"train"
18068,"train"
18069,"test"
18070,"train"
18071,"test"
18072,"train"
18073,"train"
18074,"train"
18075,"train"
18076,"train"
18077,"validation"
18078,"test"
18079,"train"
18080,"train"
18081,"train"
18082,"train"
18083,"validation"
18084,"train"
18085,"test"
18086,"test"
18087,"validation"
18088,"test"
18089,"train"
18090,"train"
18091,"test"
18092,"train"
18093,"validation"
18094,"validation"
18095,"validation"
18096,"train"
18097,"train"
18098,"train"
18099,"train"
18100,"train"
18101,"train"
18102,"train"
18103,"train"
18104,"test"
18105,"train"
18106,"validation"
18107,"validation"
18108,"validation"
18109,"train"
18110,"validation"
18111,"train"
18112,"train"
18113,"train"
18114,"train"
18115,"train"
18116,"validation"
18117,"train"
18118,"validation"
18119,"train"
18120,"test"
18121,"train"
18122,"train"
18123,"validation"
18124,"validation"
18125,"train"
18126,"test"
18127,"train"
18128,"train"
18129,"train"
18130,"train"
18131,"validation"
18132,"train"
18133,"train"
18134,"train"
18135,"train"
18136,"validation"
18137,"test"
18138,"test"
18139,"validation"
18140,"validation"
18141,"test"
18142,"train"
18143,"validation"
18144,"train"
18145,"train"
18146,"train"
18147,"test"
18148,"test"
18149,"train"
18150,"validation"
18151,"validation"
18152,"validation"
18153,"train"
18154,"validation"
18155,"train"
18156,"train"
18157,"train"
18158,"test"
18159,"train"
18160,"train"
18161,"train"
18162,"train"
18163,"train"
18164,"test"
18165,"train"
18166,"train"
18167,"train"
18168,"test"
18169,"test"
18170,"train"
18171,"test"
18172,"train"
18173,"train"
18174,"train"
18175,"train"
18176,"train"
18177,"train"
18178,"train"
18179,"train"
18180,"train"
18181,"train"
18182,"train"
18183,"train"
18184,"train"
18185,"validation"
18186,"test"
18187,"train"
18188,"test"
18189,"train"
18190,"test"
18191,"train"
18192,"train"
18193,"test"
18194,"train"
18195,"train"
18196,"train"
18197,"train"
18198,"validation"
18199,"validation"
18200,"validation"
18201,"train"
18202,"train"
18203,"validation"
18204,"train"
18205,"validation"
18206,"train"
18207,"train"
18208,"train"
18209,"train"
18210,"train"
18211,"train"
18212,"train"
18213,"validation"
18214,"train"
18215,"train"
18216,"train"
18217,"validation"
18218,"validation"
18219,"train"
18220,"validation"
18221,"train"
18222,"train"
18223,"validation"
18224,"test"
18225,"train"
18226,"test"
18227,"train"
18228,"validation"
18229,"train"
18230,"train"
18231,"train"
18232,"train"
18233,"train"
18234,"validation"
18235,"test"
18236,"test"
18237,"test"
18238,"train"
18239,"train"
18240,"train"
18241,"test"
18242,"train"
18243,"train"
18244,"train"
18245,"validation"
18246,"train"
18247,"validation"
18248,"train"
18249,"validation"
18250,"train"
18251,"test"
18252,"train"
18253,"train"
18254,"train"
18255,"train"
18256,"train"
18257,"validation"
18258,"train"
18259,"test"
18260,"validation"
18261,"train"
18262,"validation"
18263,"train"
18264,"test"
18265,"train"
18266,"train"
18267,"test"
18268,"validation"
18269,"train"
18270,"validation"
18271,"validation"
18272,"test"
18273,"train"
18274,"train"
18275,"train"
18276,"test"
18277,"train"
18278,"train"
18279,"train"
18280,"train"
18281,"train"
18282,"train"
18283,"test"
18284,"validation"
18285,"train"
18286,"test"
18287,"validation"
18288,"train"
18289,"train"
18290,"train"
18291,"validation"
18292,"test"
18293,"test"
18294,"validation"
18295,"train"
18296,"validation"
18297,"test"
18298,"test"
18299,"train"
18300,"train"
18301,"train"
18302,"test"
18303,"train"
18304,"test"
18305,"validation"
18306,"test"
18307,"train"
18308,"train"
18309,"validation"
18310,"train"
18311,"test"
18312,"train"
18313,"train"
18314,"train"
18315,"train"
18316,"train"
18317,"train"
18318,"validation"
18319,"test"
18320,"validation"
18321,"train"
18322,"train"
18323,"validation"
18324,"train"
18325,"validation"
18326,"validation"
18327,"train"
18328,"validation"
18329,"train"
18330,"train"
18331,"validation"
18332,"train"
18333,"train"
18334,"test"
18335,"test"
18336,"train"
18337,"train"
18338,"train"
18339,"train"
18340,"test"
18341,"train"
18342,"train"
18343,"validation"
18344,"test"
18345,"train"
18346,"train"
18347,"train"
18348,"test"
18349,"test"
18350,"train"
18351,"test"
18352,"train"
18353,"train"
18354,"validation"
18355,"test"
18356,"test"
18357,"train"
18358,"test"
18359,"train"
18360,"train"
18361,"train"
18362,"train"
18363,"test"
18364,"test"
18365,"validation"
18366,"train"
18367,"train"
18368,"test"
18369,"test"
18370,"train"
18371,"train"
18372,"train"
18373,"validation"
18374,"validation"
18375,"train"
18376,"validation"
18377,"train"
18378,"train"
18379,"validation"
18380,"validation"
18381,"train"
18382,"validation"
18383,"validation"
18384,"train"
18385,"train"
18386,"test"
18387,"test"
18388,"validation"
18389,"train"
18390,"train"
18391,"train"
18392,"train"
18393,"train"
18394,"validation"
18395,"validation"
18396,"train"
18397,"train"
18398,"train"
18399,"test"
18400,"train"
18401,"train"
18402,"test"
18403,"test"
18404,"train"
18405,"train"
18406,"train"
18407,"train"
18408,"train"
18409,"train"
18410,"test"
18411,"validation"
18412,"validation"
18413,"train"
18414,"train"
18415,"validation"
18416,"train"
18417,"test"
18418,"train"
18419,"test"
18420,"validation"
18421,"test"
18422,"test"
18423,"test"
18424,"train"
18425,"train"
18426,"train"
18427,"train"
18428,"train"
18429,"train"
18430,"train"
18431,"validation"
18432,"validation"
18433,"test"
18434,"validation"
18435,"test"
18436,"train"
18437,"train"
18438,"validation"
18439,"train"
18440,"validation"
18441,"train"
18442,"train"
18443,"train"
18444,"train"
18445,"train"
18446,"validation"
18447,"test"
18448,"validation"
18449,"train"
18450,"train"
18451,"train"
18452,"validation"
18453,"validation"
18454,"train"
18455,"validation"
18456,"train"
18457,"train"
18458,"train"
18459,"train"
18460,"train"
18461,"test"
18462,"validation"
18463,"train"
18464,"validation"
18465,"test"
18466,"train"
18467,"test"
18468,"train"
18469,"train"
18470,"test"
18471,"validation"
18472,"validation"
18473,"train"
18474,"train"
18475,"validation"
18476,"test"
18477,"test"
18478,"train"
18479,"train"
18480,"validation"
18481,"validation"
18482,"validation"
18483,"validation"
18484,"train"
18485,"train"
18486,"validation"
18487,"train"
18488,"validation"
18489,"test"
18490,"train"
18491,"test"
18492,"test"
18493,"train"
18494,"train"
18495,"train"
18496,"train"
18497,"train"
18498,"train"
18499,"train"
18500,"test"
18501,"test"
18502,"train"
18503,"train"
18504,"test"
18505,"validation"
18506,"validation"
18507,"train"
18508,"train"
18509,"test"
18510,"test"
18511,"train"
18512,"train"
18513,"test"
18514,"train"
18515,"train"
18516,"train"
18517,"test"
18518,"train"
18519,"validation"
18520,"train"
18521,"train"
18522,"test"
18523,"train"
18524,"train"
18525,"test"
18526,"test"
18527,"train"
18528,"test"
18529,"train"
18530,"validation"
18531,"train"
18532,"train"
18533,"train"
18534,"test"
18535,"train"
18536,"train"
18537,"validation"
18538,"test"
18539,"validation"
18540,"train"
18541,"train"
18542,"train"
18543,"validation"
18544,"validation"
18545,"train"
18546,"train"
18547,"validation"
18548,"validation"
18549,"train"
18550,"validation"
18551,"test"
18552,"train"
18553,"train"
18554,"test"
18555,"validation"
18556,"test"
18557,"train"
18558,"test"
18559,"train"
18560,"validation"
18561,"train"
18562,"train"
18563,"test"
18564,"train"
18565,"train"
18566,"train"
18567,"train"
18568,"train"
18569,"test"
18570,"train"
18571,"train"
18572,"validation"
18573,"train"
18574,"train"
18575,"train"
18576,"train"
18577,"train"
18578,"validation"
18579,"test"
18580,"train"
18581,"test"
18582,"train"
18583,"train"
18584,"test"
18585,"train"
18586,"train"
18587,"train"
18588,"test"
18589,"train"
18590,"train"
18591,"validation"
18592,"train"
18593,"train"
18594,"validation"
18595,"train"
18596,"train"
18597,"train"
18598,"test"
18599,"train"
18600,"validation"
18601,"train"
18602,"train"
18603,"train"
18604,"train"
18605,"train"
18606,"train"
18607,"test"
18608,"validation"
18609,"train"
18610,"train"
18611,"test"
18612,"train"
18613,"validation"
18614,"validation"
18615,"train"
18616,"test"
18617,"train"
18618,"test"
18619,"test"
18620,"train"
18621,"train"
18622,"train"
18623,"test"
18624,"train"
18625,"train"
18626,"test"
18627,"train"
18628,"test"
18629,"train"
18630,"validation"
18631,"test"
18632,"test"
18633,"train"
18634,"train"
18635,"test"
18636,"train"
18637,"train"
18638,"train"
18639,"test"
18640,"test"
18641,"test"
18642,"train"
18643,"train"
18644,"validation"
18645,"train"
18646,"train"
18647,"train"
18648,"train"
18649,"validation"
18650,"validation"
18651,"train"
18652,"test"
18653,"test"
18654,"test"
18655,"train"
18656,"test"
18657,"test"
18658,"train"
18659,"test"
18660,"validation"
18661,"train"
18662,"validation"
18663,"test"
18664,"test"
18665,"train"
18666,"train"
18667,"train"
18668,"validation"
18669,"train"
18670,"validation"
18671,"train"
18672,"validation"
18673,"train"
18674,"validation"
18675,"train"
18676,"validation"
18677,"train"
18678,"test"
18679,"train"
18680,"validation"
18681,"train"
18682,"validation"
18683,"validation"
18684,"train"
18685,"validation"
18686,"validation"
18687,"validation"
18688,"train"
18689,"train"
18690,"test"
18691,"validation"
18692,"train"
18693,"train"
18694,"test"
18695,"test"
18696,"train"
18697,"train"
18698,"test"
18699,"train"
18700,"test"
18701,"test"
18702,"validation"
18703,"validation"
18704,"train"
18705,"train"
18706,"validation"
18707,"train"
18708,"train"
18709,"test"
18710,"test"
18711,"test"
18712,"validation"
18713,"test"
18714,"test"
18715,"train"
18716,"test"
18717,"test"
18718,"train"
18719,"test"
18720,"train"
18721,"validation"
18722,"train"
18723,"validation"
18724,"train"
18725,"train"
18726,"train"
18727,"train"
18728,"test"
18729,"train"
18730,"validation"
18731,"train"
18732,"train"
18733,"train"
18734,"train"
18735,"train"
18736,"train"
18737,"validation"
18738,"train"
18739,"train"
18740,"train"
18741,"train"
18742,"test"
18743,"test"
18744,"train"
18745,"validation"
18746,"train"
18747,"train"
18748,"train"
18749,"train"
18750,"validation"
18751,"test"
18752,"validation"
18753,"train"
18754,"train"
18755,"test"
18756,"validation"
18757,"train"
18758,"test"
18759,"validation"
18760,"train"
18761,"train"
18762,"validation"
18763,"train"
18764,"train"
18765,"train"
18766,"train"
18767,"validation"
18768,"validation"
18769,"test"
18770,"train"
18771,"validation"
18772,"train"
18773,"test"
18774,"train"
18775,"test"
18776,"train"
18777,"train"
18778,"test"
18779,"train"
18780,"train"
18781,"train"
18782,"train"
18783,"validation"
18784,"test"
18785,"validation"
18786,"train"
18787,"train"
18788,"train"
18789,"test"
18790,"train"
18791,"train"
18792,"train"
18793,"test"
18794,"train"
18795,"train"
18796,"validation"
18797,"train"
18798,"test"
18799,"train"
18800,"train"
18801,"train"
18802,"validation"
18803,"validation"
18804,"train"
18805,"train"
18806,"train"
18807,"train"
18808,"train"
18809,"train"
18810,"test"
18811,"test"
18812,"train"
18813,"train"
18814,"test"
18815,"test"
18816,"validation"
18817,"validation"
18818,"test"
18819,"test"
18820,"train"
18821,"test"
18822,"train"
18823,"validation"
18824,"train"
18825,"test"
18826,"validation"
18827,"test"
18828,"validation"
18829,"validation"
18830,"train"
18831,"train"
18832,"validation"
18833,"train"
18834,"train"
18835,"test"
18836,"train"
18837,"train"
18838,"train"
18839,"train"
18840,"train"
18841,"validation"
18842,"train"
18843,"train"
18844,"train"
18845,"test"
18846,"train"
18847,"train"
18848,"train"
18849,"train"
18850,"train"
18851,"train"
18852,"test"
18853,"test"
18854,"train"
18855,"test"
18856,"train"
18857,"train"
18858,"test"
18859,"test"
18860,"validation"
18861,"train"
18862,"train"
18863,"train"
18864,"validation"
18865,"validation"
18866,"train"
18867,"test"
18868,"validation"
18869,"train"
18870,"validation"
18871,"train"
18872,"train"
18873,"train"
18874,"train"
18875,"validation"
18876,"train"
18877,"train"
18878,"test"
18879,"train"
18880,"train"
18881,"train"
18882,"validation"
18883,"test"
18884,"train"
18885,"train"
18886,"validation"
18887,"train"
18888,"test"
18889,"test"
18890,"train"
18891,"validation"
18892,"test"
18893,"train"
18894,"test"
18895,"train"
18896,"test"
18897,"train"
18898,"test"
18899,"train"
18900,"test"
18901,"train"
18902,"train"
18903,"validation"
18904,"train"
18905,"train"
18906,"train"
18907,"validation"
18908,"train"
18909,"train"
18910,"validation"
18911,"train"
18912,"test"
18913,"validation"
18914,"train"
18915,"train"
18916,"train"
18917,"validation"
18918,"train"
18919,"train"
18920,"train"
18921,"train"
18922,"train"
18923,"train"
18924,"train"
18925,"train"
18926,"test"
18927,"train"
18928,"train"
18929,"train"
18930,"train"
18931,"train"
18932,"validation"
18933,"train"
18934,"train"
18935,"train"
18936,"validation"
18937,"validation"
18938,"train"
18939,"validation"
18940,"validation"
18941,"test"
18942,"test"
18943,"test"
18944,"train"
18945,"train"
18946,"validation"
18947,"train"
18948,"train"
18949,"train"
18950,"test"
18951,"train"
18952,"train"
18953,"test"
18954,"train"
18955,"train"
18956,"train"
18957,"train"
18958,"validation"
18959,"train"
18960,"train"
18961,"train"
18962,"test"
18963,"test"
18964,"train"
18965,"train"
18966,"train"
18967,"validation"
18968,"validation"
18969,"test"
18970,"train"
18971,"validation"
18972,"test"
18973,"train"
18974,"train"
18975,"train"
18976,"test"
18977,"train"
18978,"validation"
18979,"test"
18980,"train"
18981,"train"
18982,"test"
18983,"train"
18984,"train"
18985,"train"
18986,"train"
18987,"validation"
18988,"test"
18989,"train"
18990,"train"
18991,"train"
18992,"validation"
18993,"train"
18994,"train"
18995,"validation"
18996,"validation"
18997,"test"
18998,"validation"
18999,"train"
19000,"train"
19001,"train"
19002,"train"
19003,"test"
19004,"train"
19005,"train"
19006,"train"
19007,"train"
19008,"test"
19009,"train"
19010,"train"
19011,"train"
19012,"train"
19013,"validation"
19014,"train"
19015,"validation"
19016,"train"
19017,"test"
19018,"validation"
19019,"train"
19020,"test"
19021,"test"
19022,"train"
19023,"test"
19024,"train"
19025,"train"
19026,"train"
19027,"train"
19028,"validation"
19029,"validation"
19030,"train"
19031,"train"
19032,"test"
19033,"train"
19034,"train"
19035,"train"
19036,"train"
19037,"train"
19038,"validation"
19039,"train"
19040,"train"
19041,"validation"
19042,"train"
19043,"train"
19044,"train"
19045,"test"
19046,"validation"
19047,"train"
19048,"train"
19049,"train"
19050,"validation"
19051,"train"
19052,"train"
19053,"train"
19054,"train"
19055,"train"
19056,"validation"
19057,"train"
19058,"validation"
19059,"validation"
19060,"test"
19061,"train"
19062,"train"
19063,"validation"
19064,"test"
19065,"train"
19066,"validation"
19067,"train"
19068,"validation"
19069,"train"
19070,"train"
19071,"validation"
19072,"train"
19073,"train"
19074,"train"
19075,"validation"
19076,"test"
19077,"train"
19078,"train"
19079,"train"
19080,"train"
19081,"train"
19082,"test"
19083,"validation"
19084,"validation"
19085,"train"
19086,"train"
19087,"validation"
19088,"test"
19089,"test"
19090,"test"
19091,"train"
19092,"train"
19093,"validation"
19094,"train"
19095,"train"
19096,"train"
19097,"train"
19098,"train"
19099,"test"
19100,"test"
19101,"train"
19102,"test"
19103,"train"
19104,"validation"
19105,"train"
19106,"validation"
19107,"test"
19108,"test"
19109,"validation"
19110,"validation"
19111,"test"
19112,"train"
19113,"train"
19114,"train"
19115,"test"
19116,"train"
19117,"validation"
19118,"train"
19119,"test"
19120,"validation"
19121,"test"
19122,"validation"
19123,"train"
19124,"train"
19125,"train"
19126,"train"
19127,"validation"
19128,"validation"
19129,"train"
19130,"train"
19131,"train"
19132,"train"
19133,"validation"
19134,"train"
19135,"validation"
19136,"validation"
19137,"validation"
19138,"test"
19139,"train"
19140,"train"
19141,"train"
19142,"train"
19143,"train"
19144,"validation"
19145,"test"
19146,"validation"
19147,"train"
19148,"train"
19149,"test"
19150,"validation"
19151,"train"
19152,"test"
19153,"train"
19154,"train"
19155,"train"
19156,"train"
19157,"validation"
19158,"validation"
19159,"train"
19160,"train"
19161,"train"
19162,"train"
19163,"validation"
19164,"validation"
19165,"train"
19166,"train"
19167,"validation"
19168,"train"
19169,"test"
19170,"train"
19171,"test"
19172,"train"
19173,"train"
19174,"train"
19175,"train"
19176,"test"
19177,"test"
19178,"train"
19179,"train"
19180,"train"
19181,"test"
19182,"train"
19183,"validation"
19184,"train"
19185,"test"
19186,"train"
19187,"train"
19188,"train"
19189,"train"
19190,"validation"
19191,"test"
19192,"train"
19193,"train"
19194,"test"
19195,"train"
19196,"train"
19197,"test"
19198,"train"
19199,"train"
19200,"validation"
19201,"train"
19202,"validation"
19203,"validation"
19204,"test"
19205,"train"
19206,"validation"
19207,"train"
19208,"test"
19209,"train"
19210,"train"
19211,"train"
19212,"validation"
19213,"test"
19214,"train"
19215,"validation"
19216,"validation"
19217,"validation"
19218,"test"
19219,"train"
19220,"test"
19221,"test"
19222,"train"
19223,"validation"
19224,"validation"
19225,"train"
19226,"train"
19227,"validation"
19228,"train"
19229,"train"
19230,"train"
19231,"train"
19232,"train"
19233,"train"
19234,"test"
19235,"test"
19236,"test"
19237,"test"
19238,"test"
19239,"train"
19240,"train"
19241,"train"
19242,"test"
19243,"train"
19244,"train"
19245,"test"
19246,"validation"
19247,"validation"
19248,"test"
19249,"train"
19250,"train"
19251,"train"
19252,"validation"
19253,"validation"
19254,"train"
19255,"train"
19256,"train"
19257,"train"
19258,"train"
19259,"validation"
19260,"test"
19261,"test"
19262,"train"
19263,"train"
19264,"validation"
19265,"test"
19266,"train"
19267,"validation"
19268,"validation"
19269,"train"
19270,"train"
19271,"train"
19272,"validation"
19273,"train"
19274,"validation"
19275,"train"
19276,"validation"
19277,"validation"
19278,"train"
19279,"validation"
19280,"test"
19281,"train"
19282,"validation"
19283,"test"
19284,"test"
19285,"train"
19286,"train"
19287,"test"
19288,"train"
19289,"train"
19290,"train"
19291,"train"
19292,"train"
19293,"test"
19294,"validation"
19295,"validation"
19296,"train"
19297,"train"
19298,"train"
19299,"validation"
19300,"train"
19301,"train"
19302,"train"
19303,"train"
19304,"train"
19305,"test"
19306,"train"
19307,"test"
19308,"train"
19309,"train"
19310,"train"
19311,"train"
19312,"train"
19313,"train"
19314,"train"
19315,"validation"
19316,"test"
19317,"validation"
19318,"train"
19319,"validation"
19320,"train"
19321,"train"
19322,"train"
19323,"train"
19324,"test"
19325,"train"
19326,"train"
19327,"train"
19328,"train"
19329,"train"
19330,"validation"
19331,"test"
19332,"train"
19333,"train"
19334,"train"
19335,"train"
19336,"test"
19337,"train"
19338,"train"
19339,"train"
19340,"train"
19341,"train"
19342,"train"
19343,"train"
19344,"train"
19345,"train"
19346,"train"
19347,"test"
19348,"train"
19349,"validation"
19350,"train"
19351,"train"
19352,"validation"
19353,"train"
19354,"test"
19355,"train"
19356,"test"
19357,"test"
19358,"train"
19359,"train"
19360,"train"
19361,"test"
19362,"test"
19363,"train"
19364,"train"
19365,"train"
19366,"validation"
19367,"train"
19368,"train"
19369,"train"
19370,"test"
19371,"train"
19372,"train"
19373,"train"
19374,"test"
19375,"validation"
19376,"train"
19377,"train"
19378,"validation"
19379,"validation"
19380,"train"
19381,"validation"
19382,"validation"
19383,"test"
19384,"validation"
19385,"validation"
19386,"train"
19387,"train"
19388,"test"
19389,"train"
19390,"train"
19391,"train"
19392,"train"
19393,"validation"
19394,"test"
19395,"validation"
19396,"train"
19397,"train"
19398,"validation"
19399,"train"
19400,"train"
19401,"train"
19402,"train"
19403,"train"
19404,"train"
19405,"train"
19406,"train"
19407,"test"
19408,"train"
19409,"train"
19410,"train"
19411,"validation"
19412,"train"
19413,"validation"
19414,"train"
19415,"validation"
19416,"train"
19417,"test"
19418,"train"
19419,"train"
19420,"train"
19421,"validation"
19422,"train"
19423,"train"
19424,"train"
19425,"train"
19426,"train"
19427,"test"
19428,"train"
19429,"train"
19430,"train"
19431,"train"
19432,"train"
19433,"train"
19434,"train"
19435,"test"
19436,"train"
19437,"validation"
19438,"train"
19439,"train"
19440,"train"
19441,"test"
19442,"train"
19443,"test"
19444,"train"
19445,"train"
19446,"train"
19447,"test"
19448,"test"
19449,"test"
19450,"train"
19451,"train"
19452,"validation"
19453,"train"
19454,"validation"
19455,"train"
19456,"train"
19457,"train"
19458,"validation"
19459,"validation"
19460,"test"
19461,"train"
19462,"train"
19463,"train"
19464,"validation"
19465,"train"
19466,"train"
19467,"train"
19468,"train"
19469,"test"
19470,"validation"
19471,"validation"
19472,"test"
19473,"train"
19474,"test"
19475,"train"
19476,"train"
19477,"train"
19478,"train"
19479,"train"
19480,"train"
19481,"validation"
19482,"test"
19483,"train"
19484,"train"
19485,"validation"
19486,"train"
19487,"train"
19488,"validation"
19489,"train"
19490,"validation"
19491,"train"
19492,"train"
19493,"train"
19494,"train"
19495,"train"
19496,"validation"
19497,"validation"
19498,"train"
19499,"train"
19500,"validation"
19501,"train"
19502,"train"
19503,"validation"
19504,"train"
19505,"validation"
19506,"test"
19507,"train"
19508,"train"
19509,"train"
19510,"test"
19511,"train"
19512,"train"
19513,"validation"
19514,"test"
19515,"train"
19516,"train"
19517,"train"
19518,"train"
19519,"train"
19520,"train"
19521,"test"
19522,"train"
19523,"test"
19524,"validation"
19525,"train"
19526,"validation"
19527,"train"
19528,"validation"
19529,"train"
19530,"train"
19531,"train"
19532,"train"
19533,"train"
19534,"validation"
19535,"train"
19536,"validation"
19537,"train"
19538,"validation"
19539,"train"
19540,"test"
19541,"train"
19542,"validation"
19543,"test"
19544,"train"
19545,"train"
19546,"train"
19547,"train"
19548,"train"
19549,"train"
19550,"test"
19551,"validation"
19552,"test"
19553,"test"
19554,"train"
19555,"train"
19556,"test"
19557,"train"
19558,"train"
19559,"validation"
19560,"validation"
19561,"train"
19562,"validation"
19563,"train"
19564,"test"
19565,"validation"
19566,"test"
19567,"validation"
19568,"validation"
19569,"validation"
19570,"validation"
19571,"train"
19572,"validation"
19573,"validation"
19574,"train"
19575,"validation"
19576,"validation"
19577,"train"
19578,"train"
19579,"train"
19580,"train"
19581,"validation"
19582,"train"
19583,"validation"
19584,"validation"
19585,"validation"
19586,"train"
19587,"test"
19588,"train"
19589,"train"
19590,"validation"
19591,"train"
19592,"train"
19593,"validation"
19594,"train"
19595,"train"
19596,"train"
19597,"train"
19598,"test"
19599,"train"
19600,"train"
19601,"validation"
19602,"train"
19603,"validation"
19604,"train"
19605,"test"
19606,"validation"
19607,"train"
19608,"train"
19609,"train"
19610,"train"
19611,"train"
19612,"train"
19613,"validation"
19614,"test"
19615,"train"
19616,"train"
19617,"test"
19618,"train"
19619,"train"
19620,"validation"
19621,"train"
19622,"validation"
19623,"validation"
19624,"train"
19625,"test"
19626,"train"
19627,"test"
19628,"validation"
19629,"train"
19630,"train"
19631,"train"
19632,"test"
19633,"train"
19634,"train"
19635,"validation"
19636,"test"
19637,"test"
19638,"test"
19639,"validation"
19640,"validation"
19641,"train"
19642,"validation"
19643,"train"
19644,"train"
19645,"train"
19646,"test"
19647,"validation"
19648,"train"
19649,"validation"
19650,"validation"
19651,"train"
19652,"test"
19653,"train"
19654,"test"
19655,"test"
19656,"train"
19657,"validation"
19658,"train"
19659,"train"
19660,"train"
19661,"train"
19662,"test"
19663,"train"
19664,"test"
19665,"test"
19666,"train"
19667,"train"
19668,"validation"
19669,"test"
19670,"train"
19671,"train"
19672,"train"
19673,"train"
19674,"train"
19675,"train"
19676,"test"
19677,"train"
19678,"train"
19679,"train"
19680,"validation"
19681,"train"
19682,"train"
19683,"train"
19684,"train"
19685,"train"
19686,"validation"
19687,"train"
19688,"train"
19689,"train"
19690,"test"
19691,"train"
19692,"test"
19693,"train"
19694,"validation"
19695,"validation"
19696,"train"
19697,"test"
19698,"validation"
19699,"validation"
19700,"train"
19701,"train"
19702,"validation"
19703,"train"
19704,"test"
19705,"train"
19706,"train"
19707,"test"
19708,"train"
19709,"train"
19710,"test"
19711,"validation"
19712,"train"
19713,"test"
19714,"train"
19715,"train"
19716,"train"
19717,"train"
19718,"train"
19719,"train"
19720,"train"
19721,"test"
19722,"train"
19723,"train"
19724,"train"
19725,"train"
19726,"train"
19727,"validation"
19728,"train"
19729,"train"
19730,"train"
19731,"train"
19732,"train"
19733,"train"
19734,"train"
19735,"train"
19736,"train"
19737,"train"
19738,"train"
19739,"test"
19740,"train"
19741,"train"
19742,"train"
19743,"test"
19744,"test"
19745,"test"
19746,"train"
19747,"train"
19748,"train"
19749,"test"
19750,"train"
19751,"train"
19752,"test"
19753,"train"
19754,"train"
19755,"train"
19756,"validation"
19757,"test"
19758,"train"
19759,"train"
19760,"train"
19761,"train"
19762,"train"
19763,"train"
19764,"validation"
19765,"test"
19766,"validation"
19767,"test"
19768,"train"
19769,"train"
19770,"train"
19771,"train"
19772,"train"
19773,"validation"
19774,"train"
19775,"train"
19776,"validation"
19777,"test"
19778,"test"
19779,"test"
19780,"validation"
19781,"train"
19782,"train"
19783,"train"
19784,"validation"
19785,"validation"
19786,"train"
19787,"validation"
19788,"train"
19789,"test"
19790,"validation"
19791,"train"
19792,"train"
19793,"test"
19794,"validation"
19795,"test"
19796,"train"
19797,"train"
19798,"train"
19799,"train"
19800,"test"
19801,"test"
19802,"test"
19803,"train"
19804,"train"
19805,"train"
19806,"train"
19807,"validation"
19808,"train"
19809,"validation"
19810,"train"
19811,"train"
19812,"train"
19813,"train"
19814,"train"
19815,"train"
19816,"test"
19817,"train"
19818,"validation"
19819,"train"
19820,"test"
19821,"train"
19822,"train"
19823,"train"
19824,"train"
19825,"train"
19826,"train"
19827,"test"
19828,"train"
19829,"validation"
19830,"train"
19831,"train"
19832,"train"
19833,"validation"
19834,"train"
19835,"train"
19836,"test"
19837,"train"
19838,"train"
19839,"train"
19840,"train"
19841,"train"
19842,"train"
19843,"train"
19844,"train"
19845,"train"
19846,"test"
19847,"train"
19848,"validation"
19849,"train"
19850,"train"
19851,"train"
19852,"validation"
19853,"train"
19854,"train"
19855,"train"
19856,"train"
19857,"train"
19858,"train"
19859,"validation"
19860,"train"
19861,"train"
19862,"test"
19863,"test"
19864,"validation"
19865,"validation"
19866,"train"
19867,"train"
19868,"train"
19869,"validation"
19870,"train"
19871,"train"
19872,"train"
19873,"train"
19874,"train"
19875,"validation"
19876,"test"
19877,"train"
19878,"train"
19879,"train"
19880,"train"
19881,"train"
19882,"train"
19883,"train"
19884,"train"
19885,"validation"
19886,"train"
19887,"train"
19888,"train"
19889,"test"
19890,"test"
19891,"train"
19892,"train"
19893,"train"
19894,"train"
19895,"train"
19896,"test"
19897,"train"
19898,"validation"
19899,"train"
19900,"validation"
19901,"validation"
19902,"train"
19903,"train"
19904,"train"
19905,"test"
19906,"validation"
19907,"train"
19908,"train"
19909,"train"
19910,"train"
19911,"train"
19912,"train"
19913,"validation"
19914,"train"
19915,"train"
19916,"test"
19917,"train"
19918,"validation"
19919,"validation"
19920,"test"
19921,"validation"
19922,"validation"
19923,"validation"
19924,"train"
19925,"train"
19926,"test"
19927,"train"
19928,"validation"
19929,"validation"
19930,"train"
19931,"validation"
19932,"train"
19933,"train"
19934,"train"
19935,"train"
19936,"train"
19937,"train"
19938,"train"
19939,"validation"
19940,"train"
19941,"validation"
19942,"validation"
19943,"train"
19944,"test"
19945,"train"
19946,"train"
19947,"train"
19948,"validation"
19949,"train"
19950,"train"
19951,"train"
19952,"test"
19953,"validation"
19954,"validation"
19955,"test"
19956,"train"
19957,"validation"
19958,"train"
19959,"test"
19960,"validation"
19961,"train"
19962,"train"
19963,"test"
19964,"train"
19965,"test"
19966,"train"
19967,"train"
19968,"train"
19969,"train"
19970,"train"
19971,"train"
19972,"validation"
19973,"test"
19974,"train"
19975,"train"
19976,"validation"
19977,"train"
19978,"train"
19979,"train"
19980,"train"
19981,"test"
19982,"train"
19983,"validation"
19984,"validation"
19985,"train"
19986,"train"
19987,"test"
19988,"test"
19989,"train"
19990,"validation"
19991,"train"
19992,"validation"
19993,"test"
19994,"train"
19995,"validation"
19996,"test"
19997,"train"
19998,"test"
19999,"train"
20000,"validation"
20001,"train"
20002,"train"
20003,"train"
20004,"train"
20005,"validation"
20006,"validation"
20007,"test"
20008,"test"
20009,"validation"
20010,"validation"
20011,"train"
20012,"test"
20013,"validation"
20014,"test"
20015,"test"
20016,"test"
20017,"train"
20018,"train"
20019,"train"
20020,"test"
20021,"train"
20022,"train"
20023,"train"
20024,"train"
20025,"test"
20026,"train"
20027,"train"
20028,"validation"
20029,"validation"
20030,"train"
20031,"train"
20032,"train"
20033,"train"
20034,"train"
20035,"train"
20036,"validation"
20037,"train"
20038,"train"
20039,"train"
20040,"train"
20041,"train"
20042,"test"
20043,"test"
20044,"train"
20045,"train"
20046,"validation"
20047,"validation"
20048,"train"
20049,"test"
20050,"train"
20051,"validation"
20052,"train"
20053,"train"
20054,"test"
20055,"validation"
20056,"test"
20057,"train"
20058,"test"
20059,"train"
20060,"train"
20061,"train"
20062,"validation"
20063,"train"
20064,"train"
20065,"validation"
20066,"train"
20067,"train"
20068,"train"
20069,"train"
20070,"train"
20071,"test"
20072,"train"
20073,"train"
20074,"train"
20075,"test"
20076,"validation"
20077,"test"
20078,"train"
20079,"validation"
20080,"train"
20081,"test"
20082,"train"
20083,"train"
20084,"train"
20085,"train"
20086,"test"
20087,"train"
20088,"train"
20089,"train"
20090,"train"
20091,"train"
20092,"validation"
20093,"train"
20094,"train"
20095,"test"
20096,"train"
20097,"train"
20098,"train"
20099,"train"
20100,"train"
20101,"train"
20102,"train"
20103,"train"
20104,"train"
20105,"validation"
20106,"train"
20107,"train"
20108,"train"
20109,"train"
20110,"train"
20111,"train"
20112,"train"
20113,"train"
20114,"validation"
20115,"validation"
20116,"train"
20117,"train"
20118,"test"
20119,"train"
20120,"train"
20121,"train"
20122,"train"
20123,"train"
20124,"test"
20125,"test"
20126,"test"
20127,"train"
20128,"validation"
20129,"train"
20130,"train"
20131,"train"
20132,"validation"
20133,"train"
20134,"train"
20135,"validation"
20136,"train"
20137,"validation"
20138,"train"
20139,"train"
20140,"train"
20141,"train"
20142,"validation"
20143,"train"
20144,"train"
20145,"train"
20146,"train"
20147,"train"
20148,"validation"
20149,"test"
20150,"test"
20151,"train"
20152,"train"
20153,"train"
20154,"train"
20155,"train"
20156,"train"
20157,"validation"
20158,"validation"
20159,"train"
20160,"train"
20161,"train"
20162,"train"
20163,"test"
20164,"train"
20165,"train"
20166,"train"
20167,"train"
20168,"train"
20169,"train"
20170,"train"
20171,"train"
20172,"train"
20173,"train"
20174,"train"
20175,"validation"
20176,"test"
20177,"train"
20178,"validation"
20179,"train"
20180,"train"
20181,"train"
20182,"train"
20183,"train"
20184,"train"
20185,"test"
20186,"train"
20187,"train"
20188,"validation"
20189,"train"
20190,"train"
20191,"train"
20192,"train"
20193,"train"
20194,"train"
20195,"validation"
20196,"train"
20197,"train"
20198,"test"
20199,"validation"
20200,"test"
20201,"train"
20202,"validation"
20203,"train"
20204,"train"
20205,"train"
20206,"train"
20207,"validation"
20208,"validation"
20209,"train"
20210,"train"
20211,"test"
20212,"train"
20213,"train"
20214,"validation"
20215,"test"
20216,"validation"
20217,"train"
20218,"validation"
20219,"train"
20220,"train"
20221,"test"
20222,"train"
20223,"train"
20224,"train"
20225,"test"
20226,"test"
20227,"train"
20228,"train"
20229,"train"
20230,"train"
20231,"train"
20232,"validation"
20233,"train"
20234,"test"
20235,"train"
20236,"validation"
20237,"train"
20238,"train"
20239,"train"
20240,"train"
20241,"train"
20242,"test"
20243,"validation"
20244,"test"
20245,"train"
20246,"test"
20247,"train"
20248,"test"
20249,"validation"
20250,"validation"
20251,"validation"
20252,"train"
20253,"test"
20254,"train"
20255,"train"
20256,"validation"
20257,"test"
20258,"train"
20259,"validation"
20260,"train"
20261,"train"
20262,"train"
20263,"train"
20264,"train"
20265,"train"
20266,"train"
20267,"train"
20268,"train"
20269,"test"
20270,"validation"
20271,"validation"
20272,"validation"
20273,"validation"
20274,"validation"
20275,"train"
20276,"train"
20277,"train"
20278,"validation"
20279,"train"
20280,"test"
20281,"train"
20282,"test"
20283,"test"
20284,"train"
20285,"train"
20286,"validation"
20287,"test"
20288,"train"
20289,"train"
20290,"train"
20291,"validation"
20292,"train"
20293,"train"
20294,"train"
20295,"validation"
20296,"validation"
20297,"train"
20298,"train"
20299,"train"
20300,"validation"
20301,"test"
20302,"test"
20303,"validation"
20304,"train"
20305,"train"
20306,"train"
20307,"train"
20308,"train"
20309,"train"
20310,"test"
20311,"train"
20312,"train"
20313,"test"
20314,"train"
20315,"validation"
20316,"test"
20317,"train"
20318,"train"
20319,"test"
20320,"train"
20321,"test"
20322,"train"
20323,"train"
20324,"train"
20325,"train"
20326,"test"
20327,"validation"
20328,"train"
20329,"test"
20330,"train"
20331,"train"
20332,"train"
20333,"train"
20334,"train"
20335,"train"
20336,"train"
20337,"validation"
20338,"train"
20339,"train"
20340,"train"
20341,"train"
20342,"train"
20343,"train"
20344,"train"
20345,"train"
20346,"validation"
20347,"test"
20348,"train"
20349,"train"
20350,"train"
20351,"train"
20352,"train"
20353,"train"
20354,"validation"
20355,"train"
20356,"train"
20357,"validation"
20358,"validation"
20359,"test"
20360,"test"
20361,"train"
20362,"train"
20363,"validation"
20364,"train"
20365,"test"
20366,"train"
20367,"train"
20368,"train"
20369,"train"
20370,"test"
20371,"train"
20372,"train"
20373,"validation"
20374,"train"
20375,"validation"
20376,"train"
20377,"test"
20378,"validation"
20379,"train"
20380,"train"
20381,"test"
20382,"train"
20383,"train"
20384,"train"
20385,"train"
20386,"train"
20387,"train"
20388,"test"
20389,"test"
20390,"train"
20391,"test"
20392,"train"
20393,"validation"
20394,"test"
20395,"train"
20396,"validation"
20397,"train"
20398,"test"
20399,"train"
20400,"test"
20401,"train"
20402,"test"
20403,"validation"
20404,"train"
20405,"train"
20406,"validation"
20407,"train"
20408,"train"
20409,"train"
20410,"test"
20411,"train"
20412,"train"
20413,"validation"
20414,"train"
20415,"train"
20416,"validation"
20417,"train"
20418,"validation"
20419,"train"
20420,"test"
20421,"train"
20422,"train"
20423,"train"
20424,"test"
20425,"train"
20426,"train"
20427,"validation"
20428,"train"
20429,"test"
20430,"train"
20431,"train"
20432,"validation"
20433,"test"
20434,"train"
20435,"validation"
20436,"train"
20437,"test"
20438,"train"
20439,"test"
20440,"test"
20441,"validation"
20442,"train"
20443,"test"
20444,"train"
20445,"test"
20446,"train"
20447,"train"
20448,"train"
20449,"train"
20450,"test"
20451,"train"
20452,"train"
20453,"validation"
20454,"test"
20455,"validation"
20456,"train"
20457,"test"
20458,"train"
20459,"train"
20460,"train"
20461,"train"
20462,"train"
20463,"train"
20464,"train"
20465,"train"
20466,"train"
20467,"train"
20468,"test"
20469,"train"
20470,"validation"
20471,"train"
20472,"train"
20473,"train"
20474,"test"
20475,"train"
20476,"validation"
20477,"train"
20478,"train"
20479,"test"
20480,"validation"
20481,"test"
20482,"test"
20483,"train"
20484,"train"
20485,"train"
20486,"train"
20487,"validation"
20488,"train"
20489,"train"
20490,"train"
20491,"train"
20492,"validation"
20493,"test"
20494,"test"
20495,"train"
20496,"validation"
20497,"validation"
20498,"train"
20499,"train"
20500,"validation"
20501,"validation"
20502,"test"
20503,"validation"
20504,"train"
20505,"train"
20506,"test"
20507,"validation"
20508,"train"
20509,"validation"
20510,"test"
20511,"validation"
20512,"validation"
20513,"validation"
20514,"train"
20515,"train"
20516,"train"
20517,"train"
20518,"test"
20519,"train"
20520,"validation"
20521,"train"
20522,"train"
20523,"train"
20524,"validation"
20525,"train"
20526,"train"
20527,"train"
20528,"train"
20529,"test"
20530,"train"
20531,"test"
20532,"test"
20533,"train"
20534,"train"
20535,"train"
20536,"validation"
20537,"train"
20538,"train"
20539,"test"
20540,"train"
20541,"validation"
20542,"train"
20543,"validation"
20544,"validation"
20545,"train"
20546,"train"
20547,"test"
20548,"test"
20549,"test"
20550,"train"
20551,"validation"
20552,"test"
20553,"train"
20554,"train"
20555,"validation"
20556,"train"
20557,"test"
20558,"validation"
20559,"train"
20560,"train"
20561,"train"
20562,"train"
20563,"train"
20564,"validation"
20565,"train"
20566,"train"
20567,"train"
20568,"validation"
20569,"test"
20570,"test"
20571,"train"
20572,"train"
20573,"validation"
20574,"train"
20575,"train"
20576,"train"
20577,"validation"
20578,"validation"
20579,"train"
20580,"train"
20581,"test"
20582,"train"
20583,"test"
20584,"test"
20585,"train"
20586,"train"
20587,"train"
20588,"train"
20589,"validation"
20590,"validation"
20591,"train"
20592,"train"
20593,"train"
20594,"train"
20595,"test"
20596,"test"
20597,"validation"
20598,"validation"
20599,"train"
20600,"test"
20601,"train"
20602,"test"
20603,"train"
20604,"train"
20605,"train"
20606,"train"
20607,"train"
20608,"train"
20609,"test"
20610,"train"
20611,"train"
20612,"train"
20613,"train"
20614,"validation"
20615,"test"
20616,"train"
20617,"train"
20618,"test"
20619,"validation"
20620,"test"
20621,"train"
20622,"train"
20623,"train"
20624,"validation"
20625,"validation"
20626,"train"
20627,"train"
20628,"train"
20629,"train"
20630,"train"
20631,"train"
20632,"train"
20633,"validation"
20634,"test"
20635,"validation"
20636,"train"
20637,"train"
20638,"train"
20639,"validation"
20640,"train"
20641,"train"
20642,"train"
20643,"validation"
20644,"train"
20645,"train"
20646,"train"
20647,"validation"
20648,"train"
20649,"train"
20650,"train"
20651,"test"
20652,"validation"
20653,"train"
20654,"train"
20655,"validation"
20656,"train"
20657,"train"
20658,"train"
20659,"train"
20660,"test"
20661,"train"
20662,"train"
20663,"test"
20664,"train"
20665,"train"
20666,"train"
20667,"train"
20668,"train"
20669,"test"
20670,"test"
20671,"train"
20672,"test"
20673,"validation"
20674,"train"
20675,"train"
20676,"train"
20677,"train"
20678,"train"
20679,"train"
20680,"validation"
20681,"train"
20682,"train"
20683,"train"
20684,"validation"
20685,"test"
20686,"test"
20687,"train"
20688,"test"
20689,"train"
20690,"train"
20691,"validation"
20692,"train"
20693,"train"
20694,"test"
20695,"train"
20696,"train"
20697,"train"
20698,"train"
20699,"train"
20700,"train"
20701,"test"
20702,"train"
20703,"train"
20704,"validation"
20705,"train"
20706,"train"
20707,"train"
20708,"test"
20709,"test"
20710,"validation"
20711,"train"
20712,"train"
20713,"train"
20714,"validation"
20715,"test"
20716,"train"
20717,"train"
20718,"validation"
20719,"train"
20720,"validation"
20721,"train"
20722,"train"
20723,"test"
20724,"validation"
20725,"train"
20726,"train"
20727,"train"
20728,"train"
20729,"train"
20730,"validation"
20731,"test"
20732,"train"
20733,"validation"
20734,"train"
20735,"validation"
20736,"train"
20737,"train"
20738,"train"
20739,"validation"
20740,"train"
20741,"validation"
20742,"test"
20743,"train"
20744,"validation"
20745,"train"
20746,"train"
20747,"train"
20748,"train"
20749,"test"
20750,"train"
20751,"train"
20752,"validation"
20753,"test"
20754,"validation"
20755,"test"
20756,"train"
20757,"train"
20758,"validation"
20759,"test"
20760,"test"
20761,"validation"
20762,"validation"
20763,"test"
20764,"train"
20765,"train"
20766,"train"
20767,"train"
20768,"test"
20769,"train"
20770,"train"
20771,"train"
20772,"train"
20773,"train"
20774,"train"
20775,"train"
20776,"validation"
20777,"test"
20778,"validation"
20779,"test"
20780,"train"
20781,"validation"
20782,"validation"
20783,"validation"
20784,"train"
20785,"train"
20786,"validation"
20787,"train"
20788,"train"
20789,"validation"
20790,"train"
20791,"train"
20792,"train"
20793,"test"
20794,"train"
20795,"train"
20796,"train"
20797,"train"
20798,"train"
20799,"train"
20800,"validation"
20801,"train"
20802,"train"
20803,"train"
20804,"train"
20805,"train"
20806,"train"
20807,"train"
20808,"train"
20809,"train"
20810,"test"
20811,"train"
20812,"train"
20813,"train"
20814,"train"
20815,"train"
20816,"test"
20817,"train"
20818,"train"
20819,"test"
20820,"test"
20821,"test"
20822,"validation"
20823,"train"
20824,"train"
20825,"train"
20826,"test"
20827,"train"
20828,"validation"
20829,"train"
20830,"train"
20831,"train"
20832,"train"
20833,"train"
20834,"test"
20835,"train"
20836,"train"
20837,"train"
20838,"train"
20839,"train"
20840,"train"
20841,"train"
20842,"train"
20843,"train"
20844,"train"
20845,"train"
20846,"train"
20847,"train"
20848,"train"
20849,"validation"
20850,"train"
20851,"validation"
20852,"test"
20853,"train"
20854,"train"
20855,"train"
20856,"test"
20857,"train"
20858,"train"
20859,"train"
20860,"validation"
20861,"train"
20862,"train"
20863,"train"
20864,"test"
20865,"train"
20866,"train"
20867,"validation"
20868,"validation"
20869,"validation"
20870,"train"
20871,"test"
20872,"train"
20873,"test"
20874,"train"
20875,"train"
20876,"test"
20877,"validation"
20878,"validation"
20879,"test"
20880,"test"
20881,"train"
20882,"validation"
20883,"train"
20884,"train"
20885,"train"
20886,"train"
20887,"train"
20888,"train"
20889,"validation"
20890,"test"
20891,"train"
20892,"validation"
20893,"validation"
20894,"train"
20895,"train"
20896,"test"
20897,"validation"
20898,"train"
20899,"test"
20900,"validation"
20901,"test"
20902,"train"
20903,"train"
20904,"validation"
20905,"train"
20906,"test"
20907,"train"
20908,"validation"
20909,"train"
20910,"test"
20911,"test"
20912,"validation"
20913,"validation"
20914,"train"
20915,"test"
20916,"train"
20917,"train"
20918,"test"
20919,"test"
20920,"test"
20921,"train"
20922,"test"
20923,"train"
20924,"validation"
20925,"validation"
20926,"train"
20927,"train"
20928,"train"
20929,"validation"
20930,"train"
20931,"train"
20932,"test"
20933,"train"
20934,"train"
20935,"test"
20936,"validation"
20937,"validation"
20938,"validation"
20939,"validation"
20940,"validation"
20941,"validation"
20942,"validation"
20943,"train"
20944,"train"
20945,"train"
20946,"train"
20947,"test"
20948,"train"
20949,"test"
20950,"train"
20951,"train"
20952,"validation"
20953,"train"
20954,"test"
20955,"validation"
20956,"train"
20957,"train"
20958,"train"
20959,"validation"
20960,"validation"
20961,"validation"
20962,"test"
20963,"test"
20964,"test"
20965,"train"
20966,"validation"
20967,"train"
20968,"train"
20969,"test"
20970,"train"
20971,"train"
20972,"train"
20973,"train"
20974,"test"
20975,"train"
20976,"validation"
20977,"train"
20978,"train"
20979,"train"
20980,"train"
20981,"train"
20982,"validation"
20983,"validation"
20984,"train"
20985,"validation"
20986,"train"
20987,"train"
20988,"train"
20989,"validation"
20990,"train"
20991,"test"
20992,"validation"
20993,"train"
20994,"train"
20995,"train"
20996,"validation"
20997,"validation"
20998,"train"
20999,"validation"
21000,"train"
21001,"validation"
21002,"train"
21003,"train"
21004,"train"
21005,"train"
21006,"train"
21007,"train"
21008,"train"
21009,"train"
21010,"train"
21011,"train"
21012,"train"
21013,"train"
21014,"validation"
21015,"train"
21016,"train"
21017,"train"
21018,"train"
21019,"test"
21020,"train"
21021,"train"
21022,"test"
21023,"train"
21024,"train"
21025,"train"
21026,"validation"
21027,"train"
21028,"train"
21029,"train"
21030,"test"
21031,"validation"
21032,"train"
21033,"train"
21034,"train"
21035,"train"
21036,"test"
21037,"train"
21038,"validation"
21039,"validation"
21040,"train"
21041,"test"
21042,"train"
21043,"train"
21044,"validation"
21045,"train"
21046,"train"
21047,"test"
21048,"test"
21049,"validation"
21050,"train"
21051,"train"
21052,"train"
21053,"test"
21054,"train"
21055,"train"
21056,"train"
21057,"train"
21058,"train"
21059,"train"
21060,"test"
21061,"train"
21062,"validation"
21063,"train"
21064,"test"
21065,"train"
21066,"validation"
21067,"train"
21068,"validation"
21069,"train"
21070,"train"
21071,"test"
21072,"train"
21073,"train"
21074,"train"
21075,"validation"
21076,"validation"
21077,"train"
21078,"train"
21079,"train"
21080,"train"
21081,"train"
21082,"test"
21083,"test"
21084,"validation"
21085,"train"
21086,"test"
21087,"train"
21088,"train"
21089,"test"
21090,"train"
21091,"train"
21092,"train"
21093,"train"
21094,"validation"
21095,"validation"
21096,"train"
21097,"test"
21098,"test"
21099,"train"
21100,"train"
21101,"train"
21102,"train"
21103,"test"
21104,"train"
21105,"train"
21106,"train"
21107,"validation"
21108,"validation"
21109,"train"
21110,"train"
21111,"train"
21112,"train"
21113,"train"
21114,"train"
21115,"test"
21116,"train"
21117,"validation"
21118,"validation"
21119,"train"
21120,"train"
21121,"train"
21122,"train"
21123,"validation"
21124,"train"
21125,"train"
21126,"train"
21127,"validation"
21128,"test"
21129,"train"
21130,"train"
21131,"train"
21132,"train"
21133,"test"
21134,"validation"
21135,"validation"
21136,"test"
21137,"test"
21138,"test"
21139,"train"
21140,"train"
21141,"train"
21142,"train"
21143,"train"
21144,"train"
21145,"train"
21146,"train"
21147,"validation"
21148,"validation"
21149,"train"
21150,"test"
21151,"validation"
21152,"validation"
21153,"train"
21154,"test"
21155,"test"
21156,"train"
21157,"validation"
21158,"train"
21159,"train"
21160,"train"
21161,"train"
21162,"train"
21163,"train"
21164,"validation"
21165,"validation"
21166,"train"
21167,"test"
21168,"train"
21169,"train"
21170,"validation"
21171,"test"
21172,"test"
21173,"train"
21174,"train"
21175,"validation"
21176,"train"
21177,"train"
21178,"train"
21179,"train"
21180,"train"
21181,"train"
21182,"validation"
21183,"train"
21184,"train"
21185,"train"
21186,"validation"
21187,"train"
21188,"train"
21189,"test"
21190,"test"
21191,"validation"
21192,"validation"
21193,"test"
21194,"train"
21195,"train"
21196,"test"
21197,"validation"
21198,"train"
21199,"validation"
21200,"train"
21201,"validation"
21202,"train"
21203,"validation"
21204,"train"
21205,"train"
21206,"train"
21207,"validation"
21208,"train"
21209,"validation"
21210,"train"
21211,"train"
21212,"train"
21213,"validation"
21214,"train"
21215,"validation"
21216,"validation"
21217,"train"
21218,"train"
21219,"test"
21220,"train"
21221,"train"
21222,"train"
21223,"train"
21224,"train"
21225,"train"
21226,"validation"
21227,"validation"
21228,"validation"
21229,"validation"
21230,"train"
21231,"validation"
21232,"validation"
21233,"test"
21234,"train"
21235,"train"
21236,"test"
21237,"train"
21238,"test"
21239,"test"
21240,"train"
21241,"train"
21242,"validation"
21243,"train"
21244,"train"
21245,"train"
21246,"train"
21247,"train"
21248,"train"
21249,"validation"
21250,"test"
21251,"train"
21252,"train"
21253,"train"
21254,"validation"
21255,"train"
21256,"train"
21257,"train"
21258,"train"
21259,"test"
21260,"train"
21261,"test"
21262,"test"
21263,"train"
21264,"test"
21265,"train"
21266,"validation"
21267,"test"
21268,"validation"
21269,"train"
21270,"test"
21271,"train"
21272,"test"
21273,"test"
21274,"train"
21275,"train"
21276,"validation"
21277,"test"
21278,"test"
21279,"test"
21280,"train"
21281,"validation"
21282,"test"
21283,"validation"
21284,"test"
21285,"train"
21286,"train"
21287,"validation"
21288,"train"
21289,"train"
21290,"train"
21291,"train"
21292,"train"
21293,"train"
21294,"train"
21295,"train"
21296,"train"
21297,"test"
21298,"validation"
21299,"train"
21300,"train"
21301,"validation"
21302,"train"
21303,"validation"
21304,"train"
21305,"test"
21306,"train"
21307,"train"
21308,"test"
21309,"train"
21310,"validation"
21311,"train"
21312,"test"
21313,"validation"
21314,"validation"
21315,"train"
21316,"train"
21317,"test"
21318,"validation"
21319,"train"
21320,"train"
21321,"train"
21322,"validation"
21323,"train"
21324,"train"
21325,"train"
21326,"train"
21327,"test"
21328,"train"
21329,"validation"
21330,"train"
21331,"train"
21332,"train"
21333,"test"
21334,"train"
21335,"train"
21336,"train"
21337,"train"
21338,"validation"
21339,"test"
21340,"train"
21341,"train"
21342,"test"
21343,"validation"
21344,"train"
21345,"test"
21346,"validation"
21347,"test"
21348,"train"
21349,"train"
21350,"test"
21351,"test"
21352,"train"
21353,"validation"
21354,"train"
21355,"train"
21356,"train"
21357,"train"
21358,"train"
21359,"train"
21360,"train"
21361,"test"
21362,"test"
21363,"validation"
21364,"train"
21365,"validation"
21366,"train"
21367,"train"
21368,"test"
21369,"test"
21370,"train"
21371,"train"
21372,"train"
21373,"train"
21374,"train"
21375,"train"
21376,"test"
21377,"train"
21378,"train"
21379,"train"
21380,"train"
21381,"test"
21382,"train"
21383,"train"
21384,"validation"
21385,"test"
21386,"test"
21387,"validation"
21388,"train"
21389,"train"
21390,"train"
21391,"validation"
21392,"train"
21393,"test"
21394,"test"
21395,"validation"
21396,"train"
21397,"test"
21398,"train"
21399,"train"
21400,"validation"
21401,"test"
21402,"train"
21403,"validation"
21404,"train"
21405,"train"
21406,"test"
21407,"train"
21408,"train"
21409,"validation"
21410,"train"
21411,"validation"
21412,"train"
21413,"train"
21414,"train"
21415,"validation"
21416,"test"
21417,"train"
21418,"train"
21419,"validation"
21420,"train"
21421,"train"
21422,"train"
21423,"train"
21424,"train"
21425,"validation"
21426,"train"
21427,"train"
21428,"train"
21429,"train"
21430,"train"
21431,"train"
21432,"train"
21433,"validation"
21434,"train"
21435,"validation"
21436,"train"
21437,"train"
21438,"train"
21439,"train"
21440,"train"
21441,"train"
21442,"train"
21443,"train"
21444,"train"
21445,"train"
21446,"test"
21447,"train"
21448,"test"
21449,"train"
21450,"train"
21451,"train"
21452,"train"
21453,"train"
21454,"train"
21455,"train"
21456,"validation"
21457,"validation"
21458,"train"
21459,"test"
21460,"test"
21461,"train"
21462,"train"
21463,"train"
21464,"train"
21465,"validation"
21466,"validation"
21467,"test"
21468,"test"
21469,"train"
21470,"train"
21471,"validation"
21472,"train"
21473,"train"
21474,"train"
21475,"test"
21476,"train"
21477,"train"
21478,"train"
21479,"test"
21480,"train"
21481,"test"
21482,"validation"
21483,"train"
21484,"validation"
21485,"train"
21486,"test"
21487,"test"
21488,"validation"
21489,"test"
21490,"test"
21491,"train"
21492,"train"
21493,"train"
21494,"train"
21495,"test"
21496,"test"
21497,"train"
21498,"validation"
21499,"train"
21500,"train"
21501,"train"
21502,"train"
21503,"test"
21504,"validation"
21505,"train"
21506,"test"
21507,"train"
21508,"train"
21509,"train"
21510,"train"
21511,"test"
21512,"train"
21513,"test"
21514,"validation"
21515,"train"
21516,"validation"
21517,"test"
21518,"validation"
21519,"train"
21520,"validation"
21521,"train"
21522,"train"
21523,"train"
21524,"validation"
21525,"train"
21526,"train"
21527,"train"
21528,"train"
21529,"train"
21530,"test"
21531,"test"
21532,"train"
21533,"train"
21534,"validation"
21535,"train"
21536,"train"
21537,"train"
21538,"validation"
21539,"train"
21540,"train"
21541,"train"
21542,"train"
21543,"train"
21544,"test"
21545,"train"
21546,"test"
21547,"train"
21548,"train"
21549,"train"
21550,"validation"
21551,"train"
21552,"train"
21553,"train"
21554,"train"
21555,"train"
21556,"train"
21557,"validation"
21558,"test"
21559,"train"
21560,"train"
21561,"test"
21562,"validation"
21563,"train"
21564,"test"
21565,"validation"
21566,"validation"
21567,"validation"
21568,"validation"
21569,"test"
21570,"train"
21571,"train"
21572,"validation"
21573,"validation"
21574,"train"
21575,"test"
21576,"validation"
21577,"test"
21578,"train"
21579,"train"
21580,"test"
21581,"train"
21582,"test"
21583,"train"
21584,"test"
21585,"train"
21586,"train"
21587,"validation"
21588,"train"
21589,"test"
21590,"train"
21591,"train"
21592,"validation"
21593,"train"
21594,"train"
21595,"train"
21596,"train"
21597,"train"
21598,"train"
21599,"test"
21600,"validation"
21601,"train"
21602,"test"
21603,"test"
21604,"train"
21605,"train"
21606,"train"
21607,"train"
21608,"train"
21609,"test"
21610,"test"
21611,"train"
21612,"test"
21613,"train"
21614,"train"
21615,"train"
21616,"validation"
21617,"train"
21618,"test"
21619,"test"
21620,"train"
21621,"validation"
21622,"validation"
21623,"train"
21624,"validation"
21625,"train"
21626,"train"
21627,"validation"
21628,"train"
21629,"train"
21630,"train"
21631,"train"
21632,"validation"
21633,"validation"
21634,"train"
21635,"train"
21636,"validation"
21637,"train"
21638,"train"
21639,"train"
21640,"train"
21641,"train"
21642,"validation"
21643,"train"
21644,"test"
21645,"train"
21646,"validation"
21647,"train"
21648,"train"
21649,"test"
21650,"test"
21651,"test"
21652,"train"
21653,"train"
21654,"test"
21655,"train"
21656,"train"
21657,"train"
21658,"test"
21659,"test"
21660,"train"
21661,"train"
21662,"test"
21663,"train"
21664,"train"
21665,"train"
21666,"test"
21667,"validation"
21668,"train"
21669,"train"
21670,"train"
21671,"train"
21672,"train"
21673,"train"
21674,"test"
21675,"test"
21676,"train"
21677,"train"
21678,"train"
21679,"train"
21680,"test"
21681,"test"
21682,"train"
21683,"train"
21684,"train"
21685,"train"
21686,"test"
21687,"train"
21688,"validation"
21689,"train"
21690,"train"
21691,"train"
21692,"train"
21693,"validation"
21694,"train"
21695,"train"
21696,"train"
21697,"validation"
21698,"train"
21699,"test"
21700,"train"
21701,"train"
21702,"train"
21703,"test"
21704,"test"
21705,"train"
21706,"train"
21707,"train"
21708,"train"
21709,"test"
21710,"validation"
21711,"validation"
21712,"test"
21713,"train"
21714,"validation"
21715,"train"
21716,"validation"
21717,"train"
21718,"train"
21719,"train"
21720,"train"
21721,"train"
21722,"train"
21723,"test"
21724,"validation"
21725,"train"
21726,"train"
21727,"train"
21728,"train"
21729,"train"
21730,"test"
21731,"train"
21732,"test"
21733,"validation"
21734,"test"
21735,"test"
21736,"test"
21737,"train"
21738,"train"
21739,"train"
21740,"train"
21741,"test"
21742,"train"
21743,"validation"
21744,"test"
21745,"test"
21746,"train"
21747,"test"
21748,"train"
21749,"train"
21750,"validation"
21751,"train"
21752,"train"
21753,"train"
21754,"validation"
21755,"test"
21756,"train"
21757,"train"
21758,"validation"
21759,"validation"
21760,"validation"
21761,"validation"
21762,"validation"
21763,"train"
21764,"train"
21765,"validation"
21766,"train"
21767,"train"
21768,"train"
21769,"test"
21770,"validation"
21771,"train"
21772,"train"
21773,"test"
21774,"test"
21775,"train"
21776,"train"
21777,"test"
21778,"train"
21779,"train"
21780,"train"
21781,"test"
21782,"test"
21783,"validation"
21784,"test"
21785,"validation"
21786,"train"
21787,"train"
21788,"train"
21789,"train"
21790,"validation"
21791,"train"
21792,"train"
21793,"test"
21794,"test"
21795,"validation"
21796,"validation"
21797,"validation"
21798,"test"
21799,"train"
21800,"validation"
21801,"train"
21802,"test"
21803,"validation"
21804,"validation"
21805,"validation"
21806,"test"
21807,"train"
21808,"test"
21809,"train"
21810,"train"
21811,"train"
21812,"test"
21813,"train"
21814,"train"
21815,"validation"
21816,"validation"
21817,"train"
21818,"train"
21819,"train"
21820,"validation"
21821,"train"
21822,"train"
21823,"train"
21824,"train"
21825,"validation"
21826,"train"
21827,"train"
21828,"train"
21829,"train"
21830,"test"
21831,"train"
21832,"train"
21833,"train"
21834,"validation"
21835,"train"
21836,"train"
21837,"validation"
21838,"train"
21839,"train"
21840,"train"
21841,"train"
21842,"train"
21843,"test"
21844,"validation"
21845,"train"
21846,"test"
21847,"validation"
21848,"train"
21849,"validation"
21850,"train"
21851,"train"
21852,"train"
21853,"train"
21854,"train"
21855,"validation"
21856,"validation"
21857,"validation"
21858,"train"
21859,"train"
21860,"train"
21861,"train"
21862,"train"
21863,"train"
21864,"validation"
21865,"validation"
21866,"test"
21867,"train"
21868,"train"
21869,"test"
21870,"train"
21871,"test"
21872,"validation"
21873,"test"
21874,"test"
21875,"train"
21876,"train"
21877,"train"
21878,"train"
21879,"validation"
21880,"train"
21881,"train"
21882,"test"
21883,"validation"
21884,"test"
21885,"validation"
21886,"test"
21887,"validation"
21888,"test"
21889,"train"
21890,"train"
21891,"train"
21892,"train"
21893,"validation"
21894,"test"
21895,"validation"
21896,"train"
21897,"train"
21898,"validation"
21899,"train"
21900,"train"
21901,"validation"
21902,"train"
21903,"test"
21904,"train"
21905,"train"
21906,"train"
21907,"train"
21908,"test"
21909,"train"
21910,"validation"
21911,"train"
21912,"train"
21913,"test"
21914,"train"
21915,"train"
21916,"test"
21917,"train"
21918,"test"
21919,"test"
21920,"train"
21921,"test"
21922,"test"
21923,"validation"
21924,"test"
21925,"train"
21926,"train"
21927,"validation"
21928,"train"
21929,"train"
21930,"validation"
21931,"train"
21932,"validation"
21933,"validation"
21934,"validation"
21935,"train"
21936,"train"
21937,"validation"
21938,"test"
21939,"train"
21940,"train"
21941,"train"
21942,"train"
21943,"train"
21944,"validation"
21945,"train"
21946,"train"
21947,"train"
21948,"train"
21949,"test"
21950,"train"
21951,"validation"
21952,"test"
21953,"train"
21954,"train"
21955,"test"
21956,"train"
21957,"train"
21958,"test"
21959,"train"
21960,"train"
21961,"validation"
21962,"train"
21963,"train"
21964,"train"
21965,"train"
21966,"train"
21967,"validation"
21968,"train"
21969,"test"
21970,"train"
21971,"train"
21972,"train"
21973,"test"
21974,"validation"
21975,"train"
21976,"train"
21977,"train"
21978,"train"
21979,"train"
21980,"validation"
21981,"test"
21982,"train"
21983,"test"
21984,"test"
21985,"train"
21986,"train"
21987,"train"
21988,"train"
21989,"validation"
21990,"train"
21991,"test"
21992,"train"
21993,"test"
21994,"train"
21995,"train"
21996,"train"
21997,"train"
21998,"train"
21999,"test"
22000,"train"
22001,"train"
22002,"train"
22003,"train"
22004,"train"
22005,"train"
22006,"validation"
22007,"test"
22008,"validation"
22009,"train"
22010,"validation"
22011,"train"
22012,"test"
22013,"train"
22014,"train"
22015,"train"
22016,"validation"
22017,"validation"
22018,"train"
22019,"train"
22020,"train"
22021,"train"
22022,"validation"
22023,"test"
22024,"validation"
22025,"train"
22026,"validation"
22027,"test"
22028,"train"
22029,"validation"
22030,"train"
22031,"train"
22032,"train"
22033,"test"
22034,"test"
22035,"test"
22036,"train"
22037,"train"
22038,"test"
22039,"train"
22040,"validation"
22041,"train"
22042,"train"
22043,"train"
22044,"test"
22045,"train"
22046,"train"
22047,"train"
22048,"test"
22049,"validation"
22050,"validation"
22051,"train"
22052,"train"
22053,"train"
22054,"test"
22055,"train"
22056,"test"
22057,"train"
22058,"train"
22059,"train"
22060,"validation"
22061,"train"
22062,"train"
22063,"train"
22064,"validation"
22065,"train"
22066,"validation"
22067,"validation"
22068,"train"
22069,"train"
22070,"train"
22071,"validation"
22072,"train"
22073,"validation"
22074,"train"
22075,"train"
22076,"test"
22077,"train"
22078,"train"
22079,"train"
22080,"validation"
22081,"train"
22082,"validation"
22083,"train"
22084,"train"
22085,"train"
22086,"test"
22087,"train"
22088,"train"
22089,"validation"
22090,"train"
22091,"test"
22092,"train"
22093,"train"
22094,"test"
22095,"train"
22096,"validation"
22097,"train"
22098,"test"
22099,"train"
22100,"validation"
22101,"train"
22102,"train"
22103,"validation"
22104,"validation"
22105,"train"
22106,"train"
22107,"train"
22108,"validation"
22109,"train"
22110,"test"
22111,"train"
22112,"train"
22113,"test"
22114,"train"
22115,"train"
22116,"train"
22117,"test"
22118,"train"
22119,"train"
22120,"test"
22121,"train"
22122,"train"
22123,"train"
22124,"train"
22125,"train"
22126,"train"
22127,"validation"
22128,"train"
22129,"train"
22130,"train"
22131,"test"
22132,"test"
22133,"train"
22134,"train"
22135,"train"
22136,"train"
22137,"train"
22138,"train"
22139,"train"
22140,"train"
22141,"train"
22142,"validation"
22143,"validation"
22144,"train"
22145,"train"
22146,"train"
22147,"train"
22148,"train"
22149,"train"
22150,"train"
22151,"test"
22152,"train"
22153,"validation"
22154,"validation"
22155,"train"
22156,"train"
22157,"train"
22158,"train"
22159,"test"
22160,"train"
22161,"test"
22162,"train"
22163,"validation"
22164,"validation"
22165,"train"
22166,"train"
22167,"train"
22168,"validation"
22169,"train"
22170,"test"
22171,"test"
22172,"validation"
22173,"train"
22174,"test"
22175,"validation"
22176,"test"
22177,"train"
22178,"train"
22179,"train"
22180,"validation"
22181,"validation"
22182,"train"
22183,"validation"
22184,"test"
22185,"train"
22186,"train"
22187,"train"
22188,"train"
22189,"validation"
22190,"validation"
22191,"validation"
22192,"validation"
22193,"train"
22194,"test"
22195,"train"
22196,"train"
22197,"train"
22198,"validation"
22199,"test"
22200,"train"
22201,"train"
22202,"validation"
22203,"test"
22204,"train"
22205,"train"
22206,"train"
22207,"validation"
22208,"test"
22209,"train"
22210,"test"
22211,"train"
22212,"train"
22213,"validation"
22214,"validation"
22215,"train"
22216,"train"
22217,"validation"
22218,"train"
22219,"validation"
22220,"train"
22221,"test"
22222,"test"
22223,"train"
22224,"validation"
22225,"train"
22226,"train"
22227,"validation"
22228,"test"
22229,"test"
22230,"train"
22231,"test"
22232,"validation"
22233,"validation"
22234,"validation"
22235,"train"
22236,"train"
22237,"train"
22238,"train"
22239,"train"
22240,"train"
22241,"train"
22242,"test"
22243,"test"
22244,"validation"
22245,"train"
22246,"train"
22247,"validation"
22248,"train"
22249,"train"
22250,"test"
22251,"validation"
22252,"train"
22253,"train"
22254,"train"
22255,"validation"
22256,"validation"
22257,"train"
22258,"validation"
22259,"train"
22260,"train"
22261,"train"
22262,"train"
22263,"train"
22264,"validation"
22265,"train"
22266,"train"
22267,"train"
22268,"test"
22269,"validation"
22270,"train"
22271,"train"
22272,"validation"
22273,"test"
22274,"train"
22275,"test"
22276,"train"
22277,"train"
22278,"train"
22279,"train"
22280,"train"
22281,"train"
22282,"train"
22283,"test"
22284,"train"
22285,"train"
22286,"test"
22287,"train"
22288,"train"
22289,"test"
22290,"train"
22291,"train"
22292,"train"
22293,"train"
22294,"validation"
22295,"train"
22296,"train"
22297,"test"
22298,"validation"
22299,"test"
22300,"train"
22301,"train"
22302,"train"
22303,"train"
22304,"test"
22305,"train"
22306,"train"
22307,"train"
22308,"train"
22309,"train"
22310,"validation"
22311,"train"
22312,"train"
22313,"train"
22314,"train"
22315,"train"
22316,"train"
22317,"validation"
22318,"test"
22319,"train"
22320,"train"
22321,"train"
22322,"train"
22323,"train"
22324,"train"
22325,"train"
22326,"train"
22327,"validation"
22328,"train"
22329,"train"
22330,"validation"
22331,"train"
22332,"train"
22333,"test"
22334,"train"
22335,"validation"
22336,"train"
22337,"train"
22338,"validation"
22339,"test"
22340,"test"
22341,"test"
22342,"train"
22343,"train"
22344,"validation"
22345,"train"
22346,"train"
22347,"test"
22348,"train"
22349,"train"
22350,"train"
22351,"train"
22352,"test"
22353,"train"
22354,"train"
22355,"validation"
22356,"test"
22357,"validation"
22358,"train"
22359,"test"
22360,"validation"
22361,"test"
22362,"validation"
22363,"train"
22364,"test"
22365,"validation"
22366,"train"
22367,"test"
22368,"train"
22369,"test"
22370,"test"
22371,"test"
22372,"test"
22373,"train"
22374,"train"
22375,"validation"
22376,"train"
22377,"train"
22378,"validation"
22379,"train"
22380,"train"
22381,"test"
22382,"train"
22383,"train"
22384,"validation"
22385,"train"
22386,"validation"
22387,"test"
22388,"train"
22389,"train"
22390,"test"
22391,"train"
22392,"test"
22393,"train"
22394,"test"
22395,"test"
22396,"train"
22397,"train"
22398,"validation"
22399,"train"
22400,"train"
22401,"train"
22402,"test"
22403,"train"
22404,"validation"
22405,"train"
22406,"test"
22407,"train"
22408,"train"
22409,"test"
22410,"train"
22411,"test"
22412,"train"
22413,"train"
22414,"train"
22415,"train"
22416,"train"
22417,"validation"
22418,"train"
22419,"train"
22420,"validation"
22421,"train"
22422,"train"
22423,"validation"
22424,"train"
22425,"validation"
22426,"train"
22427,"validation"
22428,"train"
22429,"train"
22430,"train"
22431,"train"
22432,"test"
22433,"validation"
22434,"train"
22435,"validation"
22436,"validation"
22437,"test"
22438,"train"
22439,"train"
22440,"train"
22441,"validation"
22442,"validation"
22443,"validation"
22444,"train"
22445,"train"
22446,"train"
22447,"test"
22448,"validation"
22449,"test"
22450,"train"
22451,"train"
22452,"train"
22453,"validation"
22454,"test"
22455,"train"
22456,"test"
22457,"train"
22458,"train"
22459,"train"
22460,"test"
22461,"train"
22462,"validation"
22463,"train"
22464,"validation"
22465,"train"
22466,"train"
22467,"train"
22468,"train"
22469,"validation"
22470,"train"
22471,"test"
22472,"test"
22473,"validation"
22474,"validation"
22475,"train"
22476,"train"
22477,"test"
22478,"validation"
22479,"train"
22480,"test"
22481,"train"
22482,"train"
22483,"train"
22484,"train"
22485,"train"
22486,"train"
22487,"train"
22488,"train"
22489,"validation"
22490,"validation"
22491,"train"
22492,"train"
22493,"train"
22494,"train"
22495,"validation"
22496,"validation"
22497,"train"
22498,"test"
22499,"train"
22500,"train"
22501,"test"
22502,"test"
22503,"train"
22504,"train"
22505,"train"
22506,"train"
22507,"train"
22508,"train"
22509,"train"
22510,"test"
22511,"validation"
22512,"train"
22513,"validation"
22514,"train"
22515,"train"
22516,"test"
22517,"validation"
22518,"train"
22519,"test"
22520,"train"
22521,"test"
22522,"train"
22523,"train"
22524,"train"
22525,"train"
22526,"train"
22527,"validation"
22528,"train"
22529,"validation"
22530,"train"
22531,"train"
22532,"validation"
22533,"train"
22534,"test"
22535,"validation"
22536,"validation"
22537,"test"
22538,"train"
22539,"validation"
22540,"validation"
22541,"test"
22542,"train"
22543,"validation"
22544,"train"
22545,"train"
22546,"train"
22547,"train"
22548,"train"
22549,"validation"
22550,"test"
22551,"validation"
22552,"train"
22553,"train"
22554,"train"
22555,"test"
22556,"train"
22557,"train"
22558,"train"
22559,"train"
22560,"test"
22561,"train"
22562,"train"
22563,"test"
22564,"train"
22565,"train"
22566,"test"
22567,"train"
22568,"train"
22569,"train"
22570,"train"
22571,"validation"
22572,"train"
22573,"train"
22574,"train"
22575,"train"
22576,"validation"
22577,"train"
22578,"train"
22579,"train"
22580,"test"
22581,"test"
22582,"train"
22583,"train"
22584,"train"
22585,"validation"
22586,"train"
22587,"train"
22588,"train"
22589,"train"
22590,"train"
22591,"test"
22592,"train"
22593,"train"
22594,"train"
22595,"train"
22596,"validation"
22597,"validation"
22598,"train"
22599,"train"
22600,"train"
22601,"train"
22602,"test"
22603,"train"
22604,"train"
22605,"train"
22606,"test"
22607,"test"
22608,"train"
22609,"test"
22610,"validation"
22611,"train"
22612,"train"
22613,"train"
22614,"train"
22615,"train"
22616,"test"
22617,"test"
22618,"validation"
22619,"test"
22620,"train"
22621,"train"
22622,"test"
22623,"validation"
22624,"train"
22625,"train"
22626,"train"
22627,"test"
22628,"train"
22629,"train"
22630,"train"
22631,"train"
22632,"test"
22633,"train"
22634,"train"
22635,"train"
22636,"train"
22637,"train"
22638,"train"
22639,"train"
22640,"train"
22641,"test"
22642,"train"
22643,"validation"
22644,"test"
22645,"validation"
22646,"train"
22647,"validation"
22648,"test"
22649,"train"
22650,"train"
22651,"test"
22652,"validation"
22653,"train"
22654,"train"
22655,"train"
22656,"train"
22657,"train"
22658,"train"
22659,"train"
22660,"test"
22661,"train"
22662,"test"
22663,"train"
22664,"test"
22665,"train"
22666,"test"
22667,"test"
22668,"train"
22669,"train"
22670,"train"
22671,"validation"
22672,"train"
22673,"train"
22674,"train"
22675,"validation"
22676,"test"
22677,"train"
22678,"train"
22679,"test"
22680,"validation"
22681,"validation"
22682,"test"
22683,"validation"
22684,"validation"
22685,"validation"
22686,"validation"
22687,"validation"
22688,"validation"
22689,"train"
22690,"validation"
22691,"train"
22692,"train"
22693,"validation"
22694,"test"
22695,"validation"
22696,"train"
22697,"train"
22698,"train"
22699,"validation"
22700,"train"
22701,"train"
22702,"train"
22703,"train"
22704,"validation"
22705,"train"
22706,"train"
22707,"train"
22708,"train"
22709,"test"
22710,"test"
22711,"test"
22712,"train"
22713,"validation"
22714,"train"
22715,"train"
22716,"train"
22717,"test"
22718,"test"
22719,"train"
22720,"train"
22721,"train"
22722,"train"
22723,"test"
22724,"validation"
22725,"train"
22726,"validation"
22727,"validation"
22728,"train"
22729,"test"
22730,"validation"
22731,"train"
22732,"test"
22733,"validation"
22734,"validation"
22735,"validation"
22736,"validation"
22737,"test"
22738,"train"
22739,"train"
22740,"test"
22741,"train"
22742,"train"
22743,"test"
22744,"train"
22745,"validation"
22746,"train"
22747,"validation"
22748,"test"
22749,"test"
22750,"validation"
22751,"test"
22752,"train"
22753,"train"
22754,"train"
22755,"train"
22756,"train"
22757,"train"
22758,"train"
22759,"test"
22760,"test"
22761,"train"
22762,"test"
22763,"test"
22764,"validation"
22765,"train"
22766,"train"
22767,"train"
22768,"train"
22769,"test"
22770,"test"
22771,"train"
22772,"validation"
22773,"train"
22774,"train"
22775,"train"
22776,"train"
22777,"train"
22778,"train"
22779,"test"
22780,"train"
22781,"validation"
22782,"train"
22783,"validation"
22784,"test"
22785,"test"
22786,"train"
22787,"train"
22788,"train"
22789,"train"
22790,"train"
22791,"validation"
22792,"validation"
22793,"train"
22794,"train"
22795,"train"
22796,"validation"
22797,"train"
22798,"train"
22799,"train"
22800,"train"
22801,"validation"
22802,"train"
22803,"train"
22804,"train"
22805,"train"
22806,"train"
22807,"train"
22808,"train"
22809,"train"
22810,"train"
22811,"train"
22812,"validation"
22813,"test"
22814,"train"
22815,"test"
22816,"train"
22817,"train"
22818,"train"
22819,"validation"
22820,"train"
22821,"test"
22822,"test"
22823,"train"
22824,"train"
22825,"train"
22826,"train"
22827,"test"
22828,"train"
22829,"train"
22830,"train"
22831,"train"
22832,"train"
22833,"train"
22834,"train"
22835,"train"
22836,"validation"
22837,"validation"
22838,"test"
22839,"test"
22840,"test"
22841,"test"
22842,"train"
22843,"train"
22844,"train"
22845,"train"
22846,"train"
22847,"test"
22848,"validation"
22849,"train"
22850,"train"
22851,"train"
22852,"train"
22853,"train"
22854,"train"
22855,"test"
22856,"train"
22857,"train"
22858,"train"
22859,"test"
22860,"test"
22861,"train"
22862,"train"
22863,"test"
22864,"train"
22865,"test"
22866,"train"
22867,"test"
22868,"test"
22869,"validation"
22870,"train"
22871,"train"
22872,"train"
22873,"train"
22874,"train"
22875,"train"
22876,"validation"
22877,"train"
22878,"validation"
22879,"train"
22880,"validation"
22881,"validation"
22882,"test"
22883,"test"
22884,"validation"
22885,"train"
22886,"validation"
22887,"train"
22888,"train"
22889,"test"
22890,"validation"
22891,"test"
22892,"train"
22893,"test"
22894,"train"
22895,"train"
22896,"train"
22897,"test"
22898,"train"
22899,"train"
22900,"train"
22901,"train"
22902,"train"
22903,"validation"
22904,"train"
22905,"test"
22906,"test"
22907,"train"
22908,"train"
22909,"train"
22910,"train"
22911,"train"
22912,"test"
22913,"train"
22914,"train"
22915,"train"
22916,"validation"
22917,"train"
22918,"test"
22919,"train"
22920,"validation"
22921,"train"
22922,"test"
22923,"train"
22924,"train"
22925,"train"
22926,"validation"
22927,"validation"
22928,"train"
22929,"test"
22930,"train"
22931,"test"
22932,"test"
22933,"train"
22934,"train"
22935,"validation"
22936,"test"
22937,"test"
22938,"validation"
22939,"train"
22940,"test"
22941,"test"
22942,"validation"
22943,"train"
22944,"train"
22945,"test"
22946,"train"
22947,"train"
22948,"train"
22949,"train"
22950,"test"
22951,"train"
22952,"train"
22953,"train"
22954,"train"
22955,"train"
22956,"train"
22957,"train"
22958,"validation"
22959,"validation"
22960,"train"
22961,"validation"
22962,"train"
22963,"test"
22964,"train"
22965,"train"
22966,"test"
22967,"validation"
22968,"train"
22969,"train"
22970,"train"
22971,"validation"
22972,"test"
22973,"train"
22974,"validation"
22975,"train"
22976,"train"
22977,"test"
22978,"validation"
22979,"train"
22980,"test"
22981,"test"
22982,"train"
22983,"validation"
22984,"test"
22985,"train"
22986,"train"
22987,"train"
22988,"validation"
22989,"validation"
22990,"validation"
22991,"validation"
22992,"train"
22993,"test"
22994,"train"
22995,"test"
22996,"train"
22997,"train"
22998,"train"
22999,"train"
23000,"train"
23001,"test"
23002,"train"
23003,"train"
23004,"test"
23005,"train"
23006,"train"
23007,"train"
23008,"train"
23009,"train"
23010,"train"
23011,"train"
23012,"test"
23013,"train"
23014,"train"
23015,"test"
23016,"test"
23017,"train"
23018,"train"
23019,"validation"
23020,"train"
23021,"train"
23022,"train"
23023,"validation"
23024,"train"
23025,"train"
23026,"test"
23027,"train"
23028,"train"
23029,"test"
23030,"validation"
23031,"train"
23032,"train"
23033,"test"
23034,"train"
23035,"test"
23036,"train"
23037,"train"
23038,"validation"
23039,"train"
23040,"validation"
23041,"test"
23042,"validation"
23043,"test"
23044,"train"
23045,"train"
23046,"validation"
23047,"train"
23048,"train"
23049,"test"
23050,"train"
23051,"validation"
23052,"test"
23053,"train"
23054,"train"
23055,"validation"
23056,"train"
23057,"test"
23058,"train"
23059,"validation"
23060,"test"
23061,"validation"
23062,"test"
23063,"train"
23064,"validation"
23065,"validation"
23066,"test"
23067,"train"
23068,"train"
23069,"train"
23070,"train"
23071,"train"
23072,"train"
23073,"test"
23074,"train"
23075,"train"
23076,"train"
23077,"test"
23078,"validation"
23079,"train"
23080,"test"
23081,"train"
23082,"train"
23083,"train"
23084,"validation"
23085,"test"
23086,"train"
23087,"train"
23088,"validation"
23089,"train"
23090,"train"
23091,"test"
23092,"train"
23093,"train"
23094,"validation"
23095,"train"
23096,"train"
23097,"train"
23098,"test"
23099,"train"
23100,"validation"
23101,"validation"
23102,"validation"
23103,"test"
23104,"validation"
23105,"train"
23106,"train"
23107,"train"
23108,"train"
23109,"test"
23110,"test"
23111,"train"
23112,"test"
23113,"train"
23114,"train"
23115,"validation"
23116,"test"
23117,"train"
23118,"validation"
23119,"test"
23120,"test"
23121,"train"
23122,"train"
23123,"test"
23124,"train"
23125,"train"
23126,"train"
23127,"train"
23128,"validation"
23129,"test"
23130,"train"
23131,"train"
23132,"train"
23133,"train"
23134,"train"
23135,"train"
23136,"validation"
23137,"test"
23138,"train"
23139,"train"
23140,"validation"
23141,"validation"
23142,"validation"
23143,"train"
23144,"test"
23145,"train"
23146,"train"
23147,"train"
23148,"train"
23149,"train"
23150,"validation"
23151,"train"
23152,"test"
23153,"train"
23154,"train"
23155,"train"
23156,"test"
23157,"test"
23158,"validation"
23159,"train"
23160,"train"
23161,"train"
23162,"train"
23163,"train"
23164,"train"
23165,"train"
23166,"validation"
23167,"validation"
23168,"train"
23169,"train"
23170,"train"
23171,"test"
23172,"train"
23173,"train"
23174,"train"
23175,"validation"
23176,"train"
23177,"test"
23178,"test"
23179,"validation"
23180,"test"
23181,"validation"
23182,"test"
23183,"train"
23184,"validation"
23185,"train"
23186,"train"
23187,"train"
23188,"train"
23189,"test"
23190,"test"
23191,"train"
23192,"train"
23193,"train"
23194,"train"
23195,"train"
23196,"train"
23197,"train"
23198,"train"
23199,"train"
23200,"train"
23201,"test"
23202,"train"
23203,"train"
23204,"train"
23205,"train"
23206,"train"
23207,"validation"
23208,"test"
23209,"validation"
23210,"train"
23211,"test"
23212,"train"
23213,"validation"
23214,"train"
23215,"train"
23216,"test"
23217,"train"
23218,"train"
23219,"test"
23220,"test"
23221,"train"
23222,"train"
23223,"train"
23224,"train"
23225,"test"
23226,"train"
23227,"train"
23228,"train"
23229,"train"
23230,"train"
23231,"train"
23232,"validation"
23233,"test"
23234,"test"
23235,"train"
23236,"train"
23237,"train"
23238,"validation"
23239,"validation"
23240,"test"
23241,"train"
23242,"train"
23243,"validation"
23244,"train"
23245,"train"
23246,"train"
23247,"train"
23248,"train"
23249,"test"
23250,"train"
23251,"test"
23252,"validation"
23253,"train"
23254,"train"
23255,"train"
23256,"test"
23257,"validation"
23258,"train"
23259,"train"
23260,"train"
23261,"validation"
23262,"validation"
23263,"test"
23264,"train"
23265,"train"
23266,"train"
23267,"train"
23268,"train"
23269,"validation"
23270,"train"
23271,"validation"
23272,"test"
23273,"train"
23274,"train"
23275,"test"
23276,"train"
23277,"train"
23278,"test"
23279,"validation"
23280,"train"
23281,"train"
23282,"train"
23283,"train"
23284,"train"
23285,"train"
23286,"train"
23287,"test"
23288,"train"
23289,"test"
23290,"test"
23291,"train"
23292,"test"
23293,"test"
23294,"validation"
23295,"validation"
23296,"test"
23297,"train"
23298,"test"
23299,"train"
23300,"validation"
23301,"validation"
23302,"train"
23303,"validation"
23304,"train"
23305,"train"
23306,"validation"
23307,"train"
23308,"validation"
23309,"test"
23310,"train"
23311,"validation"
23312,"train"
23313,"train"
23314,"train"
23315,"test"
23316,"train"
23317,"test"
23318,"validation"
23319,"validation"
23320,"train"
23321,"validation"
23322,"validation"
23323,"validation"
23324,"test"
23325,"train"
23326,"train"
23327,"test"
23328,"validation"
23329,"train"
23330,"train"
23331,"train"
23332,"validation"
23333,"train"
23334,"train"
23335,"train"
23336,"validation"
23337,"validation"
23338,"test"
23339,"train"
23340,"train"
23341,"train"
23342,"train"
23343,"train"
23344,"train"
23345,"train"
23346,"test"
23347,"train"
23348,"train"
23349,"train"
23350,"test"
23351,"train"
23352,"train"
23353,"validation"
23354,"train"
23355,"test"
23356,"train"
23357,"test"
23358,"train"
23359,"train"
23360,"validation"
23361,"train"
23362,"train"
23363,"train"
23364,"train"
23365,"test"
23366,"test"
23367,"train"
23368,"train"
23369,"train"
23370,"validation"
23371,"train"
23372,"test"
23373,"train"
23374,"train"
23375,"train"
23376,"train"
23377,"test"
23378,"train"
23379,"train"
23380,"test"
23381,"train"
23382,"train"
23383,"test"
23384,"test"
23385,"train"
23386,"train"
23387,"train"
23388,"train"
23389,"train"
23390,"train"
23391,"test"
23392,"train"
23393,"train"
23394,"train"
23395,"validation"
23396,"validation"
23397,"train"
23398,"test"
23399,"train"
23400,"train"
23401,"test"
23402,"train"
23403,"validation"
23404,"train"
23405,"validation"
23406,"validation"
23407,"test"
23408,"train"
23409,"train"
23410,"train"
23411,"train"
23412,"validation"
23413,"train"
23414,"test"
23415,"train"
23416,"test"
23417,"train"
23418,"validation"
23419,"validation"
23420,"train"
23421,"train"
23422,"validation"
23423,"train"
23424,"validation"
23425,"validation"
23426,"test"
23427,"train"
23428,"train"
23429,"test"
23430,"train"
23431,"train"
23432,"test"
23433,"train"
23434,"test"
23435,"validation"
23436,"train"
23437,"train"
23438,"train"
23439,"train"
23440,"train"
23441,"train"
23442,"validation"
23443,"train"
23444,"validation"
23445,"train"
23446,"train"
23447,"validation"
23448,"train"
23449,"train"
23450,"test"
23451,"test"
23452,"train"
23453,"test"
23454,"test"
23455,"validation"
23456,"validation"
23457,"validation"
23458,"train"
23459,"train"
23460,"validation"
23461,"train"
23462,"train"
23463,"train"
23464,"validation"
23465,"train"
23466,"train"
23467,"test"
23468,"validation"
23469,"train"
23470,"train"
23471,"train"
23472,"train"
23473,"validation"
23474,"train"
23475,"train"
23476,"train"
23477,"validation"
23478,"validation"
23479,"train"
23480,"validation"
23481,"train"
23482,"train"
23483,"train"
23484,"test"
23485,"test"
23486,"train"
23487,"train"
23488,"validation"
23489,"validation"
23490,"train"
23491,"validation"
23492,"train"
23493,"train"
23494,"train"
23495,"train"
23496,"train"
23497,"test"
23498,"validation"
23499,"train"
23500,"test"
23501,"train"
23502,"train"
23503,"train"
23504,"train"
23505,"test"
23506,"train"
23507,"test"
23508,"train"
23509,"train"
23510,"train"
23511,"train"
23512,"train"
23513,"validation"
23514,"test"
23515,"validation"
23516,"train"
23517,"test"
23518,"train"
23519,"train"
23520,"train"
23521,"train"
23522,"train"
23523,"train"
23524,"train"
23525,"test"
23526,"test"
23527,"validation"
23528,"train"
23529,"validation"
23530,"validation"
23531,"train"
23532,"train"
23533,"train"
23534,"test"
23535,"validation"
23536,"train"
23537,"train"
23538,"train"
23539,"test"
23540,"validation"
23541,"train"
23542,"train"
23543,"train"
23544,"train"
23545,"train"
23546,"train"
23547,"validation"
23548,"validation"
23549,"train"
23550,"train"
23551,"train"
23552,"train"
23553,"test"
23554,"validation"
23555,"train"
23556,"validation"
23557,"validation"
23558,"train"
23559,"train"
23560,"validation"
23561,"validation"
23562,"train"
23563,"test"
23564,"test"
23565,"train"
23566,"train"
23567,"train"
23568,"train"
23569,"train"
23570,"train"
23571,"test"
23572,"train"
23573,"train"
23574,"train"
23575,"test"
23576,"train"
23577,"train"
23578,"test"
23579,"train"
23580,"test"
23581,"train"
23582,"test"
23583,"train"
23584,"train"
23585,"validation"
23586,"train"
23587,"validation"
23588,"test"
23589,"train"
23590,"train"
23591,"validation"
23592,"train"
23593,"test"
23594,"train"
23595,"train"
23596,"test"
23597,"train"
23598,"train"
23599,"train"
23600,"train"
23601,"train"
23602,"validation"
23603,"validation"
23604,"train"
23605,"test"
23606,"validation"
23607,"test"
23608,"test"
23609,"train"
23610,"train"
23611,"train"
23612,"train"
23613,"train"
23614,"validation"
23615,"test"
23616,"train"
23617,"train"
23618,"validation"
23619,"test"
23620,"train"
23621,"validation"
23622,"train"
23623,"test"
23624,"train"
23625,"train"
23626,"validation"
23627,"train"
23628,"test"
23629,"validation"
23630,"train"
23631,"train"
23632,"train"
23633,"validation"
23634,"train"
23635,"train"
23636,"validation"
23637,"test"
23638,"train"
23639,"train"
23640,"train"
23641,"validation"
23642,"train"
23643,"train"
23644,"validation"
23645,"validation"
23646,"train"
23647,"train"
23648,"train"
23649,"train"
23650,"train"
23651,"validation"
23652,"test"
23653,"test"
23654,"train"
23655,"test"
23656,"validation"
23657,"train"
23658,"train"
23659,"train"
23660,"train"
23661,"train"
23662,"train"
23663,"train"
23664,"validation"
23665,"train"
23666,"train"
23667,"test"
23668,"train"
23669,"train"
23670,"train"
23671,"test"
23672,"train"
23673,"train"
23674,"test"
23675,"train"
23676,"train"
23677,"train"
23678,"train"
23679,"train"
23680,"validation"
23681,"validation"
23682,"train"
23683,"train"
23684,"validation"
23685,"validation"
23686,"train"
23687,"train"
23688,"validation"
23689,"train"
23690,"validation"
23691,"train"
23692,"validation"
23693,"train"
23694,"train"
23695,"train"
23696,"train"
23697,"train"
23698,"train"
23699,"train"
23700,"train"
23701,"test"
23702,"train"
23703,"validation"
23704,"validation"
23705,"test"
23706,"train"
23707,"train"
23708,"train"
23709,"train"
23710,"train"
23711,"train"
23712,"train"
23713,"train"
23714,"validation"
23715,"validation"
23716,"validation"
23717,"validation"
23718,"train"
23719,"train"
23720,"train"
23721,"validation"
23722,"train"
23723,"train"
23724,"train"
23725,"train"
23726,"train"
23727,"train"
23728,"train"
23729,"train"
23730,"test"
23731,"test"
23732,"train"
23733,"test"
23734,"train"
23735,"train"
23736,"test"
23737,"test"
23738,"test"
23739,"train"
23740,"test"
23741,"test"
23742,"train"
23743,"test"
23744,"train"
23745,"train"
23746,"validation"
23747,"train"
23748,"train"
23749,"validation"
23750,"train"
23751,"validation"
23752,"train"
23753,"test"
23754,"validation"
23755,"train"
23756,"train"
23757,"validation"
23758,"validation"
23759,"train"
23760,"test"
23761,"test"
23762,"train"
23763,"train"
23764,"test"
23765,"validation"
23766,"test"
23767,"train"
23768,"train"
23769,"train"
23770,"train"
23771,"test"
23772,"train"
23773,"train"
23774,"train"
23775,"train"
23776,"test"
23777,"validation"
23778,"train"
23779,"train"
23780,"train"
23781,"train"
23782,"train"
23783,"train"
23784,"train"
23785,"train"
23786,"train"
23787,"train"
23788,"test"
23789,"test"
23790,"validation"
23791,"validation"
23792,"train"
23793,"train"
23794,"validation"
23795,"train"
23796,"validation"
23797,"validation"
23798,"train"
23799,"validation"
23800,"train"
23801,"train"
23802,"train"
23803,"train"
23804,"validation"
23805,"validation"
23806,"validation"
23807,"train"
23808,"train"
23809,"train"
23810,"test"
23811,"train"
23812,"train"
23813,"train"
23814,"test"
23815,"train"
23816,"validation"
23817,"train"
23818,"test"
23819,"test"
23820,"train"
23821,"validation"
23822,"test"
23823,"train"
23824,"train"
23825,"train"
23826,"test"
23827,"validation"
23828,"validation"
23829,"train"
23830,"train"
23831,"train"
23832,"validation"
23833,"train"
23834,"train"
23835,"train"
23836,"train"
23837,"validation"
23838,"train"
23839,"test"
23840,"train"
23841,"train"
23842,"train"
23843,"test"
23844,"test"
23845,"train"
23846,"train"
23847,"train"
23848,"test"
23849,"validation"
23850,"train"
23851,"test"
23852,"train"
23853,"train"
23854,"train"
23855,"validation"
23856,"validation"
23857,"train"
23858,"test"
23859,"train"
23860,"train"
23861,"test"
23862,"train"
23863,"train"
23864,"test"
23865,"test"
23866,"train"
23867,"train"
23868,"validation"
23869,"test"
23870,"test"
23871,"train"
23872,"validation"
23873,"train"
23874,"test"
23875,"test"
23876,"train"
23877,"validation"
23878,"validation"
23879,"train"
23880,"train"
23881,"train"
23882,"train"
23883,"train"
23884,"train"
23885,"test"
23886,"test"
23887,"train"
23888,"train"
23889,"train"
23890,"train"
23891,"validation"
23892,"validation"
23893,"train"
23894,"validation"
23895,"train"
23896,"train"
23897,"validation"
23898,"train"
23899,"train"
23900,"train"
23901,"train"
23902,"train"
23903,"train"
23904,"train"
23905,"train"
23906,"test"
23907,"train"
23908,"train"
23909,"test"
23910,"train"
23911,"train"
23912,"validation"
23913,"test"
23914,"test"
23915,"train"
23916,"test"
23917,"train"
23918,"train"
23919,"validation"
23920,"train"
23921,"train"
23922,"test"
23923,"train"
23924,"train"
23925,"test"
23926,"train"
23927,"test"
23928,"train"
23929,"train"
23930,"train"
23931,"validation"
23932,"validation"
23933,"train"
23934,"test"
23935,"train"
23936,"validation"
23937,"validation"
23938,"test"
23939,"train"
23940,"train"
23941,"train"
23942,"test"
23943,"train"
23944,"validation"
23945,"train"
23946,"validation"
23947,"validation"
23948,"train"
23949,"train"
23950,"test"
23951,"validation"
23952,"validation"
23953,"train"
23954,"train"
23955,"train"
23956,"train"
23957,"test"
23958,"validation"
23959,"train"
23960,"validation"
23961,"validation"
23962,"train"
23963,"train"
23964,"train"
23965,"test"
23966,"train"
23967,"train"
23968,"validation"
23969,"train"
23970,"validation"
23971,"validation"
23972,"train"
23973,"train"
23974,"test"
23975,"train"
23976,"train"
23977,"train"
23978,"test"
23979,"test"
23980,"validation"
23981,"train"
23982,"train"
23983,"train"
23984,"train"
23985,"train"
23986,"test"
23987,"train"
23988,"train"
23989,"train"
23990,"train"
23991,"train"
23992,"validation"
23993,"validation"
23994,"train"
23995,"train"
23996,"train"
23997,"test"
23998,"test"
23999,"train"
24000,"train"
24001,"train"
24002,"train"
24003,"validation"
24004,"train"
24005,"train"
24006,"train"
24007,"train"
24008,"validation"
24009,"test"
24010,"test"
24011,"train"
24012,"train"
24013,"test"
24014,"train"
24015,"train"
24016,"train"
24017,"validation"
24018,"train"
24019,"train"
24020,"train"
24021,"validation"
24022,"train"
24023,"test"
24024,"train"
24025,"train"
24026,"validation"
24027,"test"
24028,"test"
24029,"train"
24030,"validation"
24031,"validation"
24032,"validation"
24033,"validation"
24034,"validation"
24035,"train"
24036,"validation"
24037,"train"
24038,"train"
24039,"train"
24040,"train"
24041,"train"
24042,"validation"
24043,"train"
24044,"validation"
24045,"train"
24046,"test"
24047,"train"
24048,"test"
24049,"train"
24050,"train"
24051,"train"
24052,"validation"
24053,"train"
24054,"train"
24055,"validation"
24056,"train"
24057,"train"
24058,"validation"
24059,"test"
24060,"train"
24061,"train"
24062,"train"
24063,"test"
24064,"validation"
24065,"test"
24066,"train"
24067,"validation"
24068,"train"
24069,"train"
24070,"train"
24071,"validation"
24072,"train"
24073,"train"
24074,"test"
24075,"train"
24076,"train"
24077,"train"
24078,"test"
24079,"train"
24080,"test"
24081,"test"
24082,"test"
24083,"test"
24084,"test"
24085,"validation"
24086,"train"
24087,"train"
24088,"train"
24089,"train"
24090,"test"
24091,"train"
24092,"test"
24093,"train"
24094,"test"
24095,"test"
24096,"test"
24097,"train"
24098,"validation"
24099,"train"
24100,"train"
24101,"train"
24102,"train"
24103,"train"
24104,"train"
24105,"train"
24106,"train"
24107,"train"
24108,"train"
24109,"train"
24110,"validation"
24111,"train"
24112,"train"
24113,"validation"
24114,"train"
24115,"validation"
24116,"train"
24117,"train"
24118,"validation"
24119,"test"
24120,"train"
24121,"train"
24122,"train"
24123,"validation"
24124,"train"
24125,"validation"
24126,"train"
24127,"train"
24128,"train"
24129,"train"
24130,"test"
24131,"train"
24132,"test"
24133,"test"
24134,"train"
24135,"train"
24136,"train"
24137,"validation"
24138,"train"
24139,"train"
24140,"train"
24141,"train"
24142,"test"
24143,"test"
24144,"validation"
24145,"validation"
24146,"test"
24147,"train"
24148,"test"
24149,"train"
24150,"train"
24151,"train"
24152,"train"
24153,"train"
24154,"train"
24155,"test"
24156,"train"
24157,"train"
24158,"train"
24159,"train"
24160,"train"
24161,"test"
24162,"train"
24163,"test"
24164,"train"
24165,"train"
24166,"train"
24167,"test"
24168,"train"
24169,"validation"
24170,"train"
24171,"train"
24172,"train"
24173,"validation"
24174,"test"
24175,"validation"
24176,"train"
24177,"test"
24178,"train"
24179,"train"
24180,"validation"
24181,"validation"
24182,"validation"
24183,"validation"
24184,"train"
24185,"train"
24186,"train"
24187,"train"
24188,"train"
24189,"validation"
24190,"train"
24191,"train"
24192,"train"
24193,"test"
24194,"train"
24195,"train"
24196,"train"
24197,"train"
24198,"train"
24199,"train"
24200,"train"
24201,"train"
24202,"train"
24203,"train"
24204,"train"
24205,"train"
24206,"train"
24207,"train"
24208,"validation"
24209,"validation"
24210,"test"
24211,"validation"
24212,"train"
24213,"train"
24214,"train"
24215,"train"
24216,"test"
24217,"validation"
24218,"train"
24219,"train"
24220,"train"
24221,"validation"
24222,"train"
24223,"train"
24224,"test"
24225,"test"
24226,"train"
24227,"train"
24228,"train"
24229,"test"
24230,"test"
24231,"train"
24232,"train"
24233,"train"
24234,"test"
24235,"train"
24236,"train"
24237,"train"
24238,"train"
24239,"test"
24240,"train"
24241,"test"
24242,"train"
24243,"validation"
24244,"test"
24245,"train"
24246,"train"
24247,"test"
24248,"train"
24249,"validation"
24250,"train"
24251,"validation"
24252,"test"
24253,"validation"
24254,"validation"
24255,"test"
24256,"validation"
24257,"train"
24258,"train"
24259,"test"
24260,"test"
24261,"train"
24262,"test"
24263,"train"
24264,"train"
24265,"test"
24266,"test"
24267,"train"
24268,"train"
24269,"validation"
24270,"validation"
24271,"validation"
24272,"validation"
24273,"test"
24274,"test"
24275,"test"
24276,"train"
24277,"test"
24278,"train"
24279,"train"
24280,"test"
24281,"train"
24282,"train"
24283,"validation"
24284,"train"
24285,"train"
24286,"train"
24287,"train"
24288,"validation"
24289,"test"
24290,"train"
24291,"validation"
24292,"train"
24293,"validation"
24294,"train"
24295,"validation"
24296,"test"
24297,"train"
24298,"train"
24299,"test"
24300,"train"
24301,"validation"
24302,"validation"
24303,"train"
24304,"train"
24305,"train"
24306,"train"
24307,"train"
24308,"test"
24309,"validation"
24310,"train"
24311,"test"
24312,"train"
24313,"validation"
24314,"validation"
24315,"train"
24316,"train"
24317,"train"
24318,"validation"
24319,"test"
24320,"train"
24321,"train"
24322,"train"
24323,"validation"
24324,"train"
24325,"validation"
24326,"train"
24327,"validation"
24328,"train"
24329,"validation"
24330,"validation"
24331,"train"
24332,"train"
24333,"validation"
24334,"train"
24335,"train"
24336,"train"
24337,"train"
24338,"test"
24339,"train"
24340,"train"
24341,"train"
24342,"train"
24343,"validation"
24344,"train"
24345,"train"
24346,"validation"
24347,"train"
24348,"train"
24349,"test"
24350,"train"
24351,"test"
24352,"validation"
24353,"train"
24354,"train"
24355,"validation"
24356,"train"
24357,"train"
24358,"train"
24359,"train"
24360,"train"
24361,"train"
24362,"test"
24363,"train"
24364,"train"
24365,"train"
24366,"train"
24367,"test"
24368,"validation"
24369,"train"
24370,"test"
24371,"train"
24372,"train"
24373,"train"
24374,"train"
24375,"train"
24376,"train"
24377,"train"
24378,"train"
24379,"train"
24380,"validation"
24381,"validation"
24382,"train"
24383,"train"
24384,"train"
24385,"test"
24386,"test"
24387,"train"
24388,"train"
24389,"train"
24390,"train"
24391,"train"
24392,"train"
24393,"train"
24394,"validation"
24395,"test"
24396,"validation"
24397,"validation"
24398,"validation"
24399,"test"
24400,"train"
24401,"train"
24402,"validation"
24403,"test"
24404,"test"
24405,"test"
24406,"train"
24407,"train"
24408,"train"
24409,"train"
24410,"train"
24411,"test"
24412,"test"
24413,"train"
24414,"validation"
24415,"train"
24416,"validation"
24417,"test"
24418,"validation"
24419,"train"
24420,"train"
24421,"test"
24422,"train"
24423,"validation"
24424,"train"
24425,"test"
24426,"train"
24427,"train"
24428,"test"
24429,"train"
24430,"train"
24431,"train"
24432,"test"
24433,"train"
24434,"train"
24435,"train"
24436,"train"
24437,"train"
24438,"train"
24439,"train"
24440,"test"
24441,"train"
24442,"train"
24443,"train"
24444,"validation"
24445,"validation"
24446,"train"
24447,"train"
24448,"test"
24449,"validation"
24450,"train"
24451,"train"
24452,"train"
24453,"train"
24454,"train"
24455,"train"
24456,"train"
24457,"train"
24458,"train"
24459,"train"
24460,"validation"
24461,"train"
24462,"train"
24463,"test"
24464,"train"
24465,"train"
24466,"validation"
24467,"test"
24468,"train"
24469,"validation"
24470,"train"
24471,"train"
24472,"train"
24473,"train"
24474,"train"
24475,"train"
24476,"test"
24477,"validation"
24478,"train"
24479,"train"
24480,"train"
24481,"validation"
24482,"train"
24483,"train"
24484,"validation"
24485,"train"
24486,"validation"
24487,"train"
24488,"train"
24489,"validation"
24490,"validation"
24491,"train"
24492,"train"
24493,"train"
24494,"train"
24495,"train"
24496,"test"
24497,"test"
24498,"train"
24499,"test"
24500,"train"
24501,"train"
24502,"train"
24503,"train"
24504,"train"
24505,"test"
24506,"train"
24507,"train"
24508,"validation"
24509,"test"
24510,"train"
24511,"test"
24512,"validation"
24513,"train"
24514,"train"
24515,"train"
24516,"validation"
24517,"train"
24518,"test"
24519,"train"
24520,"train"
24521,"validation"
24522,"train"
24523,"train"
24524,"train"
24525,"train"
24526,"validation"
24527,"validation"
24528,"test"
24529,"train"
24530,"validation"
24531,"validation"
24532,"test"
24533,"train"
24534,"validation"
24535,"train"
24536,"test"
24537,"train"
24538,"test"
24539,"validation"
24540,"validation"
24541,"train"
24542,"train"
24543,"train"
24544,"train"
24545,"train"
24546,"train"
24547,"train"
24548,"validation"
24549,"test"
24550,"validation"
24551,"train"
24552,"train"
24553,"train"
24554,"test"
24555,"validation"
24556,"train"
24557,"validation"
24558,"train"
24559,"validation"
24560,"train"
24561,"train"
24562,"train"
24563,"train"
24564,"train"
24565,"train"
24566,"train"
24567,"test"
24568,"test"
24569,"train"
24570,"train"
24571,"validation"
24572,"train"
24573,"train"
24574,"validation"
24575,"test"
24576,"train"
24577,"train"
24578,"train"
24579,"train"
24580,"train"
24581,"train"
24582,"train"
24583,"validation"
24584,"train"
24585,"train"
24586,"train"
24587,"test"
24588,"validation"
24589,"train"
24590,"validation"
24591,"validation"
24592,"train"
24593,"train"
24594,"train"
24595,"train"
24596,"train"
24597,"train"
24598,"validation"
24599,"validation"
24600,"test"
24601,"train"
24602,"train"
24603,"train"
24604,"test"
24605,"train"
24606,"validation"
24607,"validation"
24608,"test"
24609,"train"
24610,"validation"
24611,"train"
24612,"train"
24613,"train"
24614,"train"
24615,"train"
24616,"train"
24617,"train"
24618,"test"
24619,"test"
24620,"validation"
24621,"train"
24622,"train"
24623,"train"
24624,"train"
24625,"train"
24626,"train"
24627,"train"
24628,"train"
24629,"test"
24630,"test"
24631,"test"
24632,"test"
24633,"train"
24634,"train"
24635,"test"
24636,"train"
24637,"test"
24638,"train"
24639,"train"
24640,"train"
24641,"test"
24642,"train"
24643,"train"
24644,"test"
24645,"train"
24646,"train"
24647,"train"
24648,"validation"
24649,"train"
24650,"train"
24651,"test"
24652,"train"
24653,"train"
24654,"train"
24655,"validation"
24656,"validation"
24657,"train"
24658,"test"
24659,"train"
24660,"validation"
24661,"train"
24662,"validation"
24663,"test"
24664,"train"
24665,"test"
24666,"train"
24667,"train"
24668,"train"
24669,"train"
24670,"train"
24671,"train"
24672,"train"
24673,"train"
24674,"train"
24675,"train"
24676,"train"
24677,"validation"
24678,"test"
24679,"validation"
24680,"validation"
24681,"train"
24682,"test"
24683,"test"
24684,"train"
24685,"test"
24686,"train"
24687,"train"
24688,"train"
24689,"test"
24690,"validation"
24691,"train"
24692,"train"
24693,"train"
24694,"validation"
24695,"train"
24696,"validation"
24697,"validation"
24698,"train"
24699,"train"
24700,"test"
24701,"test"
24702,"train"
24703,"validation"
24704,"test"
24705,"train"
24706,"test"
24707,"train"
24708,"train"
24709,"validation"
24710,"train"
24711,"train"
24712,"train"
24713,"train"
24714,"test"
24715,"train"
24716,"train"
24717,"train"
24718,"test"
24719,"train"
24720,"train"
24721,"train"
24722,"train"
24723,"train"
24724,"train"
24725,"train"
24726,"train"
24727,"test"
24728,"train"
24729,"train"
24730,"test"
24731,"train"
24732,"train"
24733,"validation"
24734,"validation"
24735,"test"
24736,"train"
24737,"validation"
24738,"train"
24739,"train"
24740,"validation"
24741,"train"
24742,"test"
24743,"validation"
24744,"test"
24745,"validation"
24746,"train"
24747,"test"
24748,"train"
24749,"validation"
24750,"train"
24751,"train"
24752,"train"
24753,"test"
24754,"train"
24755,"train"
24756,"validation"
24757,"train"
24758,"train"
24759,"train"
24760,"train"
24761,"test"
24762,"test"
24763,"test"
24764,"train"
24765,"train"
24766,"validation"
24767,"train"
24768,"validation"
24769,"test"
24770,"train"
24771,"train"
24772,"train"
24773,"validation"
24774,"test"
24775,"validation"
24776,"train"
24777,"train"
24778,"train"
24779,"test"
24780,"test"
24781,"test"
24782,"test"
24783,"train"
24784,"validation"
24785,"train"
24786,"train"
24787,"train"
24788,"train"
24789,"train"
24790,"train"
24791,"validation"
24792,"validation"
24793,"validation"
24794,"train"
24795,"train"
24796,"train"
24797,"train"
24798,"validation"
24799,"test"
24800,"validation"
24801,"test"
24802,"train"
24803,"train"
24804,"validation"
24805,"train"
24806,"train"
24807,"train"
24808,"train"
24809,"train"
24810,"train"
24811,"test"
24812,"train"
24813,"validation"
24814,"train"
24815,"train"
24816,"test"
24817,"validation"
24818,"test"
24819,"train"
24820,"train"
24821,"train"
24822,"validation"
24823,"test"
24824,"test"
24825,"validation"
24826,"train"
24827,"train"
24828,"validation"
24829,"validation"
24830,"train"
24831,"test"
24832,"train"
24833,"validation"
24834,"train"
24835,"validation"
24836,"test"
24837,"test"
24838,"validation"
24839,"validation"
24840,"train"
24841,"train"
24842,"train"
24843,"test"
24844,"validation"
24845,"train"
24846,"train"
24847,"test"
24848,"validation"
24849,"test"
24850,"train"
24851,"train"
24852,"train"
24853,"validation"
24854,"train"
24855,"test"
24856,"train"
24857,"train"
24858,"validation"
24859,"validation"
24860,"train"
24861,"train"
24862,"train"
24863,"validation"
24864,"train"
24865,"test"
24866,"train"
24867,"train"
24868,"validation"
24869,"test"
24870,"train"
24871,"train"
24872,"validation"
24873,"train"
24874,"test"
24875,"train"
24876,"train"
24877,"train"
24878,"test"
24879,"train"
24880,"train"
24881,"train"
24882,"test"
24883,"validation"
24884,"validation"
24885,"test"
24886,"validation"
24887,"train"
24888,"validation"
24889,"test"
24890,"train"
24891,"train"
24892,"train"
24893,"train"
24894,"test"
24895,"train"
24896,"train"
24897,"train"
24898,"train"
24899,"train"
24900,"train"
24901,"train"
24902,"train"
24903,"train"
24904,"train"
24905,"validation"
24906,"train"
24907,"test"
24908,"train"
24909,"train"
24910,"train"
24911,"train"
24912,"train"
24913,"train"
24914,"test"
24915,"train"
24916,"train"
24917,"train"
24918,"train"
24919,"train"
24920,"train"
24921,"validation"
24922,"validation"
24923,"train"
24924,"train"
24925,"test"
24926,"train"
24927,"train"
24928,"train"
24929,"test"
24930,"train"
24931,"test"
24932,"validation"
24933,"train"
24934,"train"
24935,"validation"
24936,"validation"
24937,"train"
24938,"train"
24939,"test"
24940,"test"
24941,"train"
24942,"test"
24943,"train"
24944,"train"
24945,"train"
24946,"train"
24947,"train"
24948,"train"
24949,"test"
24950,"train"
24951,"validation"
24952,"train"
24953,"train"
24954,"test"
24955,"train"
24956,"test"
24957,"train"
24958,"train"
24959,"train"
24960,"train"
24961,"validation"
24962,"train"
24963,"train"
24964,"train"
24965,"validation"
24966,"validation"
24967,"train"
24968,"validation"
24969,"train"
24970,"test"
24971,"train"
24972,"test"
24973,"train"
24974,"test"
24975,"train"
24976,"test"
24977,"train"
24978,"test"
24979,"validation"
24980,"train"
24981,"train"
24982,"train"
24983,"train"
24984,"train"
24985,"train"
24986,"test"
24987,"validation"
24988,"test"
24989,"train"
24990,"test"
24991,"train"
24992,"validation"
24993,"train"
24994,"test"
24995,"test"
24996,"train"
24997,"train"
24998,"train"
24999,"test"
25000,"test"
25001,"train"
25002,"train"
25003,"train"
25004,"train"
25005,"validation"
25006,"test"
25007,"validation"
25008,"test"
25009,"test"
25010,"train"
25011,"train"
25012,"train"
25013,"test"
25014,"train"
25015,"train"
25016,"train"
25017,"train"
25018,"train"
25019,"train"
25020,"test"
25021,"train"
25022,"train"
25023,"train"
25024,"train"
25025,"validation"
25026,"train"
25027,"test"
25028,"test"
25029,"train"
25030,"train"
25031,"train"
25032,"train"
25033,"train"
25034,"validation"
25035,"test"
25036,"train"
25037,"train"
25038,"train"
25039,"train"
25040,"train"
25041,"train"
25042,"train"
25043,"train"
25044,"validation"
25045,"train"
25046,"train"
25047,"train"
25048,"train"
25049,"train"
25050,"train"
25051,"validation"
25052,"validation"
25053,"train"
25054,"train"
25055,"train"
25056,"train"
25057,"validation"
25058,"train"
25059,"train"
25060,"test"
25061,"train"
25062,"train"
25063,"train"
25064,"validation"
25065,"train"
25066,"train"
25067,"train"
25068,"validation"
25069,"train"
25070,"validation"
25071,"train"
25072,"validation"
25073,"train"
25074,"train"
25075,"test"
25076,"train"
25077,"train"
25078,"validation"
25079,"train"
25080,"validation"
25081,"train"
25082,"train"
25083,"train"
25084,"train"
25085,"train"
25086,"train"
25087,"train"
25088,"test"
25089,"train"
25090,"validation"
25091,"validation"
25092,"train"
25093,"train"
25094,"train"
25095,"validation"
25096,"test"
25097,"validation"
25098,"test"
25099,"train"
25100,"train"
25101,"train"
25102,"train"
25103,"train"
25104,"train"
25105,"train"
25106,"train"
25107,"train"
25108,"train"
25109,"train"
25110,"train"
25111,"train"
25112,"train"
25113,"train"
25114,"train"
25115,"test"
25116,"validation"
25117,"train"
25118,"validation"
25119,"train"
25120,"train"
25121,"test"
25122,"train"
25123,"train"
25124,"train"
25125,"train"
25126,"validation"
25127,"test"
25128,"train"
25129,"train"
25130,"train"
25131,"train"
25132,"train"
25133,"train"
25134,"validation"
25135,"train"
25136,"validation"
25137,"train"
25138,"validation"
25139,"train"
25140,"train"
25141,"train"
25142,"validation"
25143,"train"
25144,"validation"
25145,"test"
25146,"test"
25147,"train"
25148,"train"
25149,"validation"
25150,"validation"
25151,"train"
25152,"train"
25153,"validation"
25154,"train"
25155,"test"
25156,"train"
25157,"train"
25158,"test"
25159,"test"
25160,"validation"
25161,"validation"
25162,"train"
25163,"test"
25164,"train"
25165,"train"
25166,"train"
25167,"train"
25168,"train"
25169,"train"
25170,"validation"
25171,"validation"
25172,"validation"
25173,"validation"
25174,"validation"
25175,"train"
25176,"train"
25177,"validation"
25178,"test"
25179,"test"
25180,"validation"
25181,"train"
25182,"train"
25183,"train"
25184,"validation"
25185,"train"
25186,"validation"
25187,"validation"
25188,"test"
25189,"test"
25190,"validation"
25191,"validation"
25192,"train"
25193,"train"
25194,"test"
25195,"train"
25196,"train"
25197,"validation"
25198,"test"
25199,"train"
25200,"train"
25201,"train"
25202,"validation"
25203,"train"
25204,"validation"
25205,"test"
25206,"train"
25207,"train"
25208,"train"
25209,"train"
25210,"train"
25211,"train"
25212,"validation"
25213,"train"
25214,"train"
25215,"train"
25216,"train"
25217,"train"
25218,"train"
25219,"train"
25220,"train"
25221,"validation"
25222,"test"
25223,"train"
25224,"train"
25225,"train"
25226,"train"
25227,"validation"
25228,"train"
25229,"train"
25230,"train"
25231,"test"
25232,"train"
25233,"test"
25234,"train"
25235,"train"
25236,"train"
25237,"test"
25238,"train"
25239,"train"
25240,"validation"
25241,"validation"
25242,"train"
25243,"test"
25244,"test"
25245,"train"
25246,"train"
25247,"train"
25248,"test"
25249,"test"
25250,"validation"
25251,"train"
25252,"train"
25253,"train"
25254,"train"
25255,"train"
25256,"train"
25257,"test"
25258,"train"
25259,"train"
25260,"train"
25261,"test"
25262,"train"
25263,"train"
25264,"train"
25265,"train"
25266,"test"
25267,"train"
25268,"train"
25269,"validation"
25270,"train"
25271,"validation"
25272,"train"
25273,"train"
25274,"validation"
25275,"validation"
25276,"validation"
25277,"test"
25278,"validation"
25279,"train"
25280,"train"
25281,"train"
25282,"train"
25283,"validation"
25284,"validation"
25285,"test"
25286,"validation"
25287,"train"
25288,"validation"
25289,"train"
25290,"test"
25291,"train"
25292,"validation"
25293,"train"
25294,"validation"
25295,"train"
25296,"test"
25297,"train"
25298,"train"
25299,"train"
25300,"validation"
25301,"test"
25302,"validation"
25303,"test"
25304,"train"
25305,"validation"
25306,"test"
25307,"train"
25308,"validation"
25309,"train"
25310,"train"
25311,"train"
25312,"validation"
25313,"test"
25314,"validation"
25315,"test"
25316,"train"
25317,"validation"
25318,"test"
25319,"train"
25320,"test"
25321,"train"
25322,"test"
25323,"train"
25324,"validation"
25325,"train"
25326,"train"
25327,"validation"
25328,"validation"
25329,"train"
25330,"validation"
25331,"test"
25332,"validation"
25333,"train"
25334,"train"
25335,"train"
25336,"test"
25337,"train"
25338,"train"
25339,"train"
25340,"train"
25341,"test"
25342,"test"
25343,"test"
25344,"train"
25345,"test"
25346,"train"
25347,"train"
25348,"train"
25349,"train"
25350,"train"
25351,"train"
25352,"train"
25353,"train"
25354,"validation"
25355,"validation"
25356,"test"
25357,"train"
25358,"train"
25359,"train"
25360,"train"
25361,"train"
25362,"validation"
25363,"test"
25364,"train"
25365,"train"
25366,"train"
25367,"validation"
25368,"train"
25369,"test"
25370,"train"
25371,"train"
25372,"validation"
25373,"test"
25374,"train"
25375,"test"
25376,"train"
25377,"train"
25378,"train"
25379,"validation"
25380,"train"
25381,"validation"
25382,"test"
25383,"train"
25384,"test"
25385,"train"
25386,"train"
25387,"validation"
25388,"train"
25389,"test"
25390,"test"
25391,"test"
25392,"test"
25393,"test"
25394,"train"
25395,"train"
25396,"train"
25397,"train"
25398,"train"
25399,"train"
25400,"validation"
25401,"validation"
25402,"train"
25403,"train"
25404,"train"
25405,"train"
25406,"train"
25407,"train"
25408,"validation"
25409,"validation"
25410,"train"
25411,"train"
25412,"train"
25413,"validation"
25414,"train"
25415,"train"
25416,"validation"
25417,"train"
25418,"train"
25419,"train"
25420,"test"
25421,"test"
25422,"train"
25423,"train"
25424,"validation"
25425,"train"
25426,"train"
25427,"train"
25428,"train"
25429,"test"
25430,"validation"
25431,"train"
25432,"train"
25433,"validation"
25434,"train"
25435,"validation"
25436,"train"
25437,"train"
25438,"train"
25439,"train"
25440,"test"
25441,"train"
25442,"train"
25443,"train"
25444,"train"
25445,"train"
25446,"train"
25447,"validation"
25448,"train"
25449,"train"
25450,"train"
25451,"train"
25452,"train"
25453,"train"
25454,"train"
25455,"test"
25456,"train"
25457,"train"
25458,"train"
25459,"train"
25460,"train"
25461,"validation"
25462,"train"
25463,"train"
25464,"validation"
25465,"train"
25466,"train"
25467,"train"
25468,"train"
25469,"train"
25470,"train"
25471,"train"
25472,"test"
25473,"train"
25474,"train"
25475,"train"
25476,"test"
25477,"validation"
25478,"test"
25479,"validation"
25480,"train"
25481,"train"
25482,"test"
25483,"test"
25484,"validation"
25485,"train"
25486,"train"
25487,"train"
25488,"train"
25489,"test"
25490,"test"
25491,"validation"
25492,"train"
25493,"train"
25494,"validation"
25495,"train"
25496,"test"
25497,"test"
25498,"train"
25499,"train"
25500,"train"
25501,"train"
25502,"train"
25503,"validation"
25504,"train"
25505,"train"
25506,"train"
25507,"train"
25508,"test"
25509,"validation"
25510,"train"
25511,"train"
25512,"test"
25513,"train"
25514,"train"
25515,"train"
25516,"train"
25517,"train"
25518,"validation"
25519,"train"
25520,"train"
25521,"train"
25522,"train"
25523,"validation"
25524,"train"
25525,"validation"
25526,"train"
25527,"train"
25528,"test"
25529,"test"
25530,"train"
25531,"test"
25532,"test"
25533,"test"
25534,"validation"
25535,"validation"
25536,"train"
25537,"train"
25538,"train"
25539,"validation"
25540,"train"
25541,"train"
25542,"validation"
25543,"train"
25544,"validation"
25545,"train"
25546,"test"
25547,"train"
25548,"train"
25549,"train"
25550,"validation"
25551,"train"
25552,"train"
25553,"train"
25554,"train"
25555,"test"
25556,"validation"
25557,"train"
25558,"train"
25559,"test"
25560,"train"
25561,"train"
25562,"validation"
25563,"train"
25564,"train"
25565,"train"
25566,"train"
25567,"train"
25568,"validation"
25569,"train"
25570,"test"
25571,"test"
25572,"train"
25573,"test"
25574,"train"
25575,"validation"
25576,"validation"
25577,"train"
25578,"test"
25579,"train"
25580,"validation"
25581,"train"
25582,"train"
25583,"train"
25584,"train"
25585,"test"
25586,"train"
25587,"train"
25588,"train"
25589,"validation"
25590,"validation"
25591,"train"
25592,"train"
25593,"validation"
25594,"validation"
25595,"test"
25596,"train"
25597,"train"
25598,"validation"
25599,"validation"
25600,"validation"
25601,"train"
25602,"validation"
25603,"test"
25604,"test"
25605,"validation"
25606,"validation"
25607,"train"
25608,"train"
25609,"validation"
25610,"test"
25611,"train"
25612,"validation"
25613,"train"
25614,"train"
25615,"validation"
25616,"test"
25617,"validation"
25618,"train"
25619,"test"
25620,"train"
25621,"train"
25622,"train"
25623,"train"
25624,"train"
25625,"test"
25626,"train"
25627,"train"
25628,"validation"
25629,"train"
25630,"train"
25631,"validation"
25632,"train"
25633,"validation"
25634,"train"
25635,"test"
25636,"train"
25637,"test"
25638,"train"
25639,"train"
25640,"train"
25641,"train"
25642,"test"
25643,"train"
25644,"validation"
25645,"train"
25646,"test"
25647,"train"
25648,"train"
25649,"test"
25650,"train"
25651,"test"
25652,"validation"
25653,"train"
25654,"test"
25655,"test"
25656,"train"
25657,"train"
25658,"validation"
25659,"validation"
25660,"validation"
25661,"test"
25662,"train"
25663,"validation"
25664,"train"
25665,"train"
25666,"train"
25667,"train"
25668,"train"
25669,"train"
25670,"train"
25671,"test"
25672,"test"
25673,"train"
25674,"train"
25675,"validation"
25676,"train"
25677,"train"
25678,"train"
25679,"train"
25680,"train"
25681,"validation"
25682,"train"
25683,"validation"
25684,"train"
25685,"train"
25686,"validation"
25687,"test"
25688,"train"
25689,"train"
25690,"test"
25691,"train"
25692,"train"
25693,"train"
25694,"test"
25695,"train"
25696,"train"
25697,"validation"
25698,"train"
25699,"train"
25700,"train"
25701,"test"
25702,"test"
25703,"train"
25704,"test"
25705,"train"
25706,"train"
25707,"test"
25708,"validation"
25709,"validation"
25710,"test"
25711,"test"
25712,"train"
25713,"train"
25714,"validation"
25715,"train"
25716,"validation"
25717,"train"
25718,"validation"
25719,"train"
25720,"train"
25721,"train"
25722,"test"
25723,"train"
25724,"train"
25725,"validation"
25726,"train"
25727,"validation"
25728,"train"
25729,"validation"
25730,"test"
25731,"train"
25732,"train"
25733,"train"
25734,"train"
25735,"train"
25736,"train"
25737,"train"
25738,"train"
25739,"train"
25740,"validation"
25741,"validation"
25742,"validation"
25743,"train"
25744,"train"
25745,"train"
25746,"train"
25747,"validation"
25748,"train"
25749,"validation"
25750,"test"
25751,"validation"
25752,"train"
25753,"validation"
25754,"validation"
25755,"validation"
25756,"validation"
25757,"train"
25758,"train"
25759,"train"
25760,"train"
25761,"train"
25762,"train"
25763,"validation"
25764,"test"
25765,"test"
25766,"train"
25767,"validation"
25768,"validation"
25769,"train"
25770,"train"
25771,"train"
25772,"train"
25773,"validation"
25774,"test"
25775,"train"
25776,"test"
25777,"validation"
25778,"validation"
25779,"train"
25780,"train"
25781,"train"
25782,"train"
25783,"test"
25784,"train"
25785,"validation"
25786,"train"
25787,"train"
25788,"validation"
25789,"validation"
25790,"train"
25791,"train"
25792,"train"
25793,"train"
25794,"test"
25795,"train"
25796,"train"
25797,"validation"
25798,"train"
25799,"test"
25800,"test"
25801,"validation"
25802,"train"
25803,"validation"
25804,"test"
25805,"train"
25806,"validation"
25807,"test"
25808,"train"
25809,"test"
25810,"train"
25811,"validation"
25812,"test"
25813,"train"
25814,"train"
25815,"train"
25816,"test"
25817,"test"
25818,"train"
25819,"train"
25820,"test"
25821,"train"
25822,"train"
25823,"train"
25824,"train"
25825,"test"
25826,"train"
25827,"test"
25828,"train"
25829,"train"
25830,"test"
25831,"train"
25832,"train"
25833,"train"
25834,"train"
25835,"train"
25836,"validation"
25837,"train"
25838,"train"
25839,"train"
25840,"train"
25841,"train"
25842,"train"
25843,"validation"
25844,"train"
25845,"train"
25846,"train"
25847,"validation"
25848,"train"
25849,"train"
25850,"validation"
25851,"train"
25852,"train"
25853,"test"
25854,"validation"
25855,"train"
25856,"train"
25857,"validation"
25858,"train"
25859,"train"
25860,"train"
25861,"train"
25862,"train"
25863,"train"
25864,"train"
25865,"train"
25866,"test"
25867,"test"
25868,"validation"
25869,"train"
25870,"train"
25871,"train"
25872,"test"
25873,"train"
25874,"test"
25875,"train"
25876,"train"
25877,"train"
25878,"train"
25879,"train"
25880,"train"
25881,"train"
25882,"validation"
25883,"train"
25884,"train"
25885,"validation"
25886,"train"
25887,"train"
25888,"validation"
25889,"train"
25890,"test"
25891,"train"
25892,"train"
25893,"validation"
25894,"train"
25895,"validation"
25896,"train"
25897,"validation"
25898,"validation"
25899,"train"
25900,"train"
25901,"train"
25902,"validation"
25903,"train"
25904,"validation"
25905,"test"
25906,"train"
25907,"train"
25908,"train"
25909,"train"
25910,"train"
25911,"test"
25912,"train"
25913,"test"
25914,"train"
25915,"train"
25916,"train"
25917,"train"
25918,"test"
25919,"validation"
25920,"test"
25921,"validation"
25922,"test"
25923,"train"
25924,"train"
25925,"train"
25926,"test"
25927,"train"
25928,"test"
25929,"test"
25930,"test"
25931,"test"
25932,"validation"
25933,"train"
25934,"train"
25935,"train"
25936,"train"
25937,"test"
25938,"train"
25939,"train"
25940,"train"
25941,"train"
25942,"train"
25943,"train"
25944,"test"
25945,"test"
25946,"train"
25947,"validation"
25948,"train"
25949,"validation"
25950,"train"
25951,"train"
25952,"test"
25953,"train"
25954,"train"
25955,"train"
25956,"test"
25957,"train"
25958,"train"
25959,"test"
25960,"train"
25961,"train"
25962,"test"
25963,"test"
25964,"train"
25965,"train"
25966,"train"
25967,"test"
25968,"test"
25969,"train"
25970,"train"
25971,"test"
25972,"test"
25973,"validation"
25974,"train"
25975,"train"
25976,"test"
25977,"test"
25978,"train"
25979,"train"
25980,"validation"
25981,"train"
25982,"train"
25983,"train"
25984,"train"
25985,"train"
25986,"train"
25987,"train"
25988,"validation"
25989,"train"
25990,"test"
25991,"train"
25992,"train"
25993,"validation"
25994,"train"
25995,"validation"
25996,"validation"
25997,"train"
25998,"validation"
25999,"train"
26000,"test"
26001,"train"
26002,"train"
26003,"train"
26004,"train"
26005,"train"
26006,"test"
26007,"test"
26008,"train"
26009,"test"
26010,"train"
26011,"train"
26012,"train"
26013,"train"
26014,"test"
26015,"test"
26016,"train"
26017,"validation"
26018,"test"
26019,"validation"
26020,"train"
26021,"train"
26022,"test"
26023,"train"
26024,"validation"
26025,"train"
26026,"validation"
26027,"train"
26028,"validation"
26029,"test"
26030,"train"
26031,"train"
26032,"train"
26033,"train"
26034,"train"
26035,"train"
26036,"test"
26037,"train"
26038,"test"
26039,"test"
26040,"train"
26041,"train"
26042,"train"
26043,"test"
26044,"train"
26045,"train"
26046,"test"
26047,"train"
26048,"train"
26049,"train"
26050,"test"
26051,"train"
26052,"train"
26053,"test"
26054,"train"
26055,"test"
26056,"test"
26057,"train"
26058,"validation"
26059,"test"
26060,"train"
26061,"test"
26062,"train"
26063,"validation"
26064,"test"
26065,"train"
26066,"train"
26067,"train"
26068,"validation"
26069,"train"
26070,"train"
26071,"validation"
26072,"train"
26073,"train"
26074,"test"
26075,"validation"
26076,"train"
26077,"train"
26078,"validation"
26079,"train"
26080,"validation"
26081,"train"
26082,"validation"
26083,"train"
26084,"validation"
26085,"validation"
26086,"test"
26087,"train"
26088,"train"
26089,"train"
26090,"train"
26091,"train"
26092,"train"
26093,"train"
26094,"train"
26095,"validation"
26096,"train"
26097,"train"
26098,"test"
26099,"test"
26100,"test"
26101,"validation"
26102,"train"
26103,"train"
26104,"test"
26105,"train"
26106,"train"
26107,"train"
26108,"test"
26109,"train"
26110,"test"
26111,"validation"
26112,"train"
26113,"validation"
26114,"train"
26115,"train"
26116,"train"
26117,"train"
26118,"validation"
26119,"train"
26120,"test"
26121,"train"
26122,"validation"
26123,"train"
26124,"validation"
26125,"train"
26126,"test"
26127,"train"
26128,"validation"
26129,"train"
26130,"train"
26131,"train"
26132,"test"
26133,"train"
26134,"train"
26135,"test"
26136,"train"
26137,"test"
26138,"test"
26139,"train"
26140,"validation"
26141,"train"
26142,"validation"
26143,"train"
26144,"train"
26145,"train"
26146,"train"
26147,"train"
26148,"train"
26149,"train"
26150,"train"
26151,"train"
26152,"validation"
26153,"train"
26154,"validation"
26155,"validation"
26156,"train"
26157,"test"
26158,"train"
26159,"train"
26160,"validation"
26161,"test"
26162,"train"
26163,"validation"
26164,"train"
26165,"train"
26166,"test"
26167,"test"
26168,"train"
26169,"test"
26170,"train"
26171,"train"
26172,"train"
26173,"test"
26174,"test"
26175,"validation"
26176,"test"
26177,"validation"
26178,"train"
26179,"test"
26180,"train"
26181,"test"
26182,"train"
26183,"test"
26184,"test"
26185,"validation"
26186,"validation"
26187,"train"
26188,"validation"
26189,"train"
26190,"validation"
26191,"train"
26192,"train"
26193,"test"
26194,"train"
26195,"train"
26196,"train"
26197,"train"
26198,"train"
26199,"train"
26200,"train"
26201,"train"
26202,"train"
26203,"validation"
26204,"train"
26205,"test"
26206,"train"
26207,"train"
26208,"test"
26209,"train"
26210,"train"
26211,"train"
26212,"train"
26213,"validation"
26214,"train"
26215,"validation"
26216,"train"
26217,"train"
26218,"test"
26219,"train"
26220,"train"
26221,"train"
26222,"train"
26223,"train"
26224,"test"
26225,"train"
26226,"train"
26227,"train"
26228,"train"
26229,"validation"
26230,"test"
26231,"test"
26232,"train"
26233,"validation"
26234,"test"
26235,"train"
26236,"train"
26237,"test"
26238,"validation"
26239,"validation"
26240,"train"
26241,"train"
26242,"validation"
26243,"train"
26244,"train"
26245,"validation"
26246,"test"
26247,"validation"
26248,"validation"
26249,"train"
26250,"validation"
26251,"test"
26252,"train"
26253,"test"
26254,"train"
26255,"train"
26256,"train"
26257,"train"
26258,"train"
26259,"test"
26260,"test"
26261,"train"
26262,"train"
26263,"train"
26264,"validation"
26265,"test"
26266,"validation"
26267,"validation"
26268,"train"
26269,"test"
26270,"test"
26271,"train"
26272,"train"
26273,"validation"
26274,"train"
26275,"train"
26276,"test"
26277,"train"
26278,"validation"
26279,"validation"
26280,"train"
26281,"train"
26282,"test"
26283,"train"
26284,"train"
26285,"train"
26286,"validation"
26287,"train"
26288,"train"
26289,"train"
26290,"validation"
26291,"test"
26292,"train"
26293,"train"
26294,"train"
26295,"train"
26296,"train"
26297,"validation"
26298,"train"
26299,"train"
26300,"validation"
26301,"validation"
26302,"train"
26303,"train"
26304,"train"
26305,"validation"
26306,"validation"
26307,"train"
26308,"train"
26309,"train"
26310,"train"
26311,"train"
26312,"test"
26313,"train"
26314,"train"
26315,"train"
26316,"test"
26317,"train"
26318,"train"
26319,"test"
26320,"train"
26321,"train"
26322,"test"
26323,"test"
26324,"validation"
26325,"train"
26326,"validation"
26327,"train"
26328,"test"
26329,"train"
26330,"validation"
26331,"train"
26332,"validation"
26333,"test"
26334,"train"
26335,"train"
26336,"train"
26337,"validation"
26338,"train"
26339,"validation"
26340,"train"
26341,"train"
26342,"validation"
26343,"test"
26344,"test"
26345,"train"
26346,"train"
26347,"validation"
26348,"validation"
26349,"train"
26350,"test"
26351,"validation"
26352,"train"
26353,"train"
26354,"train"
26355,"train"
26356,"test"
26357,"train"
26358,"train"
26359,"train"
26360,"train"
26361,"validation"
26362,"train"
26363,"train"
26364,"train"
26365,"test"
26366,"train"
26367,"train"
26368,"validation"
26369,"train"
26370,"train"
26371,"train"
26372,"test"
26373,"train"
26374,"train"
26375,"train"
26376,"validation"
26377,"test"
26378,"train"
26379,"validation"
26380,"train"
26381,"train"
26382,"validation"
26383,"train"
26384,"train"
26385,"train"
26386,"test"
26387,"train"
26388,"validation"
26389,"train"
26390,"train"
26391,"validation"
26392,"validation"
26393,"test"
26394,"validation"
26395,"validation"
26396,"train"
26397,"train"
26398,"train"
26399,"test"
26400,"train"
26401,"validation"
26402,"validation"
26403,"test"
26404,"train"
26405,"validation"
26406,"train"
26407,"train"
26408,"test"
26409,"train"
26410,"train"
26411,"train"
26412,"validation"
26413,"test"
26414,"train"
26415,"test"
26416,"train"
26417,"train"
26418,"validation"
26419,"train"
26420,"train"
26421,"validation"
26422,"test"
26423,"train"
26424,"train"
26425,"validation"
26426,"train"
26427,"train"
26428,"train"
26429,"train"
26430,"train"
26431,"validation"
26432,"validation"
26433,"train"
26434,"test"
26435,"validation"
26436,"test"
26437,"validation"
26438,"validation"
26439,"validation"
26440,"train"
26441,"train"
26442,"test"
26443,"train"
26444,"test"
26445,"train"
26446,"train"
26447,"test"
26448,"test"
26449,"train"
26450,"validation"
26451,"train"
26452,"train"
26453,"train"
26454,"train"
26455,"test"
26456,"train"
26457,"validation"
26458,"validation"
26459,"test"
26460,"validation"
26461,"validation"
26462,"train"
26463,"train"
26464,"train"
26465,"validation"
26466,"train"
26467,"train"
26468,"test"
26469,"train"
26470,"train"
26471,"train"
26472,"test"
26473,"train"
26474,"train"
26475,"train"
26476,"validation"
26477,"train"
26478,"test"
26479,"train"
26480,"train"
26481,"validation"
26482,"train"
26483,"train"
26484,"test"
26485,"train"
26486,"train"
26487,"train"
26488,"test"
26489,"train"
26490,"test"
26491,"train"
26492,"validation"
26493,"test"
26494,"train"
26495,"test"
26496,"train"
26497,"test"
26498,"train"
26499,"train"
26500,"train"
26501,"test"
26502,"validation"
26503,"train"
26504,"test"
26505,"validation"
26506,"validation"
26507,"train"
26508,"train"
26509,"validation"
26510,"test"
26511,"validation"
26512,"test"
26513,"test"
26514,"train"
26515,"train"
26516,"validation"
26517,"test"
26518,"test"
26519,"train"
26520,"validation"
26521,"train"
26522,"test"
26523,"train"
26524,"train"
26525,"train"
26526,"train"
26527,"train"
26528,"train"
26529,"train"
26530,"train"
26531,"test"
26532,"test"
26533,"test"
26534,"validation"
26535,"train"
26536,"test"
26537,"train"
26538,"train"
26539,"validation"
26540,"train"
26541,"train"
26542,"test"
26543,"validation"
26544,"train"
26545,"train"
26546,"train"
26547,"test"
26548,"validation"
26549,"test"
26550,"test"
26551,"train"
26552,"test"
26553,"validation"
26554,"validation"
26555,"train"
26556,"train"
26557,"train"
26558,"train"
26559,"train"
26560,"validation"
26561,"train"
26562,"train"
26563,"train"
26564,"train"
26565,"validation"
26566,"train"
26567,"train"
26568,"train"
26569,"train"
26570,"train"
26571,"train"
26572,"train"
26573,"validation"
26574,"validation"
26575,"train"
26576,"train"
26577,"validation"
26578,"train"
26579,"train"
26580,"validation"
26581,"train"
26582,"train"
26583,"test"
26584,"test"
26585,"test"
26586,"test"
26587,"validation"
26588,"validation"
26589,"train"
26590,"train"
26591,"test"
26592,"validation"
26593,"test"
26594,"validation"
26595,"validation"
26596,"train"
26597,"train"
26598,"train"
26599,"train"
26600,"train"
26601,"train"
26602,"validation"
26603,"train"
26604,"train"
26605,"train"
26606,"train"
26607,"train"
26608,"train"
26609,"train"
26610,"train"
26611,"train"
26612,"validation"
26613,"validation"
26614,"test"
26615,"validation"
26616,"test"
26617,"train"
26618,"test"
26619,"train"
26620,"validation"
26621,"train"
26622,"train"
26623,"train"
26624,"train"
26625,"train"
26626,"train"
26627,"test"
26628,"test"
26629,"train"
26630,"test"
26631,"train"
26632,"train"
26633,"validation"
26634,"train"
26635,"train"
26636,"validation"
26637,"validation"
26638,"test"
26639,"train"
26640,"train"
26641,"train"
26642,"train"
26643,"train"
26644,"validation"
26645,"validation"
26646,"validation"
26647,"validation"
26648,"validation"
26649,"train"
26650,"validation"
26651,"train"
26652,"train"
26653,"train"
26654,"test"
26655,"validation"
26656,"validation"
26657,"validation"
26658,"validation"
26659,"train"
26660,"validation"
26661,"train"
26662,"train"
26663,"train"
26664,"train"
26665,"train"
26666,"train"
26667,"validation"
26668,"train"
26669,"validation"
26670,"test"
26671,"train"
26672,"test"
26673,"test"
26674,"test"
26675,"train"
26676,"train"
26677,"validation"
26678,"test"
26679,"train"
26680,"train"
26681,"train"
26682,"validation"
26683,"validation"
26684,"train"
26685,"test"
26686,"validation"
26687,"train"
26688,"train"
26689,"validation"
26690,"train"
26691,"train"
26692,"test"
26693,"validation"
26694,"test"
26695,"validation"
26696,"validation"
26697,"validation"
26698,"train"
26699,"validation"
26700,"test"
26701,"validation"
26702,"train"
26703,"train"
26704,"train"
26705,"test"
26706,"train"
26707,"validation"
26708,"train"
26709,"test"
26710,"train"
26711,"validation"
26712,"train"
26713,"test"
26714,"validation"
26715,"train"
26716,"train"
26717,"train"
26718,"train"
26719,"test"
26720,"validation"
26721,"train"
26722,"train"
26723,"train"
26724,"train"
26725,"test"
26726,"train"
26727,"test"
26728,"train"
26729,"train"
26730,"train"
26731,"validation"
26732,"train"
26733,"train"
26734,"train"
26735,"validation"
26736,"train"
26737,"train"
26738,"train"
26739,"test"
26740,"test"
26741,"train"
26742,"validation"
26743,"train"
26744,"train"
26745,"train"
26746,"train"
26747,"test"
26748,"test"
26749,"test"
26750,"validation"
26751,"train"
26752,"validation"
26753,"train"
26754,"train"
26755,"train"
26756,"train"
26757,"train"
26758,"test"
26759,"validation"
26760,"train"
26761,"test"
26762,"train"
26763,"train"
26764,"train"
26765,"test"
26766,"train"
26767,"train"
26768,"train"
26769,"train"
26770,"validation"
26771,"train"
26772,"train"
26773,"train"
26774,"train"
26775,"test"
26776,"train"
26777,"test"
26778,"validation"
26779,"test"
26780,"train"
26781,"train"
26782,"train"
26783,"train"
26784,"validation"
26785,"train"
26786,"train"
26787,"train"
26788,"validation"
26789,"train"
26790,"train"
26791,"train"
26792,"validation"
26793,"test"
26794,"validation"
26795,"train"
26796,"train"
26797,"train"
26798,"train"
26799,"train"
26800,"train"
26801,"train"
26802,"train"
26803,"train"
26804,"validation"
26805,"train"
26806,"test"
26807,"train"
26808,"validation"
26809,"test"
26810,"train"
26811,"validation"
26812,"train"
26813,"train"
26814,"test"
26815,"test"
26816,"validation"
26817,"test"
26818,"train"
26819,"train"
26820,"train"
26821,"train"
26822,"test"
26823,"train"
26824,"test"
26825,"validation"
26826,"test"
26827,"validation"
26828,"validation"
26829,"train"
26830,"train"
26831,"train"
26832,"test"
26833,"train"
26834,"train"
26835,"test"
26836,"train"
26837,"validation"
26838,"validation"
26839,"train"
26840,"train"
26841,"train"
26842,"validation"
26843,"train"
26844,"validation"
26845,"validation"
26846,"train"
26847,"test"
26848,"test"
26849,"validation"
26850,"train"
26851,"validation"
26852,"validation"
26853,"test"
26854,"train"
26855,"test"
26856,"validation"
26857,"test"
26858,"validation"
26859,"train"
26860,"train"
26861,"test"
26862,"train"
26863,"train"
26864,"train"
26865,"train"
26866,"train"
26867,"train"
26868,"test"
26869,"validation"
26870,"validation"
26871,"test"
26872,"train"
26873,"train"
26874,"validation"
26875,"validation"
26876,"train"
26877,"validation"
26878,"train"
26879,"train"
26880,"train"
26881,"validation"
26882,"train"
26883,"validation"
26884,"test"
26885,"train"
26886,"train"
26887,"train"
26888,"validation"
26889,"train"
26890,"test"
26891,"train"
26892,"validation"
26893,"train"
26894,"train"
26895,"validation"
26896,"train"
26897,"train"
26898,"test"
26899,"train"
26900,"train"
26901,"train"
26902,"train"
26903,"train"
26904,"train"
26905,"test"
26906,"train"
26907,"train"
26908,"train"
26909,"test"
26910,"validation"
26911,"train"
26912,"train"
26913,"train"
26914,"train"
26915,"train"
26916,"train"
26917,"train"
26918,"train"
26919,"validation"
26920,"train"
26921,"validation"
26922,"train"
26923,"train"
26924,"test"
26925,"train"
26926,"train"
26927,"train"
26928,"validation"
26929,"train"
26930,"train"
26931,"test"
26932,"train"
26933,"train"
26934,"train"
26935,"train"
26936,"train"
26937,"test"
26938,"validation"
26939,"train"
26940,"train"
26941,"test"
26942,"test"
26943,"train"
26944,"test"
26945,"train"
26946,"train"
26947,"validation"
26948,"train"
26949,"train"
26950,"train"
26951,"test"
26952,"test"
26953,"train"
26954,"validation"
26955,"test"
26956,"test"
26957,"train"
26958,"train"
26959,"validation"
26960,"train"
26961,"test"
26962,"test"
26963,"train"
26964,"train"
26965,"test"
26966,"test"
26967,"test"
26968,"validation"
26969,"test"
26970,"validation"
26971,"train"
26972,"train"
26973,"validation"
26974,"train"
26975,"validation"
26976,"test"
26977,"test"
26978,"test"
26979,"test"
26980,"validation"
26981,"train"
26982,"validation"
26983,"validation"
26984,"validation"
26985,"validation"
26986,"train"
26987,"validation"
26988,"train"
26989,"test"
26990,"train"
26991,"train"
26992,"test"
26993,"train"
26994,"validation"
26995,"train"
26996,"train"
26997,"test"
26998,"test"
26999,"train"
27000,"train"
27001,"train"
27002,"train"
27003,"train"
27004,"test"
27005,"test"
27006,"test"
27007,"validation"
27008,"train"
27009,"train"
27010,"validation"
27011,"test"
27012,"train"
27013,"train"
27014,"test"
27015,"train"
27016,"train"
27017,"train"
27018,"train"
27019,"train"
27020,"train"
27021,"train"
27022,"train"
27023,"train"
27024,"train"
27025,"train"
27026,"test"
27027,"validation"
27028,"train"
27029,"test"
27030,"test"
27031,"train"
27032,"train"
27033,"train"
27034,"train"
27035,"validation"
27036,"test"
27037,"train"
27038,"train"
27039,"train"
27040,"train"
27041,"train"
27042,"validation"
27043,"train"
27044,"validation"
27045,"train"
27046,"train"
27047,"train"
27048,"train"
27049,"train"
27050,"validation"
27051,"test"
27052,"validation"
27053,"train"
27054,"test"
27055,"train"
27056,"train"
27057,"validation"
27058,"train"
27059,"test"
27060,"train"
27061,"validation"
27062,"test"
27063,"validation"
27064,"train"
27065,"train"
27066,"test"
27067,"train"
27068,"test"
27069,"train"
27070,"train"
27071,"train"
27072,"train"
27073,"test"
27074,"train"
27075,"train"
27076,"train"
27077,"train"
27078,"train"
27079,"train"
27080,"test"
27081,"train"
27082,"train"
27083,"train"
27084,"train"
27085,"validation"
27086,"test"
27087,"train"
27088,"train"
27089,"train"
27090,"train"
27091,"train"
27092,"validation"
27093,"train"
27094,"train"
27095,"train"
27096,"validation"
27097,"train"
27098,"test"
27099,"train"
27100,"validation"
27101,"validation"
27102,"test"
27103,"train"
27104,"train"
27105,"train"
27106,"train"
27107,"validation"
27108,"test"
27109,"test"
27110,"test"
27111,"validation"
27112,"test"
27113,"train"
27114,"validation"
27115,"train"
27116,"test"
27117,"train"
27118,"train"
27119,"test"
27120,"train"
27121,"train"
27122,"train"
27123,"train"
27124,"train"
27125,"test"
27126,"test"
27127,"test"
27128,"train"
27129,"train"
27130,"validation"
27131,"train"
27132,"train"
27133,"train"
27134,"test"
27135,"train"
27136,"train"
27137,"train"
27138,"validation"
27139,"validation"
27140,"validation"
27141,"test"
27142,"validation"
27143,"train"
27144,"train"
27145,"validation"
27146,"validation"
27147,"train"
27148,"train"
27149,"train"
27150,"train"
27151,"test"
27152,"train"
27153,"train"
27154,"train"
27155,"test"
27156,"validation"
27157,"train"
27158,"train"
27159,"validation"
27160,"test"
27161,"test"
27162,"train"
27163,"test"
27164,"train"
27165,"test"
27166,"test"
27167,"test"
27168,"train"
27169,"test"
27170,"train"
27171,"train"
27172,"validation"
27173,"train"
27174,"test"
27175,"train"
27176,"test"
27177,"train"
27178,"train"
27179,"train"
27180,"train"
27181,"train"
27182,"validation"
27183,"validation"
27184,"test"
27185,"test"
27186,"validation"
27187,"test"
27188,"validation"
27189,"train"
27190,"validation"
27191,"train"
27192,"test"
27193,"train"
27194,"train"
27195,"validation"
27196,"validation"
27197,"train"
27198,"train"
27199,"train"
27200,"train"
27201,"test"
27202,"train"
27203,"validation"
27204,"train"
27205,"train"
27206,"train"
27207,"train"
27208,"validation"
27209,"train"
27210,"train"
27211,"validation"
27212,"train"
27213,"train"
27214,"train"
27215,"validation"
27216,"train"
27217,"test"
27218,"train"
27219,"train"
27220,"train"
27221,"test"
27222,"test"
27223,"train"
27224,"train"
27225,"test"
27226,"train"
27227,"train"
27228,"validation"
27229,"train"
27230,"validation"
27231,"train"
27232,"train"
27233,"train"
27234,"test"
27235,"test"
27236,"train"
27237,"test"
27238,"train"
27239,"train"
27240,"train"
27241,"test"
27242,"train"
27243,"train"
27244,"test"
27245,"train"
27246,"train"
27247,"train"
27248,"test"
27249,"train"
27250,"validation"
27251,"train"
27252,"train"
27253,"train"
27254,"test"
27255,"train"
27256,"validation"
27257,"train"
27258,"train"
27259,"train"
27260,"train"
27261,"train"
27262,"train"
27263,"train"
27264,"test"
27265,"test"
27266,"train"
27267,"train"
27268,"validation"
27269,"train"
27270,"validation"
27271,"test"
27272,"validation"
27273,"train"
27274,"test"
27275,"validation"
27276,"train"
27277,"test"
27278,"validation"
27279,"test"
27280,"test"
27281,"train"
27282,"test"
27283,"train"
27284,"train"
27285,"validation"
27286,"test"
27287,"train"
27288,"test"
27289,"test"
27290,"train"
27291,"test"
27292,"validation"
27293,"train"
27294,"train"
27295,"train"
27296,"validation"
27297,"train"
27298,"test"
27299,"test"
27300,"train"
27301,"test"
27302,"train"
27303,"validation"
27304,"train"
27305,"test"
27306,"train"
27307,"validation"
27308,"test"
27309,"train"
27310,"train"
27311,"train"
27312,"test"
27313,"validation"
27314,"validation"
27315,"validation"
27316,"test"
27317,"validation"
27318,"validation"
27319,"validation"
27320,"train"
27321,"train"
27322,"train"
27323,"train"
27324,"train"
27325,"validation"
27326,"train"
27327,"test"
27328,"test"
27329,"validation"
27330,"train"
27331,"test"
27332,"validation"
27333,"validation"
27334,"train"
27335,"test"
27336,"test"
27337,"test"
27338,"validation"
27339,"train"
27340,"train"
27341,"train"
27342,"test"
27343,"train"
27344,"train"
27345,"validation"
27346,"test"
27347,"train"
27348,"validation"
27349,"train"
27350,"train"
27351,"test"
27352,"validation"
27353,"test"
27354,"test"
27355,"train"
27356,"test"
27357,"train"
27358,"train"
27359,"validation"
27360,"train"
27361,"train"
27362,"test"
27363,"test"
27364,"test"
27365,"train"
27366,"train"
27367,"validation"
27368,"test"
27369,"train"
27370,"train"
27371,"train"
27372,"test"
27373,"train"
27374,"validation"
27375,"test"
27376,"train"
27377,"validation"
27378,"train"
27379,"train"
27380,"train"
27381,"train"
27382,"train"
27383,"validation"
27384,"train"
27385,"validation"
27386,"validation"
27387,"train"
27388,"validation"
27389,"train"
27390,"validation"
27391,"test"
27392,"validation"
27393,"train"
27394,"train"
27395,"train"
27396,"train"
27397,"test"
27398,"train"
27399,"train"
27400,"train"
27401,"train"
27402,"test"
27403,"train"
27404,"train"
27405,"train"
27406,"test"
27407,"validation"
27408,"train"
27409,"train"
27410,"validation"
27411,"train"
27412,"train"
27413,"validation"
27414,"train"
27415,"train"
27416,"train"
27417,"train"
27418,"validation"
27419,"validation"
27420,"train"
27421,"train"
27422,"validation"
27423,"train"
27424,"train"
27425,"validation"
27426,"validation"
27427,"train"
27428,"test"
27429,"test"
27430,"test"
27431,"validation"
27432,"train"
27433,"train"
27434,"validation"
27435,"train"
27436,"train"
27437,"train"
27438,"train"
27439,"train"
27440,"validation"
27441,"train"
27442,"train"
27443,"test"
27444,"train"
27445,"train"
27446,"test"
27447,"train"
27448,"train"
27449,"train"
27450,"train"
27451,"train"
27452,"test"
27453,"train"
27454,"train"
27455,"train"
27456,"train"
27457,"train"
27458,"validation"
27459,"test"
27460,"train"
27461,"train"
27462,"train"
27463,"validation"
27464,"test"
27465,"train"
27466,"train"
27467,"validation"
27468,"train"
27469,"train"
27470,"train"
27471,"train"
27472,"validation"
27473,"train"
27474,"validation"
27475,"test"
27476,"validation"
27477,"train"
27478,"validation"
27479,"train"
27480,"test"
27481,"test"
27482,"test"
27483,"validation"
27484,"train"
27485,"train"
27486,"train"
27487,"train"
27488,"validation"
27489,"train"
27490,"train"
27491,"train"
27492,"test"
27493,"test"
27494,"train"
27495,"test"
27496,"train"
27497,"test"
27498,"train"
27499,"train"
27500,"train"
27501,"train"
27502,"train"
27503,"validation"
27504,"train"
27505,"train"
27506,"train"
27507,"train"
27508,"train"
27509,"test"
27510,"test"
27511,"test"
27512,"train"
27513,"validation"
27514,"train"
27515,"test"
27516,"train"
27517,"validation"
27518,"train"
27519,"test"
27520,"train"
27521,"train"
27522,"train"
27523,"train"
27524,"train"
27525,"train"
27526,"validation"
27527,"validation"
27528,"train"
27529,"test"
27530,"test"
27531,"train"
27532,"train"
27533,"test"
27534,"test"
27535,"test"
27536,"test"
27537,"test"
27538,"train"
27539,"test"
27540,"train"
27541,"validation"
27542,"test"
27543,"test"
27544,"train"
27545,"test"
27546,"train"
27547,"train"
27548,"train"
27549,"test"
27550,"test"
27551,"validation"
27552,"test"
27553,"train"
27554,"train"
27555,"train"
27556,"train"
27557,"train"
27558,"train"
27559,"test"
27560,"train"
27561,"validation"
27562,"validation"
27563,"train"
27564,"validation"
27565,"train"
27566,"train"
27567,"train"
27568,"validation"
27569,"validation"
27570,"train"
27571,"test"
27572,"validation"
27573,"validation"
27574,"train"
27575,"train"
27576,"test"
27577,"train"
27578,"train"
27579,"train"
27580,"test"
27581,"train"
27582,"train"
27583,"train"
27584,"train"
27585,"validation"
27586,"train"
27587,"train"
27588,"validation"
27589,"validation"
27590,"train"
27591,"validation"
27592,"train"
27593,"train"
27594,"validation"
27595,"test"
27596,"train"
27597,"validation"
27598,"train"
27599,"test"
27600,"test"
27601,"validation"
27602,"validation"
27603,"validation"
27604,"validation"
27605,"train"
27606,"train"
27607,"train"
27608,"train"
27609,"validation"
27610,"test"
27611,"train"
27612,"validation"
27613,"validation"
27614,"train"
27615,"train"
27616,"train"
27617,"train"
27618,"train"
27619,"train"
27620,"train"
27621,"validation"
27622,"train"
27623,"train"
27624,"train"
27625,"validation"
27626,"train"
27627,"train"
27628,"train"
27629,"train"
27630,"train"
27631,"train"
27632,"test"
27633,"train"
27634,"validation"
27635,"train"
27636,"validation"
27637,"train"
27638,"train"
27639,"train"
27640,"train"
27641,"train"
27642,"train"
27643,"train"
27644,"train"
27645,"validation"
27646,"train"
27647,"train"
27648,"train"
27649,"train"
27650,"test"
27651,"validation"
27652,"validation"
27653,"train"
27654,"test"
27655,"train"
27656,"train"
27657,"train"
27658,"train"
27659,"train"
27660,"train"
27661,"train"
27662,"train"
27663,"train"
27664,"validation"
27665,"train"
27666,"train"
27667,"train"
27668,"train"
27669,"test"
27670,"train"
27671,"validation"
27672,"train"
27673,"validation"
27674,"train"
27675,"validation"
27676,"train"
27677,"train"
27678,"test"
27679,"train"
27680,"test"
27681,"train"
27682,"train"
27683,"test"
27684,"test"
27685,"validation"
27686,"train"
27687,"test"
27688,"train"
27689,"validation"
27690,"train"
27691,"train"
27692,"train"
27693,"validation"
27694,"train"
27695,"train"
27696,"validation"
27697,"train"
27698,"test"
27699,"train"
27700,"train"
27701,"train"
27702,"train"
27703,"validation"
27704,"validation"
27705,"test"
27706,"train"
27707,"train"
27708,"train"
27709,"train"
27710,"validation"
27711,"train"
27712,"train"
27713,"test"
27714,"validation"
27715,"test"
27716,"train"
27717,"validation"
27718,"validation"
27719,"train"
27720,"validation"
27721,"validation"
27722,"train"
27723,"train"
27724,"train"
27725,"train"
27726,"test"
27727,"train"
27728,"train"
27729,"train"
27730,"test"
27731,"train"
27732,"train"
27733,"train"
27734,"train"
27735,"train"
27736,"validation"
27737,"train"
27738,"train"
27739,"train"
27740,"train"
27741,"train"
27742,"train"
27743,"train"
27744,"train"
27745,"train"
27746,"train"
27747,"train"
27748,"test"
27749,"train"
27750,"train"
27751,"validation"
27752,"validation"
27753,"train"
27754,"test"
27755,"validation"
27756,"test"
27757,"train"
27758,"test"
27759,"test"
27760,"train"
27761,"validation"
27762,"validation"
27763,"train"
27764,"test"
27765,"train"
27766,"test"
27767,"train"
27768,"train"
27769,"test"
27770,"train"
27771,"train"
27772,"test"
27773,"train"
27774,"train"
27775,"test"
27776,"test"
27777,"test"
27778,"validation"
27779,"test"
27780,"train"
27781,"test"
27782,"train"
27783,"train"
27784,"validation"
27785,"train"
27786,"validation"
27787,"train"
27788,"test"
27789,"train"
27790,"train"
27791,"train"
27792,"train"
27793,"validation"
27794,"validation"
27795,"test"
27796,"train"
27797,"train"
27798,"test"
27799,"test"
27800,"train"
27801,"train"
27802,"test"
27803,"train"
27804,"validation"
27805,"train"
27806,"train"
27807,"validation"
27808,"validation"
27809,"validation"
27810,"validation"
27811,"test"
27812,"validation"
27813,"train"
27814,"train"
27815,"train"
27816,"test"
27817,"validation"
27818,"validation"
27819,"train"
27820,"train"
27821,"train"
27822,"train"
27823,"train"
27824,"validation"
27825,"validation"
27826,"validation"
27827,"train"
27828,"train"
27829,"validation"
27830,"train"
27831,"train"
27832,"train"
27833,"test"
27834,"train"
27835,"train"
27836,"validation"
27837,"validation"
27838,"train"
27839,"train"
27840,"train"
27841,"validation"
27842,"train"
27843,"train"
27844,"train"
27845,"train"
27846,"validation"
27847,"train"
27848,"train"
27849,"train"
27850,"validation"
27851,"train"
27852,"train"
27853,"validation"
27854,"validation"
27855,"test"
27856,"test"
27857,"test"
27858,"validation"
27859,"train"
27860,"test"
27861,"validation"
27862,"train"
27863,"train"
27864,"validation"
27865,"validation"
27866,"validation"
27867,"train"
27868,"validation"
27869,"test"
27870,"train"
27871,"test"
27872,"test"
27873,"train"
27874,"validation"
27875,"train"
27876,"train"
27877,"train"
27878,"test"
27879,"train"
27880,"validation"
27881,"train"
27882,"validation"
27883,"train"
27884,"train"
27885,"test"
27886,"train"
27887,"train"
27888,"train"
27889,"train"
27890,"train"
27891,"train"
27892,"test"
27893,"validation"
27894,"test"
27895,"train"
27896,"validation"
27897,"train"
27898,"train"
27899,"validation"
27900,"train"
27901,"train"
27902,"test"
27903,"validation"
27904,"train"
27905,"train"
27906,"train"
27907,"validation"
27908,"train"
27909,"train"
27910,"train"
27911,"validation"
27912,"train"
27913,"train"
27914,"train"
27915,"test"
27916,"validation"
27917,"train"
27918,"validation"
27919,"train"
27920,"validation"
27921,"train"
27922,"train"
27923,"validation"
27924,"train"
27925,"train"
27926,"train"
27927,"validation"
27928,"test"
27929,"test"
27930,"test"
27931,"train"
27932,"train"
27933,"train"
27934,"train"
27935,"train"
27936,"train"
27937,"train"
27938,"test"
27939,"validation"
27940,"train"
27941,"train"
27942,"train"
27943,"train"
27944,"train"
27945,"train"
27946,"train"
27947,"test"
27948,"train"
27949,"train"
27950,"train"
27951,"validation"
27952,"validation"
27953,"train"
27954,"train"
27955,"train"
27956,"train"
27957,"test"
27958,"train"
27959,"train"
27960,"train"
27961,"train"
27962,"validation"
27963,"train"
27964,"validation"
27965,"test"
27966,"validation"
27967,"validation"
27968,"train"
27969,"test"
27970,"train"
27971,"train"
27972,"train"
27973,"validation"
27974,"train"
27975,"train"
27976,"train"
27977,"train"
27978,"train"
27979,"test"
27980,"train"
27981,"train"
27982,"train"
27983,"train"
27984,"validation"
27985,"validation"
27986,"train"
27987,"train"
27988,"test"
27989,"train"
27990,"train"
27991,"train"
27992,"train"
27993,"test"
27994,"validation"
27995,"validation"
27996,"test"
27997,"train"
27998,"train"
27999,"test"
28000,"train"
28001,"test"
28002,"train"
28003,"train"
28004,"test"
28005,"train"
28006,"test"
28007,"test"
28008,"test"
28009,"test"
28010,"test"
28011,"test"
28012,"train"
28013,"test"
28014,"train"
28015,"train"
28016,"train"
28017,"train"
28018,"train"
28019,"validation"
28020,"test"
28021,"test"
28022,"test"
28023,"test"
28024,"train"
28025,"train"
28026,"train"
28027,"train"
28028,"validation"
28029,"validation"
28030,"train"
28031,"train"
28032,"test"
28033,"train"
28034,"train"
28035,"train"
28036,"validation"
28037,"test"
28038,"validation"
28039,"train"
28040,"test"
28041,"train"
28042,"train"
28043,"train"
28044,"train"
28045,"train"
28046,"validation"
28047,"train"
28048,"validation"
28049,"validation"
28050,"train"
28051,"test"
28052,"test"
28053,"train"
28054,"train"
28055,"train"
28056,"validation"
28057,"validation"
28058,"validation"
28059,"train"
28060,"train"
28061,"test"
28062,"test"
28063,"test"
28064,"validation"
28065,"validation"
28066,"train"
28067,"train"
28068,"validation"
28069,"train"
28070,"train"
28071,"train"
28072,"test"
28073,"train"
28074,"train"
28075,"train"
28076,"validation"
28077,"train"
28078,"train"
28079,"train"
28080,"train"
28081,"test"
28082,"train"
28083,"train"
28084,"train"
28085,"train"
28086,"train"
28087,"train"
28088,"train"
28089,"train"
28090,"train"
28091,"train"
28092,"train"
28093,"test"
28094,"validation"
28095,"validation"
28096,"test"
28097,"validation"
28098,"train"
28099,"train"
28100,"validation"
28101,"validation"
28102,"test"
28103,"train"
28104,"test"
28105,"train"
28106,"train"
28107,"validation"
28108,"train"
28109,"train"
28110,"train"
28111,"train"
28112,"train"
28113,"test"
28114,"train"
28115,"train"
28116,"test"
28117,"train"
28118,"validation"
28119,"validation"
28120,"test"
28121,"validation"
28122,"test"
28123,"train"
28124,"validation"
28125,"train"
28126,"train"
28127,"train"
28128,"train"
28129,"test"
28130,"validation"
28131,"test"
28132,"train"
28133,"train"
28134,"train"
28135,"validation"
28136,"train"
28137,"train"
28138,"test"
28139,"train"
28140,"validation"
28141,"test"
28142,"validation"
28143,"train"
28144,"test"
28145,"train"
28146,"train"
28147,"train"
28148,"train"
28149,"train"
28150,"test"
28151,"test"
28152,"train"
28153,"train"
28154,"validation"
28155,"test"
28156,"test"
28157,"train"
28158,"train"
28159,"validation"
28160,"validation"
28161,"train"
28162,"validation"
28163,"train"
28164,"train"
28165,"validation"
28166,"test"
28167,"train"
28168,"validation"
28169,"train"
28170,"validation"
28171,"validation"
28172,"train"
28173,"train"
28174,"train"
28175,"train"
28176,"train"
28177,"test"
28178,"validation"
28179,"train"
28180,"train"
28181,"validation"
28182,"test"
28183,"test"
28184,"train"
28185,"train"
28186,"train"
28187,"train"
28188,"test"
28189,"test"
28190,"train"
28191,"train"
28192,"train"
28193,"train"
28194,"train"
28195,"train"
28196,"train"
28197,"train"
28198,"validation"
28199,"test"
28200,"train"
28201,"train"
28202,"train"
28203,"train"
28204,"train"
28205,"train"
28206,"train"
28207,"validation"
28208,"train"
28209,"validation"
28210,"train"
28211,"train"
28212,"test"
28213,"train"
28214,"validation"
28215,"train"
28216,"train"
28217,"train"
28218,"test"
28219,"test"
28220,"validation"
28221,"validation"
28222,"train"
28223,"train"
28224,"test"
28225,"test"
28226,"train"
28227,"test"
28228,"validation"
28229,"validation"
28230,"test"
28231,"train"
28232,"train"
28233,"train"
28234,"train"
28235,"train"
28236,"train"
28237,"test"
28238,"validation"
28239,"train"
28240,"train"
28241,"train"
28242,"validation"
28243,"train"
28244,"test"
28245,"train"
28246,"test"
28247,"train"
28248,"validation"
28249,"test"
28250,"test"
28251,"train"
28252,"train"
28253,"validation"
28254,"train"
28255,"train"
28256,"train"
28257,"train"
28258,"train"
28259,"train"
28260,"validation"
28261,"test"
28262,"test"
28263,"test"
28264,"train"
28265,"test"
28266,"train"
28267,"train"
28268,"train"
28269,"test"
28270,"train"
28271,"test"
28272,"train"
28273,"train"
28274,"train"
28275,"test"
28276,"validation"
28277,"train"
28278,"train"
28279,"train"
28280,"test"
28281,"validation"
28282,"test"
28283,"validation"
28284,"test"
28285,"train"
28286,"train"
28287,"train"
28288,"train"
28289,"train"
28290,"train"
28291,"train"
28292,"train"
28293,"train"
28294,"train"
28295,"train"
28296,"validation"
28297,"train"
28298,"train"
28299,"train"
28300,"train"
28301,"test"
28302,"train"
28303,"test"
28304,"test"
28305,"train"
28306,"train"
28307,"train"
28308,"test"
28309,"train"
28310,"train"
28311,"train"
28312,"test"
28313,"validation"
28314,"validation"
28315,"train"
28316,"train"
28317,"validation"
28318,"test"
28319,"test"
28320,"test"
28321,"train"
28322,"train"
28323,"test"
28324,"train"
28325,"train"
28326,"validation"
28327,"test"
28328,"train"
28329,"train"
28330,"train"
28331,"train"
28332,"train"
28333,"test"
28334,"train"
28335,"test"
28336,"train"
28337,"validation"
28338,"train"
28339,"validation"
28340,"train"
28341,"train"
28342,"test"
28343,"validation"
28344,"validation"
28345,"train"
28346,"train"
28347,"test"
28348,"validation"
28349,"train"
28350,"train"
28351,"train"
28352,"train"
28353,"train"
28354,"validation"
28355,"train"
28356,"train"
28357,"validation"
28358,"train"
28359,"validation"
28360,"train"
28361,"train"
28362,"validation"
28363,"train"
28364,"test"
28365,"train"
28366,"validation"
28367,"train"
28368,"test"
28369,"validation"
28370,"train"
28371,"validation"
28372,"train"
28373,"test"
28374,"train"
28375,"test"
28376,"train"
28377,"train"
28378,"train"
28379,"validation"
28380,"test"
28381,"test"
28382,"test"
28383,"test"
28384,"validation"
28385,"train"
28386,"test"
28387,"train"
28388,"validation"
28389,"validation"
28390,"test"
28391,"validation"
28392,"validation"
28393,"validation"
28394,"train"
28395,"train"
28396,"train"
28397,"train"
28398,"test"
28399,"train"
28400,"train"
28401,"validation"
28402,"train"
28403,"validation"
28404,"train"
28405,"train"
28406,"train"
28407,"test"
28408,"test"
28409,"train"
28410,"train"
28411,"test"
28412,"train"
28413,"validation"
28414,"validation"
28415,"train"
28416,"train"
28417,"train"
28418,"test"
28419,"train"
28420,"train"
28421,"validation"
28422,"train"
28423,"train"
28424,"train"
28425,"train"
28426,"train"
28427,"validation"
28428,"train"
28429,"train"
28430,"test"
28431,"train"
28432,"train"
28433,"train"
28434,"validation"
28435,"validation"
28436,"test"
28437,"train"
28438,"test"
28439,"test"
28440,"train"
28441,"train"
28442,"validation"
28443,"train"
28444,"train"
28445,"test"
28446,"train"
28447,"train"
28448,"train"
28449,"train"
28450,"train"
28451,"validation"
28452,"train"
28453,"test"
28454,"train"
28455,"train"
28456,"train"
28457,"test"
28458,"train"
28459,"train"
28460,"train"
28461,"train"
28462,"train"
28463,"train"
28464,"train"
28465,"test"
28466,"train"
28467,"train"
28468,"train"
28469,"train"
28470,"validation"
28471,"test"
28472,"train"
28473,"validation"
28474,"train"
28475,"train"
28476,"validation"
28477,"train"
28478,"train"
28479,"train"
28480,"validation"
28481,"test"
28482,"train"
28483,"train"
28484,"validation"
28485,"test"
28486,"train"
28487,"train"
28488,"train"
28489,"test"
28490,"train"
28491,"train"
28492,"train"
28493,"train"
28494,"train"
28495,"train"
28496,"train"
28497,"test"
28498,"train"
28499,"test"
28500,"validation"
28501,"train"
28502,"test"
28503,"test"
28504,"validation"
28505,"validation"
28506,"validation"
28507,"validation"
28508,"train"
28509,"validation"
28510,"train"
28511,"train"
28512,"train"
28513,"train"
28514,"train"
28515,"validation"
28516,"test"
28517,"train"
28518,"validation"
28519,"train"
28520,"test"
28521,"validation"
28522,"train"
28523,"validation"
28524,"train"
28525,"train"
28526,"validation"
28527,"validation"
28528,"train"
28529,"train"
28530,"validation"
28531,"train"
28532,"train"
28533,"train"
28534,"train"
28535,"train"
28536,"test"
28537,"test"
28538,"validation"
28539,"validation"
28540,"train"
28541,"train"
28542,"train"
28543,"validation"
28544,"test"
28545,"test"
28546,"validation"
28547,"validation"
28548,"test"
28549,"train"
28550,"test"
28551,"train"
28552,"train"
28553,"train"
28554,"train"
28555,"train"
28556,"train"
28557,"train"
28558,"train"
28559,"test"
28560,"validation"
28561,"train"
28562,"validation"
28563,"train"
28564,"train"
28565,"train"
28566,"train"
28567,"train"
28568,"validation"
28569,"train"
28570,"train"
28571,"test"
28572,"train"
28573,"train"
28574,"train"
28575,"train"
28576,"train"
28577,"train"
28578,"train"
28579,"validation"
28580,"validation"
28581,"validation"
28582,"test"
28583,"train"
28584,"train"
28585,"validation"
28586,"train"
28587,"validation"
28588,"train"
28589,"train"
28590,"train"
28591,"train"
28592,"train"
28593,"test"
28594,"train"
28595,"validation"
28596,"validation"
28597,"train"
28598,"train"
28599,"train"
28600,"test"
28601,"test"
28602,"train"
28603,"train"
28604,"train"
28605,"train"
28606,"train"
28607,"train"
28608,"validation"
28609,"validation"
28610,"train"
28611,"train"
28612,"train"
28613,"train"
28614,"train"
28615,"test"
28616,"train"
28617,"train"
28618,"train"
28619,"train"
28620,"train"
28621,"train"
28622,"train"
28623,"train"
28624,"train"
28625,"train"
28626,"test"
28627,"train"
28628,"validation"
28629,"train"
28630,"validation"
28631,"test"
28632,"validation"
28633,"train"
28634,"train"
28635,"train"
28636,"train"
28637,"test"
28638,"train"
28639,"train"
28640,"train"
28641,"validation"
28642,"train"
28643,"test"
28644,"train"
28645,"train"
28646,"train"
28647,"train"
28648,"train"
28649,"test"
28650,"train"
28651,"train"
28652,"train"
28653,"train"
28654,"train"
28655,"train"
28656,"validation"
28657,"test"
28658,"test"
28659,"test"
28660,"validation"
28661,"train"
28662,"train"
28663,"train"
28664,"test"
28665,"train"
28666,"train"
28667,"test"
28668,"test"
28669,"test"
28670,"train"
28671,"validation"
28672,"train"
28673,"test"
28674,"train"
28675,"train"
28676,"train"
28677,"test"
28678,"train"
28679,"test"
28680,"train"
28681,"train"
28682,"train"
28683,"train"
28684,"validation"
28685,"train"
28686,"train"
28687,"train"
28688,"train"
28689,"validation"
28690,"train"
28691,"test"
28692,"train"
28693,"train"
28694,"train"
28695,"train"
28696,"validation"
28697,"train"
28698,"train"
28699,"test"
28700,"test"
28701,"train"
28702,"train"
28703,"train"
28704,"train"
28705,"train"
28706,"validation"
28707,"test"
28708,"train"
28709,"train"
28710,"train"
28711,"train"
28712,"train"
28713,"validation"
28714,"test"
28715,"train"
28716,"train"
28717,"test"
28718,"test"
28719,"validation"
28720,"train"
28721,"test"
28722,"train"
28723,"test"
28724,"test"
28725,"train"
28726,"train"
28727,"train"
28728,"train"
28729,"test"
28730,"train"
28731,"train"
28732,"validation"
28733,"train"
28734,"train"
28735,"train"
28736,"train"
28737,"train"
28738,"train"
28739,"test"
28740,"test"
28741,"train"
28742,"train"
28743,"test"
28744,"train"
28745,"train"
28746,"test"
28747,"train"
28748,"train"
28749,"test"
28750,"validation"
28751,"validation"
28752,"test"
28753,"train"
28754,"test"
28755,"test"
28756,"train"
28757,"train"
28758,"train"
28759,"train"
28760,"train"
28761,"train"
28762,"train"
28763,"train"
28764,"validation"
28765,"train"
28766,"test"
28767,"train"
28768,"test"
28769,"train"
28770,"train"
28771,"train"
28772,"validation"
28773,"train"
28774,"train"
28775,"train"
28776,"train"
28777,"train"
28778,"test"
28779,"train"
28780,"test"
28781,"train"
28782,"train"
28783,"train"
28784,"train"
28785,"validation"
28786,"validation"
28787,"test"
28788,"train"
28789,"train"
28790,"validation"
28791,"train"
28792,"validation"
28793,"train"
28794,"train"
28795,"test"
28796,"train"
28797,"test"
28798,"train"
28799,"test"
28800,"train"
28801,"validation"
28802,"train"
28803,"test"
28804,"test"
28805,"train"
28806,"train"
28807,"train"
28808,"train"
28809,"train"
28810,"train"
28811,"train"
28812,"train"
28813,"train"
28814,"test"
28815,"train"
28816,"validation"
28817,"train"
28818,"validation"
28819,"train"
28820,"validation"
28821,"train"
28822,"train"
28823,"test"
28824,"validation"
28825,"train"
28826,"train"
28827,"train"
28828,"train"
28829,"validation"
28830,"validation"
28831,"train"
28832,"validation"
28833,"test"
28834,"train"
28835,"validation"
28836,"validation"
28837,"train"
28838,"test"
28839,"train"
28840,"test"
28841,"test"
28842,"test"
28843,"train"
28844,"train"
28845,"train"
28846,"train"
28847,"validation"
28848,"train"
28849,"validation"
28850,"train"
28851,"train"
28852,"test"
28853,"train"
28854,"train"
28855,"train"
28856,"train"
28857,"train"
28858,"train"
28859,"train"
28860,"test"
28861,"train"
28862,"train"
28863,"train"
28864,"train"
28865,"test"
28866,"test"
28867,"test"
28868,"train"
28869,"train"
28870,"validation"
28871,"test"
28872,"test"
28873,"train"
28874,"train"
28875,"train"
28876,"test"
28877,"train"
28878,"validation"
28879,"test"
28880,"train"
28881,"test"
28882,"train"
28883,"train"
28884,"train"
28885,"train"
28886,"train"
28887,"validation"
28888,"test"
28889,"train"
28890,"train"
28891,"train"
28892,"train"
28893,"train"
28894,"test"
28895,"test"
28896,"train"
28897,"train"
28898,"test"
28899,"test"
28900,"train"
28901,"validation"
28902,"train"
28903,"train"
28904,"train"
28905,"train"
28906,"test"
28907,"validation"
28908,"train"
28909,"train"
28910,"train"
28911,"test"
28912,"validation"
28913,"train"
28914,"test"
28915,"train"
28916,"train"
28917,"train"
28918,"train"
28919,"train"
28920,"test"
28921,"train"
28922,"validation"
28923,"validation"
28924,"train"
28925,"train"
28926,"validation"
28927,"test"
28928,"train"
28929,"train"
28930,"validation"
28931,"train"
28932,"test"
28933,"test"
28934,"test"
28935,"train"
28936,"train"
28937,"train"
28938,"train"
28939,"train"
28940,"train"
28941,"train"
28942,"train"
28943,"train"
28944,"test"
28945,"validation"
28946,"train"
28947,"train"
28948,"test"
28949,"train"
28950,"train"
28951,"train"
28952,"validation"
28953,"train"
28954,"train"
28955,"train"
28956,"train"
28957,"train"
28958,"train"
28959,"test"
28960,"test"
28961,"train"
28962,"train"
28963,"train"
28964,"validation"
28965,"train"
28966,"train"
28967,"test"
28968,"test"
28969,"train"
28970,"validation"
28971,"test"
28972,"train"
28973,"train"
28974,"test"
28975,"train"
28976,"test"
28977,"train"
28978,"train"
28979,"test"
28980,"test"
28981,"test"
28982,"train"
28983,"train"
28984,"test"
28985,"test"
28986,"train"
28987,"train"
28988,"test"
28989,"train"
28990,"train"
28991,"train"
28992,"validation"
28993,"train"
28994,"train"
28995,"validation"
28996,"train"
28997,"train"
28998,"validation"
28999,"test"
29000,"train"
29001,"test"
29002,"train"
29003,"train"
29004,"test"
29005,"test"
29006,"train"
29007,"test"
29008,"train"
29009,"test"
29010,"train"
29011,"train"
29012,"validation"
29013,"train"
29014,"train"
29015,"validation"
29016,"test"
29017,"test"
29018,"train"
29019,"train"
29020,"train"
29021,"train"
29022,"validation"
29023,"train"
29024,"test"
29025,"test"
29026,"train"
29027,"validation"
29028,"test"
29029,"train"
29030,"train"
29031,"train"
29032,"validation"
29033,"train"
29034,"train"
29035,"train"
29036,"test"
29037,"train"
29038,"validation"
29039,"train"
29040,"train"
29041,"test"
29042,"validation"
29043,"test"
29044,"test"
29045,"train"
29046,"train"
29047,"train"
29048,"train"
29049,"train"
29050,"train"
29051,"test"
29052,"train"
29053,"validation"
29054,"train"
29055,"test"
29056,"train"
29057,"train"
29058,"train"
29059,"train"
29060,"train"
29061,"validation"
29062,"test"
29063,"train"
29064,"validation"
29065,"train"
29066,"train"
29067,"train"
29068,"validation"
29069,"validation"
29070,"test"
29071,"validation"
29072,"train"
29073,"test"
29074,"train"
29075,"validation"
29076,"train"
29077,"test"
29078,"train"
29079,"validation"
29080,"validation"
29081,"train"
29082,"train"
29083,"test"
29084,"train"
29085,"test"
29086,"train"
29087,"validation"
29088,"train"
29089,"train"
29090,"test"
29091,"train"
29092,"train"
29093,"train"
29094,"test"
29095,"train"
29096,"train"
29097,"validation"
29098,"test"
29099,"test"
29100,"train"
29101,"test"
29102,"train"
29103,"test"
29104,"train"
29105,"train"
29106,"train"
29107,"train"
29108,"train"
29109,"test"
29110,"train"
29111,"validation"
29112,"test"
29113,"train"
29114,"test"
29115,"test"
29116,"test"
29117,"train"
29118,"train"
29119,"train"
29120,"train"
29121,"train"
29122,"train"
29123,"validation"
29124,"train"
29125,"validation"
29126,"train"
29127,"test"
29128,"validation"
29129,"train"
29130,"train"
29131,"train"
29132,"train"
29133,"validation"
29134,"test"
29135,"train"
29136,"test"
29137,"test"
29138,"train"
29139,"train"
29140,"train"
29141,"validation"
29142,"train"
29143,"train"
29144,"train"
29145,"test"
29146,"train"
29147,"test"
29148,"validation"
29149,"test"
29150,"validation"
29151,"validation"
29152,"train"
29153,"validation"
29154,"train"
29155,"train"
29156,"test"
29157,"train"
29158,"validation"
29159,"train"
29160,"test"
29161,"test"
29162,"train"
29163,"validation"
29164,"test"
29165,"test"
29166,"train"
29167,"train"
29168,"train"
29169,"train"
29170,"train"
29171,"validation"
29172,"train"
29173,"validation"
29174,"train"
29175,"test"
29176,"test"
29177,"train"
29178,"train"
29179,"test"
29180,"train"
29181,"train"
29182,"train"
29183,"train"
29184,"test"
29185,"train"
29186,"train"
29187,"validation"
29188,"train"
29189,"train"
29190,"train"
29191,"train"
29192,"train"
29193,"train"
29194,"test"
29195,"train"
29196,"train"
29197,"train"
29198,"train"
29199,"train"
29200,"test"
29201,"validation"
29202,"train"
29203,"test"
29204,"test"
29205,"validation"
29206,"validation"
29207,"test"
29208,"train"
29209,"validation"
29210,"train"
29211,"test"
29212,"validation"
29213,"train"
29214,"train"
29215,"train"
29216,"train"
29217,"validation"
29218,"test"
29219,"train"
29220,"test"
29221,"validation"
29222,"train"
29223,"train"
29224,"test"
29225,"train"
29226,"test"
29227,"train"
29228,"test"
29229,"test"
29230,"validation"
29231,"train"
29232,"train"
29233,"validation"
29234,"train"
29235,"validation"
29236,"train"
29237,"test"
29238,"validation"
29239,"train"
29240,"train"
29241,"train"
29242,"validation"
29243,"validation"
29244,"train"
29245,"test"
29246,"train"
29247,"validation"
29248,"train"
29249,"train"
29250,"test"
29251,"train"
29252,"train"
29253,"train"
29254,"train"
29255,"train"
29256,"train"
29257,"validation"
29258,"validation"
29259,"test"
29260,"train"
29261,"train"
29262,"train"
29263,"train"
29264,"validation"
29265,"test"
29266,"test"
29267,"train"
29268,"test"
29269,"test"
29270,"validation"
29271,"train"
29272,"test"
29273,"train"
29274,"train"
29275,"validation"
29276,"test"
29277,"train"
29278,"validation"
29279,"test"
29280,"test"
29281,"train"
29282,"test"
29283,"validation"
29284,"validation"
29285,"train"
29286,"train"
29287,"test"
29288,"validation"
29289,"validation"
29290,"train"
29291,"train"
29292,"train"
29293,"validation"
29294,"train"
29295,"train"
29296,"train"
29297,"train"
29298,"validation"
29299,"train"
29300,"test"
29301,"validation"
29302,"test"
29303,"train"
29304,"test"
29305,"test"
29306,"train"
29307,"train"
29308,"test"
29309,"test"
29310,"validation"
29311,"train"
29312,"train"
29313,"train"
29314,"validation"
29315,"train"
29316,"test"
29317,"test"
29318,"train"
29319,"train"
29320,"test"
29321,"train"
29322,"train"
29323,"train"
29324,"test"
29325,"train"
29326,"train"
29327,"train"
29328,"validation"
29329,"validation"
29330,"train"
29331,"train"
29332,"train"
29333,"train"
29334,"train"
29335,"validation"
29336,"train"
29337,"test"
29338,"train"
29339,"train"
29340,"train"
29341,"test"
29342,"train"
29343,"train"
29344,"train"
29345,"train"
29346,"train"
29347,"test"
29348,"train"
29349,"train"
29350,"train"
29351,"train"
29352,"train"
29353,"validation"
29354,"train"
29355,"train"
29356,"train"
29357,"train"
29358,"train"
29359,"test"
29360,"test"
29361,"train"
29362,"validation"
29363,"test"
29364,"train"
29365,"train"
29366,"test"
29367,"train"
29368,"train"
29369,"validation"
29370,"train"
29371,"train"
29372,"train"
29373,"train"
29374,"train"
29375,"train"
29376,"test"
29377,"test"
29378,"test"
29379,"train"
29380,"train"
29381,"test"
29382,"validation"
29383,"train"
29384,"train"
29385,"train"
29386,"train"
29387,"train"
29388,"train"
29389,"train"
29390,"train"
29391,"train"
29392,"train"
29393,"train"
29394,"train"
29395,"validation"
29396,"test"
29397,"test"
29398,"train"
29399,"train"
29400,"train"
29401,"train"
29402,"train"
29403,"validation"
29404,"train"
29405,"train"
29406,"train"
29407,"test"
29408,"train"
29409,"test"
29410,"validation"
29411,"test"
29412,"test"
29413,"test"
29414,"test"
29415,"validation"
29416,"validation"
29417,"validation"
29418,"test"
29419,"test"
29420,"train"
29421,"train"
29422,"train"
29423,"validation"
29424,"validation"
29425,"validation"
29426,"test"
29427,"train"
29428,"train"
29429,"train"
29430,"train"
29431,"train"
29432,"train"
29433,"validation"
29434,"train"
29435,"train"
29436,"test"
29437,"train"
29438,"test"
29439,"train"
29440,"test"
29441,"train"
29442,"train"
29443,"train"
29444,"train"
29445,"test"
29446,"validation"
29447,"train"
29448,"validation"
29449,"train"
29450,"train"
29451,"test"
29452,"test"
29453,"train"
29454,"test"
29455,"train"
29456,"train"
29457,"validation"
29458,"test"
29459,"validation"
29460,"validation"
29461,"train"
29462,"train"
29463,"train"
29464,"train"
29465,"train"
29466,"test"
29467,"train"
29468,"train"
29469,"train"
29470,"train"
29471,"train"
29472,"train"
29473,"test"
29474,"validation"
29475,"test"
29476,"train"
29477,"test"
29478,"test"
29479,"train"
29480,"train"
29481,"train"
29482,"train"
29483,"train"
29484,"train"
29485,"train"
29486,"train"
29487,"train"
29488,"train"
29489,"test"
29490,"test"
29491,"train"
29492,"validation"
29493,"train"
29494,"train"
29495,"test"
29496,"train"
29497,"test"
29498,"train"
29499,"test"
29500,"train"
29501,"validation"
29502,"train"
29503,"test"
29504,"train"
29505,"train"
29506,"train"
29507,"validation"
29508,"train"
29509,"train"
29510,"train"
29511,"train"
29512,"validation"
29513,"train"
29514,"validation"
29515,"test"
29516,"test"
29517,"train"
29518,"train"
29519,"train"
29520,"validation"
29521,"train"
29522,"train"
29523,"validation"
29524,"train"
29525,"train"
29526,"test"
29527,"validation"
29528,"train"
29529,"validation"
29530,"train"
29531,"train"
29532,"validation"
29533,"train"
29534,"train"
29535,"validation"
29536,"train"
29537,"validation"
29538,"test"
29539,"validation"
29540,"test"
29541,"train"
29542,"train"
29543,"train"
29544,"train"
29545,"validation"
29546,"test"
29547,"validation"
29548,"train"
29549,"train"
29550,"validation"
29551,"train"
29552,"train"
29553,"validation"
29554,"validation"
29555,"train"
29556,"test"
29557,"train"
29558,"train"
29559,"train"
29560,"train"
29561,"train"
29562,"test"
29563,"train"
29564,"validation"
29565,"train"
29566,"test"
29567,"validation"
29568,"train"
29569,"train"
29570,"train"
29571,"train"
29572,"train"
29573,"train"
29574,"validation"
29575,"train"
29576,"train"
29577,"train"
29578,"train"
29579,"train"
29580,"train"
29581,"train"
29582,"train"
29583,"validation"
29584,"train"
29585,"train"
29586,"test"
29587,"validation"
29588,"train"
29589,"train"
29590,"train"
29591,"validation"
29592,"train"
29593,"train"
29594,"train"
29595,"validation"
29596,"train"
29597,"test"
29598,"test"
29599,"validation"
29600,"test"
29601,"train"
29602,"test"
29603,"train"
29604,"test"
29605,"train"
29606,"train"
29607,"validation"
29608,"train"
29609,"validation"
29610,"test"
29611,"test"
29612,"test"
29613,"test"
29614,"train"
29615,"train"
29616,"validation"
29617,"train"
29618,"train"
29619,"train"
29620,"validation"
29621,"train"
29622,"train"
29623,"train"
29624,"train"
29625,"train"
29626,"train"
29627,"train"
29628,"train"
29629,"test"
29630,"train"
29631,"train"
29632,"test"
29633,"train"
29634,"validation"
29635,"train"
29636,"train"
29637,"test"
29638,"train"
29639,"train"
29640,"test"
29641,"train"
29642,"train"
29643,"validation"
29644,"validation"
29645,"validation"
29646,"train"
29647,"train"
29648,"validation"
29649,"test"
29650,"train"
29651,"validation"
29652,"validation"
29653,"train"
29654,"test"
29655,"train"
29656,"train"
29657,"train"
29658,"test"
29659,"train"
29660,"validation"
29661,"validation"
29662,"validation"
29663,"train"
29664,"validation"
29665,"train"
29666,"train"
29667,"train"
29668,"train"
29669,"test"
29670,"test"
29671,"train"
29672,"test"
29673,"train"
29674,"train"
29675,"train"
29676,"train"
29677,"train"
29678,"train"
29679,"validation"
29680,"validation"
29681,"validation"
29682,"train"
29683,"validation"
29684,"test"
29685,"validation"
29686,"test"
29687,"train"
29688,"train"
29689,"train"
29690,"validation"
29691,"validation"
29692,"train"
29693,"train"
29694,"train"
29695,"train"
29696,"train"
29697,"train"
29698,"validation"
29699,"train"
29700,"train"
29701,"train"
29702,"train"
29703,"train"
29704,"train"
29705,"validation"
29706,"train"
29707,"validation"
29708,"test"
29709,"train"
29710,"train"
29711,"test"
29712,"train"
29713,"test"
29714,"validation"
29715,"validation"
29716,"validation"
29717,"train"
29718,"train"
29719,"validation"
29720,"train"
29721,"train"
29722,"train"
29723,"validation"
29724,"validation"
29725,"test"
29726,"train"
29727,"validation"
29728,"train"
29729,"test"
29730,"train"
29731,"train"
29732,"train"
29733,"train"
29734,"train"
29735,"test"
29736,"validation"
29737,"train"
29738,"test"
29739,"train"
29740,"train"
29741,"test"
29742,"validation"
29743,"train"
29744,"test"
29745,"validation"
29746,"train"
29747,"train"
29748,"train"
29749,"train"
29750,"train"
29751,"test"
29752,"train"
29753,"test"
29754,"train"
29755,"train"
29756,"test"
29757,"train"
29758,"train"
29759,"validation"
29760,"validation"
29761,"validation"
29762,"train"
29763,"test"
29764,"train"
29765,"train"
29766,"validation"
29767,"train"
29768,"train"
29769,"train"
29770,"train"
29771,"train"
29772,"train"
29773,"test"
29774,"validation"
29775,"train"
29776,"validation"
29777,"train"
29778,"train"
29779,"train"
29780,"test"
29781,"train"
29782,"train"
29783,"train"
29784,"train"
29785,"test"
29786,"validation"
29787,"test"
29788,"train"
29789,"train"
29790,"validation"
29791,"train"
29792,"validation"
29793,"train"
29794,"validation"
29795,"train"
29796,"test"
29797,"test"
29798,"train"
29799,"train"
29800,"test"
29801,"test"
29802,"train"
29803,"test"
29804,"train"
29805,"validation"
29806,"train"
29807,"train"
29808,"validation"
29809,"train"
29810,"train"
29811,"test"
29812,"train"
29813,"test"
29814,"train"
29815,"train"
29816,"train"
29817,"validation"
29818,"train"
29819,"test"
29820,"train"
29821,"test"
29822,"train"
29823,"train"
29824,"validation"
29825,"validation"
29826,"validation"
29827,"train"
29828,"test"
29829,"test"
29830,"train"
29831,"test"
29832,"validation"
29833,"train"
29834,"test"
29835,"validation"
29836,"train"
29837,"train"
29838,"train"
29839,"train"
29840,"train"
29841,"train"
29842,"train"
29843,"train"
29844,"train"
29845,"train"
29846,"train"
29847,"train"
29848,"validation"
29849,"test"
29850,"train"
29851,"train"
29852,"validation"
29853,"validation"
29854,"train"
29855,"test"
29856,"train"
29857,"train"
29858,"train"
29859,"train"
29860,"validation"
29861,"train"
29862,"test"
29863,"train"
29864,"train"
29865,"train"
29866,"train"
29867,"train"
29868,"train"
29869,"validation"
29870,"validation"
29871,"train"
29872,"test"
29873,"train"
29874,"train"
29875,"train"
29876,"train"
29877,"train"
29878,"validation"
29879,"train"
29880,"train"
29881,"test"
29882,"train"
29883,"train"
29884,"train"
29885,"validation"
29886,"train"
29887,"train"
29888,"validation"
29889,"train"
29890,"test"
29891,"train"
29892,"validation"
29893,"validation"
29894,"test"
29895,"validation"
29896,"validation"
29897,"validation"
29898,"train"
29899,"train"
29900,"test"
29901,"train"
29902,"test"
29903,"train"
29904,"train"
29905,"train"
29906,"validation"
29907,"validation"
29908,"train"
29909,"train"
29910,"validation"
29911,"train"
29912,"train"
29913,"validation"
29914,"train"
29915,"validation"
29916,"test"
29917,"train"
29918,"test"
29919,"train"
29920,"train"
29921,"train"
29922,"train"
29923,"validation"
29924,"test"
29925,"train"
29926,"train"
29927,"test"
29928,"validation"
29929,"validation"
29930,"validation"
29931,"test"
29932,"train"
29933,"train"
29934,"test"
29935,"train"
29936,"train"
29937,"test"
29938,"validation"
29939,"train"
29940,"test"
29941,"validation"
29942,"validation"
29943,"train"
29944,"train"
29945,"train"
29946,"test"
29947,"test"
29948,"test"
29949,"train"
29950,"validation"
29951,"train"
29952,"train"
29953,"validation"
29954,"train"
29955,"train"
29956,"validation"
29957,"train"
29958,"train"
29959,"train"
29960,"validation"
29961,"train"
29962,"train"
29963,"validation"
29964,"train"
29965,"train"
29966,"validation"
29967,"train"
29968,"test"
29969,"test"
29970,"train"
29971,"train"
29972,"train"
29973,"train"
29974,"test"
29975,"train"
29976,"test"
29977,"test"
29978,"validation"
29979,"train"
29980,"train"
29981,"test"
29982,"train"
29983,"train"
29984,"validation"
29985,"train"
29986,"train"
29987,"train"
29988,"train"
29989,"train"
29990,"validation"
29991,"test"
29992,"train"
29993,"test"
29994,"validation"
29995,"test"
29996,"test"
29997,"validation"
29998,"test"
29999,"train"
30000,"test"
